Loading required package: Matrix
Loaded glmnet 4.1-8
Loaded lars 1.3

Estimating optimal shrinkage intensity lambda.var (variance vector): 1 

Estimating optimal shrinkage intensity lambda (correlation matrix): 0.9995 

[1] "Round 2"
Estimating optimal shrinkage intensity lambda.var (variance vector): 0.9726 

Estimating optimal shrinkage intensity lambda (correlation matrix): 1 

Estimating optimal shrinkage intensity lambda.var (variance vector): 0.8014 

Estimating optimal shrinkage intensity lambda (correlation matrix): 0.9712 

[1] "Round 4"
Estimating optimal shrinkage intensity lambda.var (variance vector): 1 

Estimating optimal shrinkage intensity lambda (correlation matrix): 1 

Estimating optimal shrinkage intensity lambda.var (variance vector): 1 

Estimating optimal shrinkage intensity lambda (correlation matrix): 0.9991 

[1] "Round 6"
Estimating optimal shrinkage intensity lambda.var (variance vector): 1 

Estimating optimal shrinkage intensity lambda (correlation matrix): 0.9598 

Estimating optimal shrinkage intensity lambda.var (variance vector): 1 

Estimating optimal shrinkage intensity lambda (correlation matrix): 1 

[1] "Round 8"
Estimating optimal shrinkage intensity lambda.var (variance vector): 1 

Estimating optimal shrinkage intensity lambda (correlation matrix): 0.9745 

Estimating optimal shrinkage intensity lambda.var (variance vector): 1 

Estimating optimal shrinkage intensity lambda (correlation matrix): 0.9952 

[1] "Round 10"
Estimating optimal shrinkage intensity lambda.var (variance vector): 0.9966 

Estimating optimal shrinkage intensity lambda (correlation matrix): 0.9718 

Estimating optimal shrinkage intensity lambda.var (variance vector): 1 

Estimating optimal shrinkage intensity lambda (correlation matrix): 1 

[1] "Round 12"
Estimating optimal shrinkage intensity lambda.var (variance vector): 1 

Estimating optimal shrinkage intensity lambda (correlation matrix): 1 

Estimating optimal shrinkage intensity lambda.var (variance vector): 0.9675 

Estimating optimal shrinkage intensity lambda (correlation matrix): 0.9849 

[1] "Round 14"
Estimating optimal shrinkage intensity lambda.var (variance vector): 0.883 

Estimating optimal shrinkage intensity lambda (correlation matrix): 0.989 

Estimating optimal shrinkage intensity lambda.var (variance vector): 0.8151 

Estimating optimal shrinkage intensity lambda (correlation matrix): 0.9924 

[1] "Round 16"
Estimating optimal shrinkage intensity lambda.var (variance vector): 0.9903 

Estimating optimal shrinkage intensity lambda (correlation matrix): 0.9937 

Estimating optimal shrinkage intensity lambda.var (variance vector): 0.9357 

Estimating optimal shrinkage intensity lambda (correlation matrix): 0.9863 

[1] "Round 18"
Estimating optimal shrinkage intensity lambda.var (variance vector): 1 

Estimating optimal shrinkage intensity lambda (correlation matrix): 0.974 

Estimating optimal shrinkage intensity lambda.var (variance vector): 0.9484 

Estimating optimal shrinkage intensity lambda (correlation matrix): 0.9785 

[1] "Round 20"
Estimating optimal shrinkage intensity lambda.var (variance vector): 0.9275 

Estimating optimal shrinkage intensity lambda (correlation matrix): 0.9965 

Estimating optimal shrinkage intensity lambda.var (variance vector): 1 

Estimating optimal shrinkage intensity lambda (correlation matrix): 1 

[1] "Round 22"
Estimating optimal shrinkage intensity lambda.var (variance vector): 1 

Estimating optimal shrinkage intensity lambda (correlation matrix): 0.9602 

Estimating optimal shrinkage intensity lambda.var (variance vector): 1 

Estimating optimal shrinkage intensity lambda (correlation matrix): 0.9689 

[1] "Round 24"
Estimating optimal shrinkage intensity lambda.var (variance vector): 1 

Estimating optimal shrinkage intensity lambda (correlation matrix): 1 

Estimating optimal shrinkage intensity lambda.var (variance vector): 0.7056 

Estimating optimal shrinkage intensity lambda (correlation matrix): 0.9946 

[1] "Round 26"
Estimating optimal shrinkage intensity lambda.var (variance vector): 0.7723 

Estimating optimal shrinkage intensity lambda (correlation matrix): 0.9932 

Estimating optimal shrinkage intensity lambda.var (variance vector): 0.9411 

Estimating optimal shrinkage intensity lambda (correlation matrix): 1 

[1] "Round 28"
Estimating optimal shrinkage intensity lambda.var (variance vector): 0.8255 

Estimating optimal shrinkage intensity lambda (correlation matrix): 0.9952 

Estimating optimal shrinkage intensity lambda.var (variance vector): 1 

Estimating optimal shrinkage intensity lambda (correlation matrix): 0.9504 

[1] "Round 30"
Estimating optimal shrinkage intensity lambda.var (variance vector): 0.9458 

Estimating optimal shrinkage intensity lambda (correlation matrix): 1 

Estimating optimal shrinkage intensity lambda.var (variance vector): 1 

Estimating optimal shrinkage intensity lambda (correlation matrix): 0.9773 

[1] "Round 32"
Estimating optimal shrinkage intensity lambda.var (variance vector): 1 

Estimating optimal shrinkage intensity lambda (correlation matrix): 0.9645 

Estimating optimal shrinkage intensity lambda.var (variance vector): 0.8432 

Estimating optimal shrinkage intensity lambda (correlation matrix): 1 

[1] "Round 34"
Estimating optimal shrinkage intensity lambda.var (variance vector): 1 

Estimating optimal shrinkage intensity lambda (correlation matrix): 0.997 

Estimating optimal shrinkage intensity lambda.var (variance vector): 0.8271 

Estimating optimal shrinkage intensity lambda (correlation matrix): 1 

[1] "Round 36"
Estimating optimal shrinkage intensity lambda.var (variance vector): 0.8762 

Estimating optimal shrinkage intensity lambda (correlation matrix): 0.9979 

Estimating optimal shrinkage intensity lambda.var (variance vector): 0.9835 

Estimating optimal shrinkage intensity lambda (correlation matrix): 1 

[1] "Round 38"
Estimating optimal shrinkage intensity lambda.var (variance vector): 1 

Estimating optimal shrinkage intensity lambda (correlation matrix): 0.9783 

Estimating optimal shrinkage intensity lambda.var (variance vector): 1 

Estimating optimal shrinkage intensity lambda (correlation matrix): 0.979 

[1] "Round 40"
Estimating optimal shrinkage intensity lambda.var (variance vector): 1 

Estimating optimal shrinkage intensity lambda (correlation matrix): 0.9721 

Estimating optimal shrinkage intensity lambda.var (variance vector): 0.8372 

Estimating optimal shrinkage intensity lambda (correlation matrix): 0.9661 

[1] "Round 42"
Estimating optimal shrinkage intensity lambda.var (variance vector): 1 

Estimating optimal shrinkage intensity lambda (correlation matrix): 0.9877 

Estimating optimal shrinkage intensity lambda.var (variance vector): 1 

Estimating optimal shrinkage intensity lambda (correlation matrix): 0.9946 

[1] "Round 44"
Estimating optimal shrinkage intensity lambda.var (variance vector): 1 

Estimating optimal shrinkage intensity lambda (correlation matrix): 1 

Estimating optimal shrinkage intensity lambda.var (variance vector): 0.9482 

Estimating optimal shrinkage intensity lambda (correlation matrix): 1 

[1] "Round 46"
Estimating optimal shrinkage intensity lambda.var (variance vector): 1 

Estimating optimal shrinkage intensity lambda (correlation matrix): 0.9784 

Estimating optimal shrinkage intensity lambda.var (variance vector): 0.8871 

Estimating optimal shrinkage intensity lambda (correlation matrix): 1 

[1] "Round 48"
Estimating optimal shrinkage intensity lambda.var (variance vector): 1 

Estimating optimal shrinkage intensity lambda (correlation matrix): 0.9607 

Estimating optimal shrinkage intensity lambda.var (variance vector): 0.8192 

Estimating optimal shrinkage intensity lambda (correlation matrix): 0.9815 

[1] "Round 50"
Estimating optimal shrinkage intensity lambda.var (variance vector): 0.8789 

Estimating optimal shrinkage intensity lambda (correlation matrix): 0.9862 

Estimating optimal shrinkage intensity lambda.var (variance vector): 0.945 

Estimating optimal shrinkage intensity lambda (correlation matrix): 0.9765 

[1] "Round 52"
Estimating optimal shrinkage intensity lambda.var (variance vector): 1 

Estimating optimal shrinkage intensity lambda (correlation matrix): 0.9976 

Estimating optimal shrinkage intensity lambda.var (variance vector): 0.7905 

Estimating optimal shrinkage intensity lambda (correlation matrix): 0.998 

[1] "Round 54"
Estimating optimal shrinkage intensity lambda.var (variance vector): 0.8917 

Estimating optimal shrinkage intensity lambda (correlation matrix): 1 

Estimating optimal shrinkage intensity lambda.var (variance vector): 0.8952 

Estimating optimal shrinkage intensity lambda (correlation matrix): 1 

[1] "Round 56"
Estimating optimal shrinkage intensity lambda.var (variance vector): 1 

Estimating optimal shrinkage intensity lambda (correlation matrix): 0.9602 

Estimating optimal shrinkage intensity lambda.var (variance vector): 0.9542 

Estimating optimal shrinkage intensity lambda (correlation matrix): 0.9874 

[1] "Round 58"
Estimating optimal shrinkage intensity lambda.var (variance vector): 0.9019 

Estimating optimal shrinkage intensity lambda (correlation matrix): 0.9905 

Estimating optimal shrinkage intensity lambda.var (variance vector): 1 

Estimating optimal shrinkage intensity lambda (correlation matrix): 0.9995 

[1] "Round 60"
Estimating optimal shrinkage intensity lambda.var (variance vector): 1 

Estimating optimal shrinkage intensity lambda (correlation matrix): 0.9895 

Estimating optimal shrinkage intensity lambda.var (variance vector): 1 

Estimating optimal shrinkage intensity lambda (correlation matrix): 0.9851 

[1] "Round 62"
Estimating optimal shrinkage intensity lambda.var (variance vector): 1 

Estimating optimal shrinkage intensity lambda (correlation matrix): 0.9926 

Estimating optimal shrinkage intensity lambda.var (variance vector): 0.8645 

Estimating optimal shrinkage intensity lambda (correlation matrix): 0.9865 

[1] "Round 64"
Estimating optimal shrinkage intensity lambda.var (variance vector): 1 

Estimating optimal shrinkage intensity lambda (correlation matrix): 0.9872 

Estimating optimal shrinkage intensity lambda.var (variance vector): 1 

Estimating optimal shrinkage intensity lambda (correlation matrix): 0.9885 

[1] "Round 66"
Estimating optimal shrinkage intensity lambda.var (variance vector): 0.9145 

Estimating optimal shrinkage intensity lambda (correlation matrix): 0.9997 

Estimating optimal shrinkage intensity lambda.var (variance vector): 1 

Estimating optimal shrinkage intensity lambda (correlation matrix): 0.977 

[1] "Round 68"
Estimating optimal shrinkage intensity lambda.var (variance vector): 0.8769 

Estimating optimal shrinkage intensity lambda (correlation matrix): 0.9894 

Estimating optimal shrinkage intensity lambda.var (variance vector): 0.7979 

Estimating optimal shrinkage intensity lambda (correlation matrix): 0.9546 

[1] "Round 70"
Estimating optimal shrinkage intensity lambda.var (variance vector): 1 

Estimating optimal shrinkage intensity lambda (correlation matrix): 0.9725 

Estimating optimal shrinkage intensity lambda.var (variance vector): 1 

Estimating optimal shrinkage intensity lambda (correlation matrix): 0.9614 

[1] "Round 72"
Estimating optimal shrinkage intensity lambda.var (variance vector): 0.842 

Estimating optimal shrinkage intensity lambda (correlation matrix): 0.9794 

Estimating optimal shrinkage intensity lambda.var (variance vector): 1 

Estimating optimal shrinkage intensity lambda (correlation matrix): 0.9984 

[1] "Round 74"
Estimating optimal shrinkage intensity lambda.var (variance vector): 0.8917 

Estimating optimal shrinkage intensity lambda (correlation matrix): 0.9766 

Estimating optimal shrinkage intensity lambda.var (variance vector): 1 

Estimating optimal shrinkage intensity lambda (correlation matrix): 0.989 

[1] "Round 76"
Estimating optimal shrinkage intensity lambda.var (variance vector): 0.9613 

Estimating optimal shrinkage intensity lambda (correlation matrix): 0.991 

Estimating optimal shrinkage intensity lambda.var (variance vector): 1 

Estimating optimal shrinkage intensity lambda (correlation matrix): 0.9997 

[1] "Round 78"
Estimating optimal shrinkage intensity lambda.var (variance vector): 0.9771 

Estimating optimal shrinkage intensity lambda (correlation matrix): 0.9716 

Estimating optimal shrinkage intensity lambda.var (variance vector): 0.7829 

Estimating optimal shrinkage intensity lambda (correlation matrix): 0.9776 

[1] "Round 80"
Estimating optimal shrinkage intensity lambda.var (variance vector): 1 

Estimating optimal shrinkage intensity lambda (correlation matrix): 1 

Estimating optimal shrinkage intensity lambda.var (variance vector): 1 

Estimating optimal shrinkage intensity lambda (correlation matrix): 0.974 

[1] "Round 82"
Estimating optimal shrinkage intensity lambda.var (variance vector): 0.9575 

Estimating optimal shrinkage intensity lambda (correlation matrix): 0.9666 

Estimating optimal shrinkage intensity lambda.var (variance vector): 1 

Estimating optimal shrinkage intensity lambda (correlation matrix): 0.9813 

[1] "Round 84"
Estimating optimal shrinkage intensity lambda.var (variance vector): 1 

Estimating optimal shrinkage intensity lambda (correlation matrix): 0.959 

Estimating optimal shrinkage intensity lambda.var (variance vector): 1 

Estimating optimal shrinkage intensity lambda (correlation matrix): 0.9628 

[1] "Round 86"
Estimating optimal shrinkage intensity lambda.var (variance vector): 1 

Estimating optimal shrinkage intensity lambda (correlation matrix): 0.9695 

Estimating optimal shrinkage intensity lambda.var (variance vector): 1 

Estimating optimal shrinkage intensity lambda (correlation matrix): 0.9899 

[1] "Round 88"
Estimating optimal shrinkage intensity lambda.var (variance vector): 0.9113 

Estimating optimal shrinkage intensity lambda (correlation matrix): 1 

Estimating optimal shrinkage intensity lambda.var (variance vector): 1 

Estimating optimal shrinkage intensity lambda (correlation matrix): 0.9672 

[1] "Round 90"
Estimating optimal shrinkage intensity lambda.var (variance vector): 0.8667 

Estimating optimal shrinkage intensity lambda (correlation matrix): 0.9804 

Estimating optimal shrinkage intensity lambda.var (variance vector): 1 

Estimating optimal shrinkage intensity lambda (correlation matrix): 0.9971 

[1] "Round 92"
Estimating optimal shrinkage intensity lambda.var (variance vector): 0.8047 

Estimating optimal shrinkage intensity lambda (correlation matrix): 0.9763 

Estimating optimal shrinkage intensity lambda.var (variance vector): 1 

Estimating optimal shrinkage intensity lambda (correlation matrix): 0.9869 

[1] "Round 94"
Estimating optimal shrinkage intensity lambda.var (variance vector): 0.9067 

Estimating optimal shrinkage intensity lambda (correlation matrix): 0.9723 

Estimating optimal shrinkage intensity lambda.var (variance vector): 0.8435 

Estimating optimal shrinkage intensity lambda (correlation matrix): 0.9892 

[1] "Round 96"
Estimating optimal shrinkage intensity lambda.var (variance vector): 0.981 

Estimating optimal shrinkage intensity lambda (correlation matrix): 1 

Estimating optimal shrinkage intensity lambda.var (variance vector): 0.9798 

Estimating optimal shrinkage intensity lambda (correlation matrix): 0.9771 

[1] "Round 98"
Estimating optimal shrinkage intensity lambda.var (variance vector): 0.9166 

Estimating optimal shrinkage intensity lambda (correlation matrix): 0.9966 

Estimating optimal shrinkage intensity lambda.var (variance vector): 1 

Estimating optimal shrinkage intensity lambda (correlation matrix): 0.9693 

[1] "Round 100"
Estimating optimal shrinkage intensity lambda.var (variance vector): 0.759 

Estimating optimal shrinkage intensity lambda (correlation matrix): 0.952 

[1] "data/Debi+dirichlet_n100_p100_tau0.5_rho0.5_sigma0.5_Nsim100"
                        lambda          SE         PE        linf        FPR
bootstrap_mean     0.117708504 0.059096709 2.49213993 0.076422903 0.36627660
bootstrap_mean_std 0.003168111 0.001124022 0.05697178 0.001524533 0.01084081
                   FNR TPR      sum_beta
bootstrap_mean       0   1 -1.496707e-19
bootstrap_mean_std   0   0  1.352686e-19
Time difference of 53.40404 secs
Estimating optimal shrinkage intensity lambda.var (variance vector): 1 

Estimating optimal shrinkage intensity lambda (correlation matrix): 0.9276 

[1] "Round 2"
Estimating optimal shrinkage intensity lambda.var (variance vector): 0.9699 

Estimating optimal shrinkage intensity lambda (correlation matrix): 0.9219 

Estimating optimal shrinkage intensity lambda.var (variance vector): 0.7658 

Estimating optimal shrinkage intensity lambda (correlation matrix): 0.9115 

[1] "Round 4"
Estimating optimal shrinkage intensity lambda.var (variance vector): 0.9727 

Estimating optimal shrinkage intensity lambda (correlation matrix): 0.9403 

Estimating optimal shrinkage intensity lambda.var (variance vector): 1 

Estimating optimal shrinkage intensity lambda (correlation matrix): 0.9397 

[1] "Round 6"
Estimating optimal shrinkage intensity lambda.var (variance vector): 1 

Estimating optimal shrinkage intensity lambda (correlation matrix): 0.8955 

Estimating optimal shrinkage intensity lambda.var (variance vector): 1 

Estimating optimal shrinkage intensity lambda (correlation matrix): 0.9137 

[1] "Round 8"
Estimating optimal shrinkage intensity lambda.var (variance vector): 1 

Estimating optimal shrinkage intensity lambda (correlation matrix): 0.8997 

Estimating optimal shrinkage intensity lambda.var (variance vector): 1 

Estimating optimal shrinkage intensity lambda (correlation matrix): 0.9547 

[1] "Round 10"
Estimating optimal shrinkage intensity lambda.var (variance vector): 0.9388 

Estimating optimal shrinkage intensity lambda (correlation matrix): 0.9347 

Estimating optimal shrinkage intensity lambda.var (variance vector): 1 

Estimating optimal shrinkage intensity lambda (correlation matrix): 1 

[1] "Round 12"
Estimating optimal shrinkage intensity lambda.var (variance vector): 1 

Estimating optimal shrinkage intensity lambda (correlation matrix): 0.9456 

Estimating optimal shrinkage intensity lambda.var (variance vector): 1 

Estimating optimal shrinkage intensity lambda (correlation matrix): 0.8621 

[1] "Round 14"
Estimating optimal shrinkage intensity lambda.var (variance vector): 0.8863 

Estimating optimal shrinkage intensity lambda (correlation matrix): 0.9156 

Estimating optimal shrinkage intensity lambda.var (variance vector): 0.821 

Estimating optimal shrinkage intensity lambda (correlation matrix): 0.9573 

[1] "Round 16"
Estimating optimal shrinkage intensity lambda.var (variance vector): 0.9367 

Estimating optimal shrinkage intensity lambda (correlation matrix): 0.9251 

Estimating optimal shrinkage intensity lambda.var (variance vector): 0.9726 

Estimating optimal shrinkage intensity lambda (correlation matrix): 0.9498 

[1] "Round 18"
Estimating optimal shrinkage intensity lambda.var (variance vector): 1 

Estimating optimal shrinkage intensity lambda (correlation matrix): 0.9296 

Estimating optimal shrinkage intensity lambda.var (variance vector): 0.9657 

Estimating optimal shrinkage intensity lambda (correlation matrix): 0.9188 

[1] "Round 20"
Estimating optimal shrinkage intensity lambda.var (variance vector): 0.9848 

Estimating optimal shrinkage intensity lambda (correlation matrix): 0.9107 

Estimating optimal shrinkage intensity lambda.var (variance vector): 1 

Estimating optimal shrinkage intensity lambda (correlation matrix): 0.9459 

[1] "Round 22"
Estimating optimal shrinkage intensity lambda.var (variance vector): 1 

Estimating optimal shrinkage intensity lambda (correlation matrix): 0.9266 

Estimating optimal shrinkage intensity lambda.var (variance vector): 1 

Estimating optimal shrinkage intensity lambda (correlation matrix): 0.8916 

[1] "Round 24"
Estimating optimal shrinkage intensity lambda.var (variance vector): 1 

Estimating optimal shrinkage intensity lambda (correlation matrix): 0.9576 

Estimating optimal shrinkage intensity lambda.var (variance vector): 0.7262 

Estimating optimal shrinkage intensity lambda (correlation matrix): 0.9442 

[1] "Round 26"
Estimating optimal shrinkage intensity lambda.var (variance vector): 0.8134 

Estimating optimal shrinkage intensity lambda (correlation matrix): 0.9206 

Estimating optimal shrinkage intensity lambda.var (variance vector): 0.8913 

Estimating optimal shrinkage intensity lambda (correlation matrix): 0.952 

[1] "Round 28"
Estimating optimal shrinkage intensity lambda.var (variance vector): 0.8284 

Estimating optimal shrinkage intensity lambda (correlation matrix): 0.9314 

Estimating optimal shrinkage intensity lambda.var (variance vector): 1 

Estimating optimal shrinkage intensity lambda (correlation matrix): 0.913 

[1] "Round 30"
Estimating optimal shrinkage intensity lambda.var (variance vector): 0.9141 

Estimating optimal shrinkage intensity lambda (correlation matrix): 0.9491 

Estimating optimal shrinkage intensity lambda.var (variance vector): 1 

Estimating optimal shrinkage intensity lambda (correlation matrix): 0.8248 

[1] "Round 32"
Estimating optimal shrinkage intensity lambda.var (variance vector): 1 

Estimating optimal shrinkage intensity lambda (correlation matrix): 0.9056 

Estimating optimal shrinkage intensity lambda.var (variance vector): 0.8643 

Estimating optimal shrinkage intensity lambda (correlation matrix): 0.9755 

[1] "Round 34"
Estimating optimal shrinkage intensity lambda.var (variance vector): 1 

Estimating optimal shrinkage intensity lambda (correlation matrix): 0.9542 

Estimating optimal shrinkage intensity lambda.var (variance vector): 0.8387 

Estimating optimal shrinkage intensity lambda (correlation matrix): 0.9732 

[1] "Round 36"
Estimating optimal shrinkage intensity lambda.var (variance vector): 0.8639 

Estimating optimal shrinkage intensity lambda (correlation matrix): 0.9563 

Estimating optimal shrinkage intensity lambda.var (variance vector): 1 

Estimating optimal shrinkage intensity lambda (correlation matrix): 0.9826 

[1] "Round 38"
Estimating optimal shrinkage intensity lambda.var (variance vector): 1 

Estimating optimal shrinkage intensity lambda (correlation matrix): 0.8812 

Estimating optimal shrinkage intensity lambda.var (variance vector): 1 

Estimating optimal shrinkage intensity lambda (correlation matrix): 0.9359 

[1] "Round 40"
Estimating optimal shrinkage intensity lambda.var (variance vector): 1 

Estimating optimal shrinkage intensity lambda (correlation matrix): 0.9473 

Estimating optimal shrinkage intensity lambda.var (variance vector): 0.8277 

Estimating optimal shrinkage intensity lambda (correlation matrix): 0.916 

[1] "Round 42"
Estimating optimal shrinkage intensity lambda.var (variance vector): 1 

Estimating optimal shrinkage intensity lambda (correlation matrix): 0.9213 

Estimating optimal shrinkage intensity lambda.var (variance vector): 1 

Estimating optimal shrinkage intensity lambda (correlation matrix): 0.9453 

[1] "Round 44"
Estimating optimal shrinkage intensity lambda.var (variance vector): 1 

Estimating optimal shrinkage intensity lambda (correlation matrix): 0.9944 

Estimating optimal shrinkage intensity lambda.var (variance vector): 0.918 

Estimating optimal shrinkage intensity lambda (correlation matrix): 0.9653 

[1] "Round 46"
Estimating optimal shrinkage intensity lambda.var (variance vector): 1 

Estimating optimal shrinkage intensity lambda (correlation matrix): 0.886 

Estimating optimal shrinkage intensity lambda.var (variance vector): 0.9256 

Estimating optimal shrinkage intensity lambda (correlation matrix): 0.9272 

[1] "Round 48"
Estimating optimal shrinkage intensity lambda.var (variance vector): 1 

Estimating optimal shrinkage intensity lambda (correlation matrix): 0.8827 

Estimating optimal shrinkage intensity lambda.var (variance vector): 0.8073 

Estimating optimal shrinkage intensity lambda (correlation matrix): 0.9514 

[1] "Round 50"
Estimating optimal shrinkage intensity lambda.var (variance vector): 0.8623 

Estimating optimal shrinkage intensity lambda (correlation matrix): 0.9132 

Estimating optimal shrinkage intensity lambda.var (variance vector): 1 

Estimating optimal shrinkage intensity lambda (correlation matrix): 0.9177 

[1] "Round 52"
Estimating optimal shrinkage intensity lambda.var (variance vector): 1 

Estimating optimal shrinkage intensity lambda (correlation matrix): 0.8821 

Estimating optimal shrinkage intensity lambda.var (variance vector): 0.8412 

Estimating optimal shrinkage intensity lambda (correlation matrix): 0.9726 

[1] "Round 54"
Estimating optimal shrinkage intensity lambda.var (variance vector): 0.9219 

Estimating optimal shrinkage intensity lambda (correlation matrix): 0.9307 

Estimating optimal shrinkage intensity lambda.var (variance vector): 0.9179 

Estimating optimal shrinkage intensity lambda (correlation matrix): 0.891 

[1] "Round 56"
Estimating optimal shrinkage intensity lambda.var (variance vector): 1 

Estimating optimal shrinkage intensity lambda (correlation matrix): 0.8681 

Estimating optimal shrinkage intensity lambda.var (variance vector): 0.9613 

Estimating optimal shrinkage intensity lambda (correlation matrix): 0.9519 

[1] "Round 58"
Estimating optimal shrinkage intensity lambda.var (variance vector): 0.9596 

Estimating optimal shrinkage intensity lambda (correlation matrix): 0.9034 

Estimating optimal shrinkage intensity lambda.var (variance vector): 1 

Estimating optimal shrinkage intensity lambda (correlation matrix): 0.9362 

[1] "Round 60"
Estimating optimal shrinkage intensity lambda.var (variance vector): 1 

Estimating optimal shrinkage intensity lambda (correlation matrix): 0.926 

Estimating optimal shrinkage intensity lambda.var (variance vector): 1 

Estimating optimal shrinkage intensity lambda (correlation matrix): 0.926 

[1] "Round 62"
Estimating optimal shrinkage intensity lambda.var (variance vector): 1 

Estimating optimal shrinkage intensity lambda (correlation matrix): 0.9057 

Estimating optimal shrinkage intensity lambda.var (variance vector): 0.8853 

Estimating optimal shrinkage intensity lambda (correlation matrix): 0.928 

[1] "Round 64"
Estimating optimal shrinkage intensity lambda.var (variance vector): 0.9897 

Estimating optimal shrinkage intensity lambda (correlation matrix): 0.9264 

Estimating optimal shrinkage intensity lambda.var (variance vector): 1 

Estimating optimal shrinkage intensity lambda (correlation matrix): 0.8959 

[1] "Round 66"
Estimating optimal shrinkage intensity lambda.var (variance vector): 0.9718 

Estimating optimal shrinkage intensity lambda (correlation matrix): 0.925 

Estimating optimal shrinkage intensity lambda.var (variance vector): 1 

Estimating optimal shrinkage intensity lambda (correlation matrix): 0.9363 

[1] "Round 68"
Estimating optimal shrinkage intensity lambda.var (variance vector): 0.8825 

Estimating optimal shrinkage intensity lambda (correlation matrix): 0.9356 

Estimating optimal shrinkage intensity lambda.var (variance vector): 0.8118 

Estimating optimal shrinkage intensity lambda (correlation matrix): 0.9041 

[1] "Round 70"
Estimating optimal shrinkage intensity lambda.var (variance vector): 1 

Estimating optimal shrinkage intensity lambda (correlation matrix): 0.8906 

Estimating optimal shrinkage intensity lambda.var (variance vector): 0.9742 

Estimating optimal shrinkage intensity lambda (correlation matrix): 0.9338 

[1] "Round 72"
Estimating optimal shrinkage intensity lambda.var (variance vector): 0.8779 

Estimating optimal shrinkage intensity lambda (correlation matrix): 0.9228 

Estimating optimal shrinkage intensity lambda.var (variance vector): 1 

Estimating optimal shrinkage intensity lambda (correlation matrix): 0.9493 

[1] "Round 74"
Estimating optimal shrinkage intensity lambda.var (variance vector): 0.8889 

Estimating optimal shrinkage intensity lambda (correlation matrix): 0.8843 

Estimating optimal shrinkage intensity lambda.var (variance vector): 1 

Estimating optimal shrinkage intensity lambda (correlation matrix): 0.9325 

[1] "Round 76"
Estimating optimal shrinkage intensity lambda.var (variance vector): 0.9905 

Estimating optimal shrinkage intensity lambda (correlation matrix): 0.8972 

Estimating optimal shrinkage intensity lambda.var (variance vector): 1 

Estimating optimal shrinkage intensity lambda (correlation matrix): 0.9645 

[1] "Round 78"
Estimating optimal shrinkage intensity lambda.var (variance vector): 0.9374 

Estimating optimal shrinkage intensity lambda (correlation matrix): 0.8954 

Estimating optimal shrinkage intensity lambda.var (variance vector): 0.7634 

Estimating optimal shrinkage intensity lambda (correlation matrix): 0.8917 

[1] "Round 80"
Estimating optimal shrinkage intensity lambda.var (variance vector): 1 

Estimating optimal shrinkage intensity lambda (correlation matrix): 0.9202 

Estimating optimal shrinkage intensity lambda.var (variance vector): 1 

Estimating optimal shrinkage intensity lambda (correlation matrix): 0.9122 

[1] "Round 82"
Estimating optimal shrinkage intensity lambda.var (variance vector): 0.9656 

Estimating optimal shrinkage intensity lambda (correlation matrix): 0.907 

Estimating optimal shrinkage intensity lambda.var (variance vector): 1 

Estimating optimal shrinkage intensity lambda (correlation matrix): 0.9408 

[1] "Round 84"
Estimating optimal shrinkage intensity lambda.var (variance vector): 0.9858 

Estimating optimal shrinkage intensity lambda (correlation matrix): 0.9319 

Estimating optimal shrinkage intensity lambda.var (variance vector): 1 

Estimating optimal shrinkage intensity lambda (correlation matrix): 0.8876 

[1] "Round 86"
Estimating optimal shrinkage intensity lambda.var (variance vector): 1 

Estimating optimal shrinkage intensity lambda (correlation matrix): 0.9437 

Estimating optimal shrinkage intensity lambda.var (variance vector): 1 

Estimating optimal shrinkage intensity lambda (correlation matrix): 0.8683 

[1] "Round 88"
Estimating optimal shrinkage intensity lambda.var (variance vector): 0.8769 

Estimating optimal shrinkage intensity lambda (correlation matrix): 0.9511 

Estimating optimal shrinkage intensity lambda.var (variance vector): 1 

Estimating optimal shrinkage intensity lambda (correlation matrix): 0.8805 

[1] "Round 90"
Estimating optimal shrinkage intensity lambda.var (variance vector): 0.8482 

Estimating optimal shrinkage intensity lambda (correlation matrix): 0.9588 

Estimating optimal shrinkage intensity lambda.var (variance vector): 1 

Estimating optimal shrinkage intensity lambda (correlation matrix): 0.9427 

[1] "Round 92"
Estimating optimal shrinkage intensity lambda.var (variance vector): 0.8141 

Estimating optimal shrinkage intensity lambda (correlation matrix): 0.9224 

Estimating optimal shrinkage intensity lambda.var (variance vector): 1 

Estimating optimal shrinkage intensity lambda (correlation matrix): 0.9158 

[1] "Round 94"
Estimating optimal shrinkage intensity lambda.var (variance vector): 0.9133 

Estimating optimal shrinkage intensity lambda (correlation matrix): 0.9103 

Estimating optimal shrinkage intensity lambda.var (variance vector): 0.8202 

Estimating optimal shrinkage intensity lambda (correlation matrix): 0.9217 

[1] "Round 96"
Estimating optimal shrinkage intensity lambda.var (variance vector): 0.9835 

Estimating optimal shrinkage intensity lambda (correlation matrix): 0.9371 

Estimating optimal shrinkage intensity lambda.var (variance vector): 0.9696 

Estimating optimal shrinkage intensity lambda (correlation matrix): 0.9221 

[1] "Round 98"
Estimating optimal shrinkage intensity lambda.var (variance vector): 0.9104 

Estimating optimal shrinkage intensity lambda (correlation matrix): 0.9412 

Estimating optimal shrinkage intensity lambda.var (variance vector): 1 

Estimating optimal shrinkage intensity lambda (correlation matrix): 0.9355 

[1] "Round 100"
Estimating optimal shrinkage intensity lambda.var (variance vector): 0.7984 

Estimating optimal shrinkage intensity lambda (correlation matrix): 0.9104 

[1] "data/Debi+dirichlet_n100_p100_tau1.5_rho0.5_sigma0.5_Nsim100"
                        lambda          SE         PE        linf       FPR FNR
bootstrap_mean     0.322380194 0.451626498 16.6978549 0.221607339 0.3514894   0
bootstrap_mean_std 0.008345553 0.009652679  0.3989055 0.005346481 0.0100446   0
                   TPR     sum_beta
bootstrap_mean       1 5.243473e-19
bootstrap_mean_std   0 3.170879e-19
Time difference of 1.085032 mins
Estimating optimal shrinkage intensity lambda.var (variance vector): 1 

Estimating optimal shrinkage intensity lambda (correlation matrix): 0.7032 

[1] "Round 2"
Estimating optimal shrinkage intensity lambda.var (variance vector): 0.9791 

Estimating optimal shrinkage intensity lambda (correlation matrix): 0.7064 

Estimating optimal shrinkage intensity lambda.var (variance vector): 0.7373 

Estimating optimal shrinkage intensity lambda (correlation matrix): 0.7152 

[1] "Round 4"
Estimating optimal shrinkage intensity lambda.var (variance vector): 0.9369 

Estimating optimal shrinkage intensity lambda (correlation matrix): 0.7374 

Estimating optimal shrinkage intensity lambda.var (variance vector): 1 

Estimating optimal shrinkage intensity lambda (correlation matrix): 0.7749 

[1] "Round 6"
Estimating optimal shrinkage intensity lambda.var (variance vector): 1 

Estimating optimal shrinkage intensity lambda (correlation matrix): 0.6786 

Estimating optimal shrinkage intensity lambda.var (variance vector): 1 

Estimating optimal shrinkage intensity lambda (correlation matrix): 0.6273 

[1] "Round 8"
Estimating optimal shrinkage intensity lambda.var (variance vector): 1 

Estimating optimal shrinkage intensity lambda (correlation matrix): 0.6918 

Estimating optimal shrinkage intensity lambda.var (variance vector): 1 

Estimating optimal shrinkage intensity lambda (correlation matrix): 0.7338 

[1] "Round 10"
Estimating optimal shrinkage intensity lambda.var (variance vector): 0.9207 

Estimating optimal shrinkage intensity lambda (correlation matrix): 0.7653 

Estimating optimal shrinkage intensity lambda.var (variance vector): 1 

Estimating optimal shrinkage intensity lambda (correlation matrix): 0.8728 

[1] "Round 12"
Estimating optimal shrinkage intensity lambda.var (variance vector): 1 

Estimating optimal shrinkage intensity lambda (correlation matrix): 0.7661 

Estimating optimal shrinkage intensity lambda.var (variance vector): 1 

Estimating optimal shrinkage intensity lambda (correlation matrix): 0.5434 

[1] "Round 14"
Estimating optimal shrinkage intensity lambda.var (variance vector): 0.8946 

Estimating optimal shrinkage intensity lambda (correlation matrix): 0.668 

Estimating optimal shrinkage intensity lambda.var (variance vector): 0.8445 

Estimating optimal shrinkage intensity lambda (correlation matrix): 0.836 

[1] "Round 16"
Estimating optimal shrinkage intensity lambda.var (variance vector): 0.8824 

Estimating optimal shrinkage intensity lambda (correlation matrix): 0.7462 

Estimating optimal shrinkage intensity lambda.var (variance vector): 1 

Estimating optimal shrinkage intensity lambda (correlation matrix): 0.7952 

[1] "Round 18"
Estimating optimal shrinkage intensity lambda.var (variance vector): 1 

Estimating optimal shrinkage intensity lambda (correlation matrix): 0.7401 

Estimating optimal shrinkage intensity lambda.var (variance vector): 1 

Estimating optimal shrinkage intensity lambda (correlation matrix): 0.6851 

[1] "Round 20"
Estimating optimal shrinkage intensity lambda.var (variance vector): 1 

Estimating optimal shrinkage intensity lambda (correlation matrix): 0.6906 

Estimating optimal shrinkage intensity lambda.var (variance vector): 1 

Estimating optimal shrinkage intensity lambda (correlation matrix): 0.7179 

[1] "Round 22"
Estimating optimal shrinkage intensity lambda.var (variance vector): 0.9815 

Estimating optimal shrinkage intensity lambda (correlation matrix): 0.7776 

Estimating optimal shrinkage intensity lambda.var (variance vector): 1 

Estimating optimal shrinkage intensity lambda (correlation matrix): 0.663 

[1] "Round 24"
Estimating optimal shrinkage intensity lambda.var (variance vector): 1 

Estimating optimal shrinkage intensity lambda (correlation matrix): 0.77 

Estimating optimal shrinkage intensity lambda.var (variance vector): 0.7683 

Estimating optimal shrinkage intensity lambda (correlation matrix): 0.748 

[1] "Round 26"
Estimating optimal shrinkage intensity lambda.var (variance vector): 0.8859 

Estimating optimal shrinkage intensity lambda (correlation matrix): 0.6994 

Estimating optimal shrinkage intensity lambda.var (variance vector): 0.8799 

Estimating optimal shrinkage intensity lambda (correlation matrix): 0.7659 

[1] "Round 28"
Estimating optimal shrinkage intensity lambda.var (variance vector): 0.8525 

Estimating optimal shrinkage intensity lambda (correlation matrix): 0.7125 

Estimating optimal shrinkage intensity lambda.var (variance vector): 1 

Estimating optimal shrinkage intensity lambda (correlation matrix): 0.7198 

[1] "Round 30"
Estimating optimal shrinkage intensity lambda.var (variance vector): 0.9058 

Estimating optimal shrinkage intensity lambda (correlation matrix): 0.7554 

Estimating optimal shrinkage intensity lambda.var (variance vector): 1 

Estimating optimal shrinkage intensity lambda (correlation matrix): 0.5349 

[1] "Round 32"
Estimating optimal shrinkage intensity lambda.var (variance vector): 1 

Estimating optimal shrinkage intensity lambda (correlation matrix): 0.7142 

Estimating optimal shrinkage intensity lambda.var (variance vector): 0.9028 

Estimating optimal shrinkage intensity lambda (correlation matrix): 0.7991 

[1] "Round 34"
Estimating optimal shrinkage intensity lambda.var (variance vector): 1 

Estimating optimal shrinkage intensity lambda (correlation matrix): 0.7245 

Estimating optimal shrinkage intensity lambda.var (variance vector): 0.8568 

Estimating optimal shrinkage intensity lambda (correlation matrix): 0.8287 

[1] "Round 36"
Estimating optimal shrinkage intensity lambda.var (variance vector): 0.8794 

Estimating optimal shrinkage intensity lambda (correlation matrix): 0.8005 

Estimating optimal shrinkage intensity lambda.var (variance vector): 1 

Estimating optimal shrinkage intensity lambda (correlation matrix): 0.8688 

[1] "Round 38"
Estimating optimal shrinkage intensity lambda.var (variance vector): 1 

Estimating optimal shrinkage intensity lambda (correlation matrix): 0.6353 

Estimating optimal shrinkage intensity lambda.var (variance vector): 1 

Estimating optimal shrinkage intensity lambda (correlation matrix): 0.7473 

[1] "Round 40"
Estimating optimal shrinkage intensity lambda.var (variance vector): 1 

Estimating optimal shrinkage intensity lambda (correlation matrix): 0.8388 

Estimating optimal shrinkage intensity lambda.var (variance vector): 0.8191 

Estimating optimal shrinkage intensity lambda (correlation matrix): 0.8132 

[1] "Round 42"
Estimating optimal shrinkage intensity lambda.var (variance vector): 1 

Estimating optimal shrinkage intensity lambda (correlation matrix): 0.7191 

Estimating optimal shrinkage intensity lambda.var (variance vector): 1 

Estimating optimal shrinkage intensity lambda (correlation matrix): 0.8497 

[1] "Round 44"
Estimating optimal shrinkage intensity lambda.var (variance vector): 1 

Estimating optimal shrinkage intensity lambda (correlation matrix): 0.8729 

Estimating optimal shrinkage intensity lambda.var (variance vector): 0.9104 

Estimating optimal shrinkage intensity lambda (correlation matrix): 0.7607 

[1] "Round 46"
Estimating optimal shrinkage intensity lambda.var (variance vector): 1 

Estimating optimal shrinkage intensity lambda (correlation matrix): 0.6243 

Estimating optimal shrinkage intensity lambda.var (variance vector): 0.963 

Estimating optimal shrinkage intensity lambda (correlation matrix): 0.721 

[1] "Round 48"
Estimating optimal shrinkage intensity lambda.var (variance vector): 1 

Estimating optimal shrinkage intensity lambda (correlation matrix): 0.6605 

Estimating optimal shrinkage intensity lambda.var (variance vector): 0.8031 

Estimating optimal shrinkage intensity lambda (correlation matrix): 0.774 

[1] "Round 50"
Estimating optimal shrinkage intensity lambda.var (variance vector): 0.8628 

Estimating optimal shrinkage intensity lambda (correlation matrix): 0.7032 

Estimating optimal shrinkage intensity lambda.var (variance vector): 1 

Estimating optimal shrinkage intensity lambda (correlation matrix): 0.7064 

[1] "Round 52"
Estimating optimal shrinkage intensity lambda.var (variance vector): 1 

Estimating optimal shrinkage intensity lambda (correlation matrix): 0.5851 

Estimating optimal shrinkage intensity lambda.var (variance vector): 0.8873 

Estimating optimal shrinkage intensity lambda (correlation matrix): 0.817 

[1] "Round 54"
Estimating optimal shrinkage intensity lambda.var (variance vector): 0.9481 

Estimating optimal shrinkage intensity lambda (correlation matrix): 0.7263 

Estimating optimal shrinkage intensity lambda.var (variance vector): 0.9257 

Estimating optimal shrinkage intensity lambda (correlation matrix): 0.6202 

[1] "Round 56"
Estimating optimal shrinkage intensity lambda.var (variance vector): 1 

Estimating optimal shrinkage intensity lambda (correlation matrix): 0.6463 

Estimating optimal shrinkage intensity lambda.var (variance vector): 0.9841 

Estimating optimal shrinkage intensity lambda (correlation matrix): 0.7763 

[1] "Round 58"
Estimating optimal shrinkage intensity lambda.var (variance vector): 1 

Estimating optimal shrinkage intensity lambda (correlation matrix): 0.6201 

Estimating optimal shrinkage intensity lambda.var (variance vector): 1 

Estimating optimal shrinkage intensity lambda (correlation matrix): 0.719 

[1] "Round 60"
Estimating optimal shrinkage intensity lambda.var (variance vector): 1 

Estimating optimal shrinkage intensity lambda (correlation matrix): 0.7199 

Estimating optimal shrinkage intensity lambda.var (variance vector): 1 

Estimating optimal shrinkage intensity lambda (correlation matrix): 0.7238 

[1] "Round 62"
Estimating optimal shrinkage intensity lambda.var (variance vector): 1 

Estimating optimal shrinkage intensity lambda (correlation matrix): 0.672 

Estimating optimal shrinkage intensity lambda.var (variance vector): 0.8889 

Estimating optimal shrinkage intensity lambda (correlation matrix): 0.7189 

[1] "Round 64"
Estimating optimal shrinkage intensity lambda.var (variance vector): 0.9646 

Estimating optimal shrinkage intensity lambda (correlation matrix): 0.7455 

Estimating optimal shrinkage intensity lambda.var (variance vector): 1 

Estimating optimal shrinkage intensity lambda (correlation matrix): 0.6358 

[1] "Round 66"
Estimating optimal shrinkage intensity lambda.var (variance vector): 1 

Estimating optimal shrinkage intensity lambda (correlation matrix): 0.7262 

Estimating optimal shrinkage intensity lambda.var (variance vector): 1 

Estimating optimal shrinkage intensity lambda (correlation matrix): 0.7856 

[1] "Round 68"
Estimating optimal shrinkage intensity lambda.var (variance vector): 0.8898 

Estimating optimal shrinkage intensity lambda (correlation matrix): 0.7199 

Estimating optimal shrinkage intensity lambda.var (variance vector): 0.8282 

Estimating optimal shrinkage intensity lambda (correlation matrix): 0.7607 

[1] "Round 70"
Estimating optimal shrinkage intensity lambda.var (variance vector): 1 

Estimating optimal shrinkage intensity lambda (correlation matrix): 0.6715 

Estimating optimal shrinkage intensity lambda.var (variance vector): 0.9365 

Estimating optimal shrinkage intensity lambda (correlation matrix): 0.7941 

[1] "Round 72"
Estimating optimal shrinkage intensity lambda.var (variance vector): 0.9433 

Estimating optimal shrinkage intensity lambda (correlation matrix): 0.716 

Estimating optimal shrinkage intensity lambda.var (variance vector): 1 

Estimating optimal shrinkage intensity lambda (correlation matrix): 0.8187 

[1] "Round 74"
Estimating optimal shrinkage intensity lambda.var (variance vector): 0.8861 

Estimating optimal shrinkage intensity lambda (correlation matrix): 0.6307 

Estimating optimal shrinkage intensity lambda.var (variance vector): 1 

Estimating optimal shrinkage intensity lambda (correlation matrix): 0.7362 

[1] "Round 76"
Estimating optimal shrinkage intensity lambda.var (variance vector): 1 

Estimating optimal shrinkage intensity lambda (correlation matrix): 0.6668 

Estimating optimal shrinkage intensity lambda.var (variance vector): 1 

Estimating optimal shrinkage intensity lambda (correlation matrix): 0.8266 

[1] "Round 78"
Estimating optimal shrinkage intensity lambda.var (variance vector): 0.8929 

Estimating optimal shrinkage intensity lambda (correlation matrix): 0.7053 

Estimating optimal shrinkage intensity lambda.var (variance vector): 0.7676 

Estimating optimal shrinkage intensity lambda (correlation matrix): 0.6688 

[1] "Round 80"
Estimating optimal shrinkage intensity lambda.var (variance vector): 1 

Estimating optimal shrinkage intensity lambda (correlation matrix): 0.6587 

Estimating optimal shrinkage intensity lambda.var (variance vector): 0.9822 

Estimating optimal shrinkage intensity lambda (correlation matrix): 0.6601 

[1] "Round 82"
Estimating optimal shrinkage intensity lambda.var (variance vector): 0.96 

Estimating optimal shrinkage intensity lambda (correlation matrix): 0.758 

Estimating optimal shrinkage intensity lambda.var (variance vector): 0.9584 

Estimating optimal shrinkage intensity lambda (correlation matrix): 0.7212 

[1] "Round 84"
Estimating optimal shrinkage intensity lambda.var (variance vector): 0.9697 

Estimating optimal shrinkage intensity lambda (correlation matrix): 0.8123 

Estimating optimal shrinkage intensity lambda.var (variance vector): 1 

Estimating optimal shrinkage intensity lambda (correlation matrix): 0.6861 

[1] "Round 86"
Estimating optimal shrinkage intensity lambda.var (variance vector): 1 

Estimating optimal shrinkage intensity lambda (correlation matrix): 0.7754 

Estimating optimal shrinkage intensity lambda.var (variance vector): 1 

Estimating optimal shrinkage intensity lambda (correlation matrix): 0.6083 

[1] "Round 88"
Estimating optimal shrinkage intensity lambda.var (variance vector): 0.809 

Estimating optimal shrinkage intensity lambda (correlation matrix): 0.7582 

Estimating optimal shrinkage intensity lambda.var (variance vector): 1 

Estimating optimal shrinkage intensity lambda (correlation matrix): 0.6539 

[1] "Round 90"
Estimating optimal shrinkage intensity lambda.var (variance vector): 0.8313 

Estimating optimal shrinkage intensity lambda (correlation matrix): 0.8211 

Estimating optimal shrinkage intensity lambda.var (variance vector): 1 

Estimating optimal shrinkage intensity lambda (correlation matrix): 0.705 

[1] "Round 92"
Estimating optimal shrinkage intensity lambda.var (variance vector): 0.8421 

Estimating optimal shrinkage intensity lambda (correlation matrix): 0.7368 

Estimating optimal shrinkage intensity lambda.var (variance vector): 1 

Estimating optimal shrinkage intensity lambda (correlation matrix): 0.7207 

[1] "Round 94"
Estimating optimal shrinkage intensity lambda.var (variance vector): 0.9146 

Estimating optimal shrinkage intensity lambda (correlation matrix): 0.7159 

Estimating optimal shrinkage intensity lambda.var (variance vector): 0.8144 

Estimating optimal shrinkage intensity lambda (correlation matrix): 0.6642 

[1] "Round 96"
Estimating optimal shrinkage intensity lambda.var (variance vector): 1 

Estimating optimal shrinkage intensity lambda (correlation matrix): 0.7316 

Estimating optimal shrinkage intensity lambda.var (variance vector): 0.9825 

Estimating optimal shrinkage intensity lambda (correlation matrix): 0.6657 

[1] "Round 98"
Estimating optimal shrinkage intensity lambda.var (variance vector): 0.9167 

Estimating optimal shrinkage intensity lambda (correlation matrix): 0.699 

Estimating optimal shrinkage intensity lambda.var (variance vector): 1 

Estimating optimal shrinkage intensity lambda (correlation matrix): 0.81 

[1] "Round 100"
Estimating optimal shrinkage intensity lambda.var (variance vector): 0.828 

Estimating optimal shrinkage intensity lambda (correlation matrix): 0.7538 

[1] "data/Debi+dirichlet_n100_p100_tau2.5_rho0.5_sigma0.5_Nsim100"
                       lambda         SE         PE       linf         FPR FNR
bootstrap_mean     0.51784593 1.14740740 31.6096934 0.37377444 0.349680851   0
bootstrap_mean_std 0.01559134 0.02734661  0.6934589 0.01031784 0.009289839   0
                   TPR      sum_beta
bootstrap_mean       1 -1.184491e-18
bootstrap_mean_std   0  5.908648e-19
Time difference of 2.22008 mins
Estimating optimal shrinkage intensity lambda.var (variance vector): 0.9992 

Estimating optimal shrinkage intensity lambda (correlation matrix): 0.5054 

[1] "Round 2"
Estimating optimal shrinkage intensity lambda.var (variance vector): 0.9944 

Estimating optimal shrinkage intensity lambda (correlation matrix): 0.5412 

Estimating optimal shrinkage intensity lambda.var (variance vector): 0.7397 

Estimating optimal shrinkage intensity lambda (correlation matrix): 0.5359 

[1] "Round 4"
Estimating optimal shrinkage intensity lambda.var (variance vector): 0.9309 

Estimating optimal shrinkage intensity lambda (correlation matrix): 0.5506 

Estimating optimal shrinkage intensity lambda.var (variance vector): 1 

Estimating optimal shrinkage intensity lambda (correlation matrix): 0.5797 

[1] "Round 6"
Estimating optimal shrinkage intensity lambda.var (variance vector): 1 

Estimating optimal shrinkage intensity lambda (correlation matrix): 0.4608 

Estimating optimal shrinkage intensity lambda.var (variance vector): 1 

Estimating optimal shrinkage intensity lambda (correlation matrix): 0.4275 

[1] "Round 8"
Estimating optimal shrinkage intensity lambda.var (variance vector): 1 

Estimating optimal shrinkage intensity lambda (correlation matrix): 0.4996 

Estimating optimal shrinkage intensity lambda.var (variance vector): 1 

Estimating optimal shrinkage intensity lambda (correlation matrix): 0.5182 

[1] "Round 10"
Estimating optimal shrinkage intensity lambda.var (variance vector): 0.9401 

Estimating optimal shrinkage intensity lambda (correlation matrix): 0.5547 

Estimating optimal shrinkage intensity lambda.var (variance vector): 1 

Estimating optimal shrinkage intensity lambda (correlation matrix): 0.701 

[1] "Round 12"
Estimating optimal shrinkage intensity lambda.var (variance vector): 1 

Estimating optimal shrinkage intensity lambda (correlation matrix): 0.5837 

Estimating optimal shrinkage intensity lambda.var (variance vector): 1 

Estimating optimal shrinkage intensity lambda (correlation matrix): 0.3502 

[1] "Round 14"
Estimating optimal shrinkage intensity lambda.var (variance vector): 0.9234 

Estimating optimal shrinkage intensity lambda (correlation matrix): 0.4647 

Estimating optimal shrinkage intensity lambda.var (variance vector): 0.8693 

Estimating optimal shrinkage intensity lambda (correlation matrix): 0.6552 

[1] "Round 16"
Estimating optimal shrinkage intensity lambda.var (variance vector): 0.8339 

Estimating optimal shrinkage intensity lambda (correlation matrix): 0.5994 

Estimating optimal shrinkage intensity lambda.var (variance vector): 1 

Estimating optimal shrinkage intensity lambda (correlation matrix): 0.621 

[1] "Round 18"
Estimating optimal shrinkage intensity lambda.var (variance vector): 1 

Estimating optimal shrinkage intensity lambda (correlation matrix): 0.5302 

Estimating optimal shrinkage intensity lambda.var (variance vector): 1 

Estimating optimal shrinkage intensity lambda (correlation matrix): 0.4589 

[1] "Round 20"
Estimating optimal shrinkage intensity lambda.var (variance vector): 1 

Estimating optimal shrinkage intensity lambda (correlation matrix): 0.5184 

Estimating optimal shrinkage intensity lambda.var (variance vector): 1 

Estimating optimal shrinkage intensity lambda (correlation matrix): 0.4951 

[1] "Round 22"
Estimating optimal shrinkage intensity lambda.var (variance vector): 0.9525 

Estimating optimal shrinkage intensity lambda (correlation matrix): 0.5906 

Estimating optimal shrinkage intensity lambda.var (variance vector): 1 

Estimating optimal shrinkage intensity lambda (correlation matrix): 0.4558 

[1] "Round 24"
Estimating optimal shrinkage intensity lambda.var (variance vector): 1 

Estimating optimal shrinkage intensity lambda (correlation matrix): 0.5726 

Estimating optimal shrinkage intensity lambda.var (variance vector): 0.816 

Estimating optimal shrinkage intensity lambda (correlation matrix): 0.5268 

[1] "Round 26"
Estimating optimal shrinkage intensity lambda.var (variance vector): 0.965 

Estimating optimal shrinkage intensity lambda (correlation matrix): 0.5235 

Estimating optimal shrinkage intensity lambda.var (variance vector): 0.8674 

Estimating optimal shrinkage intensity lambda (correlation matrix): 0.5819 

[1] "Round 28"
Estimating optimal shrinkage intensity lambda.var (variance vector): 0.8924 

Estimating optimal shrinkage intensity lambda (correlation matrix): 0.5116 

Estimating optimal shrinkage intensity lambda.var (variance vector): 1 

Estimating optimal shrinkage intensity lambda (correlation matrix): 0.5065 

[1] "Round 30"
Estimating optimal shrinkage intensity lambda.var (variance vector): 0.9045 

Estimating optimal shrinkage intensity lambda (correlation matrix): 0.5608 

Estimating optimal shrinkage intensity lambda.var (variance vector): 1 

Estimating optimal shrinkage intensity lambda (correlation matrix): 0.3578 

[1] "Round 32"
Estimating optimal shrinkage intensity lambda.var (variance vector): 1 

Estimating optimal shrinkage intensity lambda (correlation matrix): 0.5217 

Estimating optimal shrinkage intensity lambda.var (variance vector): 0.9389 

Estimating optimal shrinkage intensity lambda (correlation matrix): 0.5835 

[1] "Round 34"
Estimating optimal shrinkage intensity lambda.var (variance vector): 0.9999 

Estimating optimal shrinkage intensity lambda (correlation matrix): 0.4727 

Estimating optimal shrinkage intensity lambda.var (variance vector): 0.8815 

Estimating optimal shrinkage intensity lambda (correlation matrix): 0.6546 

[1] "Round 36"
Estimating optimal shrinkage intensity lambda.var (variance vector): 0.9196 

Estimating optimal shrinkage intensity lambda (correlation matrix): 0.6235 

Estimating optimal shrinkage intensity lambda.var (variance vector): 1 

Estimating optimal shrinkage intensity lambda (correlation matrix): 0.7068 

[1] "Round 38"
Estimating optimal shrinkage intensity lambda.var (variance vector): 1 

Estimating optimal shrinkage intensity lambda (correlation matrix): 0.4511 

Estimating optimal shrinkage intensity lambda.var (variance vector): 1 

Estimating optimal shrinkage intensity lambda (correlation matrix): 0.553 

[1] "Round 40"
Estimating optimal shrinkage intensity lambda.var (variance vector): 1 

Estimating optimal shrinkage intensity lambda (correlation matrix): 0.6749 

Estimating optimal shrinkage intensity lambda.var (variance vector): 0.8287 

Estimating optimal shrinkage intensity lambda (correlation matrix): 0.6933 

[1] "Round 42"
Estimating optimal shrinkage intensity lambda.var (variance vector): 0.9997 

Estimating optimal shrinkage intensity lambda (correlation matrix): 0.5244 

Estimating optimal shrinkage intensity lambda.var (variance vector): 1 

Estimating optimal shrinkage intensity lambda (correlation matrix): 0.7257 

[1] "Round 44"
Estimating optimal shrinkage intensity lambda.var (variance vector): 1 

Estimating optimal shrinkage intensity lambda (correlation matrix): 0.6893 

Estimating optimal shrinkage intensity lambda.var (variance vector): 0.9275 

Estimating optimal shrinkage intensity lambda (correlation matrix): 0.5281 

[1] "Round 46"
Estimating optimal shrinkage intensity lambda.var (variance vector): 1 

Estimating optimal shrinkage intensity lambda (correlation matrix): 0.4252 

Estimating optimal shrinkage intensity lambda.var (variance vector): 1 

Estimating optimal shrinkage intensity lambda (correlation matrix): 0.557 

[1] "Round 48"
Estimating optimal shrinkage intensity lambda.var (variance vector): 1 

Estimating optimal shrinkage intensity lambda (correlation matrix): 0.4651 

Estimating optimal shrinkage intensity lambda.var (variance vector): 0.8063 

Estimating optimal shrinkage intensity lambda (correlation matrix): 0.5864 

[1] "Round 50"
Estimating optimal shrinkage intensity lambda.var (variance vector): 0.8689 

Estimating optimal shrinkage intensity lambda (correlation matrix): 0.5105 

Estimating optimal shrinkage intensity lambda.var (variance vector): 1 

Estimating optimal shrinkage intensity lambda (correlation matrix): 0.5141 

[1] "Round 52"
Estimating optimal shrinkage intensity lambda.var (variance vector): 1 

Estimating optimal shrinkage intensity lambda (correlation matrix): 0.3874 

Estimating optimal shrinkage intensity lambda.var (variance vector): 0.9201 

Estimating optimal shrinkage intensity lambda (correlation matrix): 0.6167 

[1] "Round 54"
Estimating optimal shrinkage intensity lambda.var (variance vector): 0.9494 

Estimating optimal shrinkage intensity lambda (correlation matrix): 0.5554 

Estimating optimal shrinkage intensity lambda.var (variance vector): 0.9167 

Estimating optimal shrinkage intensity lambda (correlation matrix): 0.4239 

[1] "Round 56"
Estimating optimal shrinkage intensity lambda.var (variance vector): 1 

Estimating optimal shrinkage intensity lambda (correlation matrix): 0.4687 

Estimating optimal shrinkage intensity lambda.var (variance vector): 1 

Estimating optimal shrinkage intensity lambda (correlation matrix): 0.5853 

[1] "Round 58"
Estimating optimal shrinkage intensity lambda.var (variance vector): 1 

Estimating optimal shrinkage intensity lambda (correlation matrix): 0.4094 

Estimating optimal shrinkage intensity lambda.var (variance vector): 1 

Estimating optimal shrinkage intensity lambda (correlation matrix): 0.4955 

[1] "Round 60"
Estimating optimal shrinkage intensity lambda.var (variance vector): 0.9888 

Estimating optimal shrinkage intensity lambda (correlation matrix): 0.5077 

Estimating optimal shrinkage intensity lambda.var (variance vector): 1 

Estimating optimal shrinkage intensity lambda (correlation matrix): 0.5254 

[1] "Round 62"
Estimating optimal shrinkage intensity lambda.var (variance vector): 0.9388 

Estimating optimal shrinkage intensity lambda (correlation matrix): 0.5126 

Estimating optimal shrinkage intensity lambda.var (variance vector): 0.8948 

Estimating optimal shrinkage intensity lambda (correlation matrix): 0.4977 

[1] "Round 64"
Estimating optimal shrinkage intensity lambda.var (variance vector): 0.9425 

Estimating optimal shrinkage intensity lambda (correlation matrix): 0.5649 

Estimating optimal shrinkage intensity lambda.var (variance vector): 0.9915 

Estimating optimal shrinkage intensity lambda (correlation matrix): 0.4433 

[1] "Round 66"
Estimating optimal shrinkage intensity lambda.var (variance vector): 1 

Estimating optimal shrinkage intensity lambda (correlation matrix): 0.5349 

Estimating optimal shrinkage intensity lambda.var (variance vector): 1 

Estimating optimal shrinkage intensity lambda (correlation matrix): 0.6088 

[1] "Round 68"
Estimating optimal shrinkage intensity lambda.var (variance vector): 0.9122 

Estimating optimal shrinkage intensity lambda (correlation matrix): 0.5159 

Estimating optimal shrinkage intensity lambda.var (variance vector): 0.8476 

Estimating optimal shrinkage intensity lambda (correlation matrix): 0.6114 

[1] "Round 70"
Estimating optimal shrinkage intensity lambda.var (variance vector): 1 

Estimating optimal shrinkage intensity lambda (correlation matrix): 0.4835 

Estimating optimal shrinkage intensity lambda.var (variance vector): 0.9226 

Estimating optimal shrinkage intensity lambda (correlation matrix): 0.5815 

[1] "Round 72"
Estimating optimal shrinkage intensity lambda.var (variance vector): 1 

Estimating optimal shrinkage intensity lambda (correlation matrix): 0.5233 

Estimating optimal shrinkage intensity lambda.var (variance vector): 1 

Estimating optimal shrinkage intensity lambda (correlation matrix): 0.6738 

[1] "Round 74"
Estimating optimal shrinkage intensity lambda.var (variance vector): 0.8725 

Estimating optimal shrinkage intensity lambda (correlation matrix): 0.4219 

Estimating optimal shrinkage intensity lambda.var (variance vector): 1 

Estimating optimal shrinkage intensity lambda (correlation matrix): 0.5344 

[1] "Round 76"
Estimating optimal shrinkage intensity lambda.var (variance vector): 1 

Estimating optimal shrinkage intensity lambda (correlation matrix): 0.4766 

Estimating optimal shrinkage intensity lambda.var (variance vector): 1 

Estimating optimal shrinkage intensity lambda (correlation matrix): 0.6621 

[1] "Round 78"
Estimating optimal shrinkage intensity lambda.var (variance vector): 0.8649 

Estimating optimal shrinkage intensity lambda (correlation matrix): 0.5385 

Estimating optimal shrinkage intensity lambda.var (variance vector): 0.7848 

Estimating optimal shrinkage intensity lambda (correlation matrix): 0.474 

[1] "Round 80"
Estimating optimal shrinkage intensity lambda.var (variance vector): 1 

Estimating optimal shrinkage intensity lambda (correlation matrix): 0.4365 

Estimating optimal shrinkage intensity lambda.var (variance vector): 0.9395 

Estimating optimal shrinkage intensity lambda (correlation matrix): 0.4313 

[1] "Round 82"
Estimating optimal shrinkage intensity lambda.var (variance vector): 0.9723 

Estimating optimal shrinkage intensity lambda (correlation matrix): 0.6179 

Estimating optimal shrinkage intensity lambda.var (variance vector): 0.8669 

Estimating optimal shrinkage intensity lambda (correlation matrix): 0.4734 

[1] "Round 84"
Estimating optimal shrinkage intensity lambda.var (variance vector): 0.9803 

Estimating optimal shrinkage intensity lambda (correlation matrix): 0.635 

Estimating optimal shrinkage intensity lambda.var (variance vector): 1 

Estimating optimal shrinkage intensity lambda (correlation matrix): 0.4812 

[1] "Round 86"
Estimating optimal shrinkage intensity lambda.var (variance vector): 1 

Estimating optimal shrinkage intensity lambda (correlation matrix): 0.5625 

Estimating optimal shrinkage intensity lambda.var (variance vector): 1 

Estimating optimal shrinkage intensity lambda (correlation matrix): 0.4166 

[1] "Round 88"
Estimating optimal shrinkage intensity lambda.var (variance vector): 0.791 

Estimating optimal shrinkage intensity lambda (correlation matrix): 0.5565 

Estimating optimal shrinkage intensity lambda.var (variance vector): 1 

Estimating optimal shrinkage intensity lambda (correlation matrix): 0.4685 

[1] "Round 90"
Estimating optimal shrinkage intensity lambda.var (variance vector): 0.8192 

Estimating optimal shrinkage intensity lambda (correlation matrix): 0.6352 

Estimating optimal shrinkage intensity lambda.var (variance vector): 1 

Estimating optimal shrinkage intensity lambda (correlation matrix): 0.4946 

[1] "Round 92"
Estimating optimal shrinkage intensity lambda.var (variance vector): 0.8828 

Estimating optimal shrinkage intensity lambda (correlation matrix): 0.5462 

Estimating optimal shrinkage intensity lambda.var (variance vector): 1 

Estimating optimal shrinkage intensity lambda (correlation matrix): 0.5359 

[1] "Round 94"
Estimating optimal shrinkage intensity lambda.var (variance vector): 0.9052 

Estimating optimal shrinkage intensity lambda (correlation matrix): 0.5292 

Estimating optimal shrinkage intensity lambda.var (variance vector): 0.7977 

Estimating optimal shrinkage intensity lambda (correlation matrix): 0.4473 

[1] "Round 96"
Estimating optimal shrinkage intensity lambda.var (variance vector): 1 

Estimating optimal shrinkage intensity lambda (correlation matrix): 0.5315 

Estimating optimal shrinkage intensity lambda.var (variance vector): 1 

Estimating optimal shrinkage intensity lambda (correlation matrix): 0.4258 

[1] "Round 98"
Estimating optimal shrinkage intensity lambda.var (variance vector): 0.9366 

Estimating optimal shrinkage intensity lambda (correlation matrix): 0.4715 

Estimating optimal shrinkage intensity lambda.var (variance vector): 1 

Estimating optimal shrinkage intensity lambda (correlation matrix): 0.6421 

[1] "Round 100"
Estimating optimal shrinkage intensity lambda.var (variance vector): 0.8455 

Estimating optimal shrinkage intensity lambda (correlation matrix): 0.5816 

[1] "data/Debi+dirichlet_n100_p100_tau3.5_rho0.5_sigma0.5_Nsim100"
                       lambda         SE        PE       linf         FPR
bootstrap_mean     0.66636397 2.38996716 53.281221 0.52622260 0.308510638
bootstrap_mean_std 0.02163576 0.05572232  1.076725 0.01415091 0.007361117
                           FNR        TPR      sum_beta
bootstrap_mean     0.006666667 0.99333333 -2.174910e-18
bootstrap_mean_std 0.003282440 0.00328244  8.238543e-19
Time difference of 2.521625 mins
Estimating optimal shrinkage intensity lambda.var (variance vector): 0.9653 

Estimating optimal shrinkage intensity lambda (correlation matrix): 0.3854 

[1] "Round 2"
Estimating optimal shrinkage intensity lambda.var (variance vector): 0.9992 

Estimating optimal shrinkage intensity lambda (correlation matrix): 0.4528 

Estimating optimal shrinkage intensity lambda.var (variance vector): 0.7552 

Estimating optimal shrinkage intensity lambda (correlation matrix): 0.4078 

[1] "Round 4"
Estimating optimal shrinkage intensity lambda.var (variance vector): 0.9349 

Estimating optimal shrinkage intensity lambda (correlation matrix): 0.425 

Estimating optimal shrinkage intensity lambda.var (variance vector): 1 

Estimating optimal shrinkage intensity lambda (correlation matrix): 0.4301 

[1] "Round 6"
Estimating optimal shrinkage intensity lambda.var (variance vector): 1 

Estimating optimal shrinkage intensity lambda (correlation matrix): 0.3307 

Estimating optimal shrinkage intensity lambda.var (variance vector): 1 

Estimating optimal shrinkage intensity lambda (correlation matrix): 0.3275 

[1] "Round 8"
Estimating optimal shrinkage intensity lambda.var (variance vector): 1 

Estimating optimal shrinkage intensity lambda (correlation matrix): 0.3849 

Estimating optimal shrinkage intensity lambda.var (variance vector): 1 

Estimating optimal shrinkage intensity lambda (correlation matrix): 0.3929 

[1] "Round 10"
Estimating optimal shrinkage intensity lambda.var (variance vector): 0.9893 

Estimating optimal shrinkage intensity lambda (correlation matrix): 0.4157 

Estimating optimal shrinkage intensity lambda.var (variance vector): 1 

Estimating optimal shrinkage intensity lambda (correlation matrix): 0.5658 

[1] "Round 12"
Estimating optimal shrinkage intensity lambda.var (variance vector): 1 

Estimating optimal shrinkage intensity lambda (correlation matrix): 0.4653 

Estimating optimal shrinkage intensity lambda.var (variance vector): 1 

Estimating optimal shrinkage intensity lambda (correlation matrix): 0.2604 

[1] "Round 14"
Estimating optimal shrinkage intensity lambda.var (variance vector): 0.9765 

Estimating optimal shrinkage intensity lambda (correlation matrix): 0.3543 

Estimating optimal shrinkage intensity lambda.var (variance vector): 0.9131 

Estimating optimal shrinkage intensity lambda (correlation matrix): 0.5166 

[1] "Round 16"
Estimating optimal shrinkage intensity lambda.var (variance vector): 0.8041 

Estimating optimal shrinkage intensity lambda (correlation matrix): 0.511 

Estimating optimal shrinkage intensity lambda.var (variance vector): 1 

Estimating optimal shrinkage intensity lambda (correlation matrix): 0.4867 

[1] "Round 18"
Estimating optimal shrinkage intensity lambda.var (variance vector): 1 

Estimating optimal shrinkage intensity lambda (correlation matrix): 0.3918 

Estimating optimal shrinkage intensity lambda.var (variance vector): 1 

Estimating optimal shrinkage intensity lambda (correlation matrix): 0.3264 

[1] "Round 20"
Estimating optimal shrinkage intensity lambda.var (variance vector): 1 

Estimating optimal shrinkage intensity lambda (correlation matrix): 0.4162 

Estimating optimal shrinkage intensity lambda.var (variance vector): 1 

Estimating optimal shrinkage intensity lambda (correlation matrix): 0.3678 

[1] "Round 22"
Estimating optimal shrinkage intensity lambda.var (variance vector): 0.9336 

Estimating optimal shrinkage intensity lambda (correlation matrix): 0.4458 

Estimating optimal shrinkage intensity lambda.var (variance vector): 1 

Estimating optimal shrinkage intensity lambda (correlation matrix): 0.34 

[1] "Round 24"
Estimating optimal shrinkage intensity lambda.var (variance vector): 1 

Estimating optimal shrinkage intensity lambda (correlation matrix): 0.4234 

Estimating optimal shrinkage intensity lambda.var (variance vector): 0.8611 

Estimating optimal shrinkage intensity lambda (correlation matrix): 0.3859 

[1] "Round 26"
Estimating optimal shrinkage intensity lambda.var (variance vector): 1 

Estimating optimal shrinkage intensity lambda (correlation matrix): 0.4129 

Estimating optimal shrinkage intensity lambda.var (variance vector): 0.859 

Estimating optimal shrinkage intensity lambda (correlation matrix): 0.4642 

[1] "Round 28"
Estimating optimal shrinkage intensity lambda.var (variance vector): 0.9333 

Estimating optimal shrinkage intensity lambda (correlation matrix): 0.3888 

Estimating optimal shrinkage intensity lambda.var (variance vector): 1 

Estimating optimal shrinkage intensity lambda (correlation matrix): 0.3715 

[1] "Round 30"
Estimating optimal shrinkage intensity lambda.var (variance vector): 0.9039 

Estimating optimal shrinkage intensity lambda (correlation matrix): 0.4285 

Estimating optimal shrinkage intensity lambda.var (variance vector): 1 

Estimating optimal shrinkage intensity lambda (correlation matrix): 0.2708 

[1] "Round 32"
Estimating optimal shrinkage intensity lambda.var (variance vector): 1 

Estimating optimal shrinkage intensity lambda (correlation matrix): 0.3875 

Estimating optimal shrinkage intensity lambda.var (variance vector): 0.9543 

Estimating optimal shrinkage intensity lambda (correlation matrix): 0.4376 

[1] "Round 34"
Estimating optimal shrinkage intensity lambda.var (variance vector): 0.9801 

Estimating optimal shrinkage intensity lambda (correlation matrix): 0.33 

Estimating optimal shrinkage intensity lambda.var (variance vector): 0.9151 

Estimating optimal shrinkage intensity lambda (correlation matrix): 0.5313 

[1] "Round 36"
Estimating optimal shrinkage intensity lambda.var (variance vector): 0.9628 

Estimating optimal shrinkage intensity lambda (correlation matrix): 0.5052 

Estimating optimal shrinkage intensity lambda.var (variance vector): 1 

Estimating optimal shrinkage intensity lambda (correlation matrix): 0.5635 

[1] "Round 38"
Estimating optimal shrinkage intensity lambda.var (variance vector): 1 

Estimating optimal shrinkage intensity lambda (correlation matrix): 0.3555 

Estimating optimal shrinkage intensity lambda.var (variance vector): 1 

Estimating optimal shrinkage intensity lambda (correlation matrix): 0.4224 

[1] "Round 40"
Estimating optimal shrinkage intensity lambda.var (variance vector): 1 

Estimating optimal shrinkage intensity lambda (correlation matrix): 0.5369 

Estimating optimal shrinkage intensity lambda.var (variance vector): 0.8547 

Estimating optimal shrinkage intensity lambda (correlation matrix): 0.5904 

[1] "Round 42"
Estimating optimal shrinkage intensity lambda.var (variance vector): 0.9906 

Estimating optimal shrinkage intensity lambda (correlation matrix): 0.4002 

Estimating optimal shrinkage intensity lambda.var (variance vector): 1 

Estimating optimal shrinkage intensity lambda (correlation matrix): 0.6098 

[1] "Round 44"
Estimating optimal shrinkage intensity lambda.var (variance vector): 1 

Estimating optimal shrinkage intensity lambda (correlation matrix): 0.5432 

Estimating optimal shrinkage intensity lambda.var (variance vector): 0.9533 

Estimating optimal shrinkage intensity lambda (correlation matrix): 0.3904 

[1] "Round 46"
Estimating optimal shrinkage intensity lambda.var (variance vector): 1 

Estimating optimal shrinkage intensity lambda (correlation matrix): 0.3263 

Estimating optimal shrinkage intensity lambda.var (variance vector): 1 

Estimating optimal shrinkage intensity lambda (correlation matrix): 0.4568 

[1] "Round 48"
Estimating optimal shrinkage intensity lambda.var (variance vector): 0.9784 

Estimating optimal shrinkage intensity lambda (correlation matrix): 0.3483 

Estimating optimal shrinkage intensity lambda.var (variance vector): 0.825 

Estimating optimal shrinkage intensity lambda (correlation matrix): 0.4631 

[1] "Round 50"
Estimating optimal shrinkage intensity lambda.var (variance vector): 0.8889 

Estimating optimal shrinkage intensity lambda (correlation matrix): 0.3856 

Estimating optimal shrinkage intensity lambda.var (variance vector): 1 

Estimating optimal shrinkage intensity lambda (correlation matrix): 0.4016 

[1] "Round 52"
Estimating optimal shrinkage intensity lambda.var (variance vector): 1 

Estimating optimal shrinkage intensity lambda (correlation matrix): 0.2862 

Estimating optimal shrinkage intensity lambda.var (variance vector): 0.9336 

Estimating optimal shrinkage intensity lambda (correlation matrix): 0.4738 

[1] "Round 54"
Estimating optimal shrinkage intensity lambda.var (variance vector): 0.9797 

Estimating optimal shrinkage intensity lambda (correlation matrix): 0.4565 

Estimating optimal shrinkage intensity lambda.var (variance vector): 0.9076 

Estimating optimal shrinkage intensity lambda (correlation matrix): 0.3261 

[1] "Round 56"
Estimating optimal shrinkage intensity lambda.var (variance vector): 1 

Estimating optimal shrinkage intensity lambda (correlation matrix): 0.3802 

Estimating optimal shrinkage intensity lambda.var (variance vector): 1 

Estimating optimal shrinkage intensity lambda (correlation matrix): 0.4604 

[1] "Round 58"
Estimating optimal shrinkage intensity lambda.var (variance vector): 1 

Estimating optimal shrinkage intensity lambda (correlation matrix): 0.2984 

Estimating optimal shrinkage intensity lambda.var (variance vector): 1 

Estimating optimal shrinkage intensity lambda (correlation matrix): 0.3532 

[1] "Round 60"
Estimating optimal shrinkage intensity lambda.var (variance vector): 0.9577 

Estimating optimal shrinkage intensity lambda (correlation matrix): 0.3829 

Estimating optimal shrinkage intensity lambda.var (variance vector): 0.984 

Estimating optimal shrinkage intensity lambda (correlation matrix): 0.4068 

[1] "Round 62"
Estimating optimal shrinkage intensity lambda.var (variance vector): 0.8915 

Estimating optimal shrinkage intensity lambda (correlation matrix): 0.4188 

Estimating optimal shrinkage intensity lambda.var (variance vector): 0.9078 

Estimating optimal shrinkage intensity lambda (correlation matrix): 0.3614 

[1] "Round 64"
Estimating optimal shrinkage intensity lambda.var (variance vector): 0.9329 

Estimating optimal shrinkage intensity lambda (correlation matrix): 0.437 

Estimating optimal shrinkage intensity lambda.var (variance vector): 1 

Estimating optimal shrinkage intensity lambda (correlation matrix): 0.3388 

[1] "Round 66"
Estimating optimal shrinkage intensity lambda.var (variance vector): 1 

Estimating optimal shrinkage intensity lambda (correlation matrix): 0.4233 

Estimating optimal shrinkage intensity lambda.var (variance vector): 1 

Estimating optimal shrinkage intensity lambda (correlation matrix): 0.4878 

[1] "Round 68"
Estimating optimal shrinkage intensity lambda.var (variance vector): 0.9449 

Estimating optimal shrinkage intensity lambda (correlation matrix): 0.3967 

Estimating optimal shrinkage intensity lambda.var (variance vector): 0.8704 

Estimating optimal shrinkage intensity lambda (correlation matrix): 0.5018 

[1] "Round 70"
Estimating optimal shrinkage intensity lambda.var (variance vector): 1 

Estimating optimal shrinkage intensity lambda (correlation matrix): 0.383 

Estimating optimal shrinkage intensity lambda.var (variance vector): 0.9458 

Estimating optimal shrinkage intensity lambda (correlation matrix): 0.4246 

[1] "Round 72"
Estimating optimal shrinkage intensity lambda.var (variance vector): 1 

Estimating optimal shrinkage intensity lambda (correlation matrix): 0.4123 

Estimating optimal shrinkage intensity lambda.var (variance vector): 1 

Estimating optimal shrinkage intensity lambda (correlation matrix): 0.5781 

[1] "Round 74"
Estimating optimal shrinkage intensity lambda.var (variance vector): 0.8699 

Estimating optimal shrinkage intensity lambda (correlation matrix): 0.3078 

Estimating optimal shrinkage intensity lambda.var (variance vector): 1 

Estimating optimal shrinkage intensity lambda (correlation matrix): 0.4055 

[1] "Round 76"
Estimating optimal shrinkage intensity lambda.var (variance vector): 1 

Estimating optimal shrinkage intensity lambda (correlation matrix): 0.3563 

Estimating optimal shrinkage intensity lambda.var (variance vector): 1 

Estimating optimal shrinkage intensity lambda (correlation matrix): 0.5318 

[1] "Round 78"
Estimating optimal shrinkage intensity lambda.var (variance vector): 0.8875 

Estimating optimal shrinkage intensity lambda (correlation matrix): 0.4395 

Estimating optimal shrinkage intensity lambda.var (variance vector): 0.8152 

Estimating optimal shrinkage intensity lambda (correlation matrix): 0.3469 

[1] "Round 80"
Estimating optimal shrinkage intensity lambda.var (variance vector): 1 

Estimating optimal shrinkage intensity lambda (correlation matrix): 0.3153 

Estimating optimal shrinkage intensity lambda.var (variance vector): 0.9163 

Estimating optimal shrinkage intensity lambda (correlation matrix): 0.3058 

[1] "Round 82"
Estimating optimal shrinkage intensity lambda.var (variance vector): 1 

Estimating optimal shrinkage intensity lambda (correlation matrix): 0.5189 

Estimating optimal shrinkage intensity lambda.var (variance vector): 0.7955 

Estimating optimal shrinkage intensity lambda (correlation matrix): 0.337 

[1] "Round 84"
Estimating optimal shrinkage intensity lambda.var (variance vector): 0.9901 

Estimating optimal shrinkage intensity lambda (correlation matrix): 0.4866 

Estimating optimal shrinkage intensity lambda.var (variance vector): 1 

Estimating optimal shrinkage intensity lambda (correlation matrix): 0.3509 

[1] "Round 86"
Estimating optimal shrinkage intensity lambda.var (variance vector): 1 

Estimating optimal shrinkage intensity lambda (correlation matrix): 0.4236 

Estimating optimal shrinkage intensity lambda.var (variance vector): 1 

Estimating optimal shrinkage intensity lambda (correlation matrix): 0.3135 

[1] "Round 88"
Estimating optimal shrinkage intensity lambda.var (variance vector): 0.7702 

Estimating optimal shrinkage intensity lambda (correlation matrix): 0.4172 

Estimating optimal shrinkage intensity lambda.var (variance vector): 0.9805 

Estimating optimal shrinkage intensity lambda (correlation matrix): 0.3638 

[1] "Round 90"
Estimating optimal shrinkage intensity lambda.var (variance vector): 0.8147 

Estimating optimal shrinkage intensity lambda (correlation matrix): 0.5036 

Estimating optimal shrinkage intensity lambda.var (variance vector): 0.9912 

Estimating optimal shrinkage intensity lambda (correlation matrix): 0.38 

[1] "Round 92"
Estimating optimal shrinkage intensity lambda.var (variance vector): 0.9333 

Estimating optimal shrinkage intensity lambda (correlation matrix): 0.4255 

Estimating optimal shrinkage intensity lambda.var (variance vector): 0.9861 

Estimating optimal shrinkage intensity lambda (correlation matrix): 0.4203 

[1] "Round 94"
Estimating optimal shrinkage intensity lambda.var (variance vector): 0.8995 

Estimating optimal shrinkage intensity lambda (correlation matrix): 0.4074 

Estimating optimal shrinkage intensity lambda.var (variance vector): 0.78 

Estimating optimal shrinkage intensity lambda (correlation matrix): 0.3285 

[1] "Round 96"
Estimating optimal shrinkage intensity lambda.var (variance vector): 1 

Estimating optimal shrinkage intensity lambda (correlation matrix): 0.4104 

Estimating optimal shrinkage intensity lambda.var (variance vector): 1 

Estimating optimal shrinkage intensity lambda (correlation matrix): 0.3019 

[1] "Round 98"
Estimating optimal shrinkage intensity lambda.var (variance vector): 0.9698 

Estimating optimal shrinkage intensity lambda (correlation matrix): 0.3447 

Estimating optimal shrinkage intensity lambda.var (variance vector): 1 

Estimating optimal shrinkage intensity lambda (correlation matrix): 0.5071 

[1] "Round 100"
Estimating optimal shrinkage intensity lambda.var (variance vector): 0.8573 

Estimating optimal shrinkage intensity lambda (correlation matrix): 0.4732 

[1] "data/Debi+dirichlet_n100_p100_tau4.5_rho0.5_sigma0.5_Nsim100"
                       lambda       SE        PE      linf         FPR
bootstrap_mean     0.84231854 817.4421 11257.352 2.9296068 0.222340426
bootstrap_mean_std 0.02732138 340.1662  4616.814 0.7079425 0.008468221
                          FNR        TPR     sum_beta
bootstrap_mean     0.19166667 0.80833333 1.603481e-17
bootstrap_mean_std 0.02846375 0.02846375 1.215896e-17
Time difference of 3.229997 mins
Estimating optimal shrinkage intensity lambda.var (variance vector): 0.9448 

Estimating optimal shrinkage intensity lambda (correlation matrix): 0.3171 

[1] "Round 2"
Estimating optimal shrinkage intensity lambda.var (variance vector): 1 

Estimating optimal shrinkage intensity lambda (correlation matrix): 0.3939 

Estimating optimal shrinkage intensity lambda.var (variance vector): 0.7856 

Estimating optimal shrinkage intensity lambda (correlation matrix): 0.3265 

[1] "Round 4"
Estimating optimal shrinkage intensity lambda.var (variance vector): 0.9838 

Estimating optimal shrinkage intensity lambda (correlation matrix): 0.3435 

Estimating optimal shrinkage intensity lambda.var (variance vector): 1 

Estimating optimal shrinkage intensity lambda (correlation matrix): 0.3375 

[1] "Round 6"
Estimating optimal shrinkage intensity lambda.var (variance vector): 1 

Estimating optimal shrinkage intensity lambda (correlation matrix): 0.2612 

Estimating optimal shrinkage intensity lambda.var (variance vector): 1 

Estimating optimal shrinkage intensity lambda (correlation matrix): 0.2727 

[1] "Round 8"
Estimating optimal shrinkage intensity lambda.var (variance vector): 1 

Estimating optimal shrinkage intensity lambda (correlation matrix): 0.3228 

Estimating optimal shrinkage intensity lambda.var (variance vector): 1 

Estimating optimal shrinkage intensity lambda (correlation matrix): 0.3231 

[1] "Round 10"
Estimating optimal shrinkage intensity lambda.var (variance vector): 1 

Estimating optimal shrinkage intensity lambda (correlation matrix): 0.3499 

Estimating optimal shrinkage intensity lambda.var (variance vector): 1 

Estimating optimal shrinkage intensity lambda (correlation matrix): 0.4748 

[1] "Round 12"
Estimating optimal shrinkage intensity lambda.var (variance vector): 1 

Estimating optimal shrinkage intensity lambda (correlation matrix): 0.3937 

Estimating optimal shrinkage intensity lambda.var (variance vector): 1 

Estimating optimal shrinkage intensity lambda (correlation matrix): 0.2174 

[1] "Round 14"
Estimating optimal shrinkage intensity lambda.var (variance vector): 1 

Estimating optimal shrinkage intensity lambda (correlation matrix): 0.2938 

Estimating optimal shrinkage intensity lambda.var (variance vector): 0.9469 

Estimating optimal shrinkage intensity lambda (correlation matrix): 0.4413 

[1] "Round 16"
Estimating optimal shrinkage intensity lambda.var (variance vector): 0.7922 

Estimating optimal shrinkage intensity lambda (correlation matrix): 0.4473 

Estimating optimal shrinkage intensity lambda.var (variance vector): 1 

Estimating optimal shrinkage intensity lambda (correlation matrix): 0.3958 

[1] "Round 18"
Estimating optimal shrinkage intensity lambda.var (variance vector): 1 

Estimating optimal shrinkage intensity lambda (correlation matrix): 0.3116 

Estimating optimal shrinkage intensity lambda.var (variance vector): 1 

Estimating optimal shrinkage intensity lambda (correlation matrix): 0.2577 

[1] "Round 20"
Estimating optimal shrinkage intensity lambda.var (variance vector): 1 

Estimating optimal shrinkage intensity lambda (correlation matrix): 0.3476 

Estimating optimal shrinkage intensity lambda.var (variance vector): 1 

Estimating optimal shrinkage intensity lambda (correlation matrix): 0.2969 

[1] "Round 22"
Estimating optimal shrinkage intensity lambda.var (variance vector): 0.9201 

Estimating optimal shrinkage intensity lambda (correlation matrix): 0.3574 

Estimating optimal shrinkage intensity lambda.var (variance vector): 1 

Estimating optimal shrinkage intensity lambda (correlation matrix): 0.2846 

[1] "Round 24"
Estimating optimal shrinkage intensity lambda.var (variance vector): 1 

Estimating optimal shrinkage intensity lambda (correlation matrix): 0.3316 

Estimating optimal shrinkage intensity lambda.var (variance vector): 0.889 

Estimating optimal shrinkage intensity lambda (correlation matrix): 0.3088 

[1] "Round 26"
Estimating optimal shrinkage intensity lambda.var (variance vector): 1 

Estimating optimal shrinkage intensity lambda (correlation matrix): 0.3437 

Estimating optimal shrinkage intensity lambda.var (variance vector): 0.8802 

Estimating optimal shrinkage intensity lambda (correlation matrix): 0.4011 

[1] "Round 28"
Estimating optimal shrinkage intensity lambda.var (variance vector): 0.9691 

Estimating optimal shrinkage intensity lambda (correlation matrix): 0.3205 

Estimating optimal shrinkage intensity lambda.var (variance vector): 1 

Estimating optimal shrinkage intensity lambda (correlation matrix): 0.2925 

[1] "Round 30"
Estimating optimal shrinkage intensity lambda.var (variance vector): 0.8981 

Estimating optimal shrinkage intensity lambda (correlation matrix): 0.3386 

Estimating optimal shrinkage intensity lambda.var (variance vector): 1 

Estimating optimal shrinkage intensity lambda (correlation matrix): 0.2254 

[1] "Round 32"
Estimating optimal shrinkage intensity lambda.var (variance vector): 1 

Estimating optimal shrinkage intensity lambda (correlation matrix): 0.3037 

Estimating optimal shrinkage intensity lambda.var (variance vector): 0.962 

Estimating optimal shrinkage intensity lambda (correlation matrix): 0.3532 

[1] "Round 34"
Estimating optimal shrinkage intensity lambda.var (variance vector): 0.9565 

Estimating optimal shrinkage intensity lambda (correlation matrix): 0.2611 

Estimating optimal shrinkage intensity lambda.var (variance vector): 0.9461 

Estimating optimal shrinkage intensity lambda (correlation matrix): 0.4532 

[1] "Round 36"
Estimating optimal shrinkage intensity lambda.var (variance vector): 1 

Estimating optimal shrinkage intensity lambda (correlation matrix): 0.4266 

Estimating optimal shrinkage intensity lambda.var (variance vector): 1 

Estimating optimal shrinkage intensity lambda (correlation matrix): 0.4725 

[1] "Round 38"
Estimating optimal shrinkage intensity lambda.var (variance vector): 0.9886 

Estimating optimal shrinkage intensity lambda (correlation matrix): 0.3041 

Estimating optimal shrinkage intensity lambda.var (variance vector): 1 

Estimating optimal shrinkage intensity lambda (correlation matrix): 0.344 

[1] "Round 40"
Estimating optimal shrinkage intensity lambda.var (variance vector): 1 

Estimating optimal shrinkage intensity lambda (correlation matrix): 0.4408 

Estimating optimal shrinkage intensity lambda.var (variance vector): 0.8975 

Estimating optimal shrinkage intensity lambda (correlation matrix): 0.5132 

[1] "Round 42"
Estimating optimal shrinkage intensity lambda.var (variance vector): 0.9975 

Estimating optimal shrinkage intensity lambda (correlation matrix): 0.3273 

Estimating optimal shrinkage intensity lambda.var (variance vector): 1 

Estimating optimal shrinkage intensity lambda (correlation matrix): 0.5161 

[1] "Round 44"
Estimating optimal shrinkage intensity lambda.var (variance vector): 1 

Estimating optimal shrinkage intensity lambda (correlation matrix): 0.4525 

Estimating optimal shrinkage intensity lambda.var (variance vector): 0.9952 

Estimating optimal shrinkage intensity lambda (correlation matrix): 0.3175 

[1] "Round 46"
Estimating optimal shrinkage intensity lambda.var (variance vector): 1 

Estimating optimal shrinkage intensity lambda (correlation matrix): 0.2738 

Estimating optimal shrinkage intensity lambda.var (variance vector): 1 

Estimating optimal shrinkage intensity lambda (correlation matrix): 0.3932 

[1] "Round 48"
Estimating optimal shrinkage intensity lambda.var (variance vector): 0.9816 

Estimating optimal shrinkage intensity lambda (correlation matrix): 0.2781 

Estimating optimal shrinkage intensity lambda.var (variance vector): 0.8298 

Estimating optimal shrinkage intensity lambda (correlation matrix): 0.3903 

[1] "Round 50"
Estimating optimal shrinkage intensity lambda.var (variance vector): 0.8922 

Estimating optimal shrinkage intensity lambda (correlation matrix): 0.312 

Estimating optimal shrinkage intensity lambda.var (variance vector): 1 

Estimating optimal shrinkage intensity lambda (correlation matrix): 0.3378 

[1] "Round 52"
Estimating optimal shrinkage intensity lambda.var (variance vector): 1 

Estimating optimal shrinkage intensity lambda (correlation matrix): 0.2342 

Estimating optimal shrinkage intensity lambda.var (variance vector): 0.9319 

Estimating optimal shrinkage intensity lambda (correlation matrix): 0.3889 

[1] "Round 54"
Estimating optimal shrinkage intensity lambda.var (variance vector): 0.9939 

Estimating optimal shrinkage intensity lambda (correlation matrix): 0.3932 

Estimating optimal shrinkage intensity lambda.var (variance vector): 0.9009 

Estimating optimal shrinkage intensity lambda (correlation matrix): 0.2775 

[1] "Round 56"
Estimating optimal shrinkage intensity lambda.var (variance vector): 1 

Estimating optimal shrinkage intensity lambda (correlation matrix): 0.3409 

Estimating optimal shrinkage intensity lambda.var (variance vector): 1 

Estimating optimal shrinkage intensity lambda (correlation matrix): 0.3892 

[1] "Round 58"
Estimating optimal shrinkage intensity lambda.var (variance vector): 1 

Estimating optimal shrinkage intensity lambda (correlation matrix): 0.2417 

Estimating optimal shrinkage intensity lambda.var (variance vector): 1 

Estimating optimal shrinkage intensity lambda (correlation matrix): 0.2766 

[1] "Round 60"
Estimating optimal shrinkage intensity lambda.var (variance vector): 0.9571 

Estimating optimal shrinkage intensity lambda (correlation matrix): 0.3183 

Estimating optimal shrinkage intensity lambda.var (variance vector): 0.9681 

Estimating optimal shrinkage intensity lambda (correlation matrix): 0.3448 

[1] "Round 62"
Estimating optimal shrinkage intensity lambda.var (variance vector): 0.8593 

Estimating optimal shrinkage intensity lambda (correlation matrix): 0.3545 

Estimating optimal shrinkage intensity lambda.var (variance vector): 0.921 

Estimating optimal shrinkage intensity lambda (correlation matrix): 0.2945 

[1] "Round 64"
Estimating optimal shrinkage intensity lambda.var (variance vector): 0.9318 

Estimating optimal shrinkage intensity lambda (correlation matrix): 0.3567 

Estimating optimal shrinkage intensity lambda.var (variance vector): 1 

Estimating optimal shrinkage intensity lambda (correlation matrix): 0.2864 

[1] "Round 66"
Estimating optimal shrinkage intensity lambda.var (variance vector): 1 

Estimating optimal shrinkage intensity lambda (correlation matrix): 0.3716 

Estimating optimal shrinkage intensity lambda.var (variance vector): 1 

Estimating optimal shrinkage intensity lambda (correlation matrix): 0.4318 

[1] "Round 68"
Estimating optimal shrinkage intensity lambda.var (variance vector): 0.9852 

Estimating optimal shrinkage intensity lambda (correlation matrix): 0.3334 

Estimating optimal shrinkage intensity lambda.var (variance vector): 0.8934 

Estimating optimal shrinkage intensity lambda (correlation matrix): 0.4293 

[1] "Round 70"
Estimating optimal shrinkage intensity lambda.var (variance vector): 1 

Estimating optimal shrinkage intensity lambda (correlation matrix): 0.3354 

Estimating optimal shrinkage intensity lambda.var (variance vector): 0.9499 

Estimating optimal shrinkage intensity lambda (correlation matrix): 0.326 

[1] "Round 72"
Estimating optimal shrinkage intensity lambda.var (variance vector): 1 

Estimating optimal shrinkage intensity lambda (correlation matrix): 0.3587 

Estimating optimal shrinkage intensity lambda.var (variance vector): 1 

Estimating optimal shrinkage intensity lambda (correlation matrix): 0.535 

[1] "Round 74"
Estimating optimal shrinkage intensity lambda.var (variance vector): 0.8847 

Estimating optimal shrinkage intensity lambda (correlation matrix): 0.253 

Estimating optimal shrinkage intensity lambda.var (variance vector): 1 

Estimating optimal shrinkage intensity lambda (correlation matrix): 0.3338 

[1] "Round 76"
Estimating optimal shrinkage intensity lambda.var (variance vector): 1 

Estimating optimal shrinkage intensity lambda (correlation matrix): 0.2808 

Estimating optimal shrinkage intensity lambda.var (variance vector): 1 

Estimating optimal shrinkage intensity lambda (correlation matrix): 0.4444 

[1] "Round 78"
Estimating optimal shrinkage intensity lambda.var (variance vector): 0.9205 

Estimating optimal shrinkage intensity lambda (correlation matrix): 0.375 

Estimating optimal shrinkage intensity lambda.var (variance vector): 0.8517 

Estimating optimal shrinkage intensity lambda (correlation matrix): 0.2729 

[1] "Round 80"
Estimating optimal shrinkage intensity lambda.var (variance vector): 1 

Estimating optimal shrinkage intensity lambda (correlation matrix): 0.2552 

Estimating optimal shrinkage intensity lambda.var (variance vector): 0.9153 

Estimating optimal shrinkage intensity lambda (correlation matrix): 0.2384 

[1] "Round 82"
Estimating optimal shrinkage intensity lambda.var (variance vector): 1 

Estimating optimal shrinkage intensity lambda (correlation matrix): 0.4481 

Estimating optimal shrinkage intensity lambda.var (variance vector): 0.7498 

Estimating optimal shrinkage intensity lambda (correlation matrix): 0.2704 

[1] "Round 84"
Estimating optimal shrinkage intensity lambda.var (variance vector): 1 

Estimating optimal shrinkage intensity lambda (correlation matrix): 0.3926 

Estimating optimal shrinkage intensity lambda.var (variance vector): 1 

Estimating optimal shrinkage intensity lambda (correlation matrix): 0.2775 

[1] "Round 86"
Estimating optimal shrinkage intensity lambda.var (variance vector): 1 

Estimating optimal shrinkage intensity lambda (correlation matrix): 0.3495 

Estimating optimal shrinkage intensity lambda.var (variance vector): 1 

Estimating optimal shrinkage intensity lambda (correlation matrix): 0.261 

[1] "Round 88"
Estimating optimal shrinkage intensity lambda.var (variance vector): 0.7702 

Estimating optimal shrinkage intensity lambda (correlation matrix): 0.3299 

Estimating optimal shrinkage intensity lambda.var (variance vector): 0.9287 

Estimating optimal shrinkage intensity lambda (correlation matrix): 0.308 

[1] "Round 90"
Estimating optimal shrinkage intensity lambda.var (variance vector): 0.8177 

Estimating optimal shrinkage intensity lambda (correlation matrix): 0.4106 

Estimating optimal shrinkage intensity lambda.var (variance vector): 0.943 

Estimating optimal shrinkage intensity lambda (correlation matrix): 0.3215 

[1] "Round 92"
Estimating optimal shrinkage intensity lambda.var (variance vector): 0.9726 

Estimating optimal shrinkage intensity lambda (correlation matrix): 0.3536 

Estimating optimal shrinkage intensity lambda.var (variance vector): 0.9538 

Estimating optimal shrinkage intensity lambda (correlation matrix): 0.3547 

[1] "Round 94"
Estimating optimal shrinkage intensity lambda.var (variance vector): 0.9042 

Estimating optimal shrinkage intensity lambda (correlation matrix): 0.3259 

Estimating optimal shrinkage intensity lambda.var (variance vector): 0.7816 

Estimating optimal shrinkage intensity lambda (correlation matrix): 0.2633 

[1] "Round 96"
Estimating optimal shrinkage intensity lambda.var (variance vector): 1 

Estimating optimal shrinkage intensity lambda (correlation matrix): 0.3543 

Estimating optimal shrinkage intensity lambda.var (variance vector): 1 

Estimating optimal shrinkage intensity lambda (correlation matrix): 0.2426 

[1] "Round 98"
Estimating optimal shrinkage intensity lambda.var (variance vector): 1 

Estimating optimal shrinkage intensity lambda (correlation matrix): 0.2838 

Estimating optimal shrinkage intensity lambda.var (variance vector): 1 

Estimating optimal shrinkage intensity lambda (correlation matrix): 0.4249 

[1] "Round 100"
Estimating optimal shrinkage intensity lambda.var (variance vector): 0.8789 

Estimating optimal shrinkage intensity lambda (correlation matrix): 0.3902 

[1] "data/Debi+dirichlet_n100_p100_tau5.5_rho0.5_sigma0.5_Nsim100"
                       lambda        SE       PE      linf        FPR
bootstrap_mean     1.08815512 2292.8579 41905.99 8.3403350 0.22851064
bootstrap_mean_std 0.04421996  634.0191 12112.41 0.9963263 0.01909662
                          FNR        TPR      sum_beta
bootstrap_mean     0.64333333 0.35666667 -4.715195e-18
bootstrap_mean_std 0.02987253 0.02987253  1.960026e-17
Time difference of 3.851815 mins
Estimating optimal shrinkage intensity lambda.var (variance vector): 0.9326 

Estimating optimal shrinkage intensity lambda (correlation matrix): 0.2783 

[1] "Round 2"
Estimating optimal shrinkage intensity lambda.var (variance vector): 1 

Estimating optimal shrinkage intensity lambda (correlation matrix): 0.3492 

Estimating optimal shrinkage intensity lambda.var (variance vector): 0.823 

Estimating optimal shrinkage intensity lambda (correlation matrix): 0.2784 

[1] "Round 4"
Estimating optimal shrinkage intensity lambda.var (variance vector): 1 

Estimating optimal shrinkage intensity lambda (correlation matrix): 0.294 

Estimating optimal shrinkage intensity lambda.var (variance vector): 1 

Estimating optimal shrinkage intensity lambda (correlation matrix): 0.2859 

[1] "Round 6"
Estimating optimal shrinkage intensity lambda.var (variance vector): 1 

Estimating optimal shrinkage intensity lambda (correlation matrix): 0.2248 

Estimating optimal shrinkage intensity lambda.var (variance vector): 1 

Estimating optimal shrinkage intensity lambda (correlation matrix): 0.2419 

[1] "Round 8"
Estimating optimal shrinkage intensity lambda.var (variance vector): 1 

Estimating optimal shrinkage intensity lambda (correlation matrix): 0.2862 

Estimating optimal shrinkage intensity lambda.var (variance vector): 1 

Estimating optimal shrinkage intensity lambda (correlation matrix): 0.2818 

[1] "Round 10"
Estimating optimal shrinkage intensity lambda.var (variance vector): 1 

Estimating optimal shrinkage intensity lambda (correlation matrix): 0.3199 

Estimating optimal shrinkage intensity lambda.var (variance vector): 1 

Estimating optimal shrinkage intensity lambda (correlation matrix): 0.4145 

[1] "Round 12"
Estimating optimal shrinkage intensity lambda.var (variance vector): 1 

Estimating optimal shrinkage intensity lambda (correlation matrix): 0.3493 

Estimating optimal shrinkage intensity lambda.var (variance vector): 1 

Estimating optimal shrinkage intensity lambda (correlation matrix): 0.1949 

[1] "Round 14"
Estimating optimal shrinkage intensity lambda.var (variance vector): 1 

Estimating optimal shrinkage intensity lambda (correlation matrix): 0.2581 

Estimating optimal shrinkage intensity lambda.var (variance vector): 0.9903 

Estimating optimal shrinkage intensity lambda (correlation matrix): 0.4034 

[1] "Round 16"
Estimating optimal shrinkage intensity lambda.var (variance vector): 0.7952 

Estimating optimal shrinkage intensity lambda (correlation matrix): 0.3996 

Estimating optimal shrinkage intensity lambda.var (variance vector): 1 

Estimating optimal shrinkage intensity lambda (correlation matrix): 0.3405 

[1] "Round 18"
Estimating optimal shrinkage intensity lambda.var (variance vector): 1 

Estimating optimal shrinkage intensity lambda (correlation matrix): 0.2677 

Estimating optimal shrinkage intensity lambda.var (variance vector): 1 

Estimating optimal shrinkage intensity lambda (correlation matrix): 0.2192 

[1] "Round 20"
Estimating optimal shrinkage intensity lambda.var (variance vector): 1 

Estimating optimal shrinkage intensity lambda (correlation matrix): 0.3016 

Estimating optimal shrinkage intensity lambda.var (variance vector): 1 

Estimating optimal shrinkage intensity lambda (correlation matrix): 0.259 

[1] "Round 22"
Estimating optimal shrinkage intensity lambda.var (variance vector): 0.914 

Estimating optimal shrinkage intensity lambda (correlation matrix): 0.307 

Estimating optimal shrinkage intensity lambda.var (variance vector): 1 

Estimating optimal shrinkage intensity lambda (correlation matrix): 0.2652 

[1] "Round 24"
Estimating optimal shrinkage intensity lambda.var (variance vector): 1 

Estimating optimal shrinkage intensity lambda (correlation matrix): 0.2784 

Estimating optimal shrinkage intensity lambda.var (variance vector): 0.9013 

Estimating optimal shrinkage intensity lambda (correlation matrix): 0.2686 

[1] "Round 26"
Estimating optimal shrinkage intensity lambda.var (variance vector): 1 

Estimating optimal shrinkage intensity lambda (correlation matrix): 0.2982 

Estimating optimal shrinkage intensity lambda.var (variance vector): 0.8876 

Estimating optimal shrinkage intensity lambda (correlation matrix): 0.3612 

[1] "Round 28"
Estimating optimal shrinkage intensity lambda.var (variance vector): 0.9969 

Estimating optimal shrinkage intensity lambda (correlation matrix): 0.2823 

Estimating optimal shrinkage intensity lambda.var (variance vector): 1 

Estimating optimal shrinkage intensity lambda (correlation matrix): 0.245 

[1] "Round 30"
Estimating optimal shrinkage intensity lambda.var (variance vector): 0.8913 

Estimating optimal shrinkage intensity lambda (correlation matrix): 0.2788 

Estimating optimal shrinkage intensity lambda.var (variance vector): 0.9996 

Estimating optimal shrinkage intensity lambda (correlation matrix): 0.202 

[1] "Round 32"
Estimating optimal shrinkage intensity lambda.var (variance vector): 1 

Estimating optimal shrinkage intensity lambda (correlation matrix): 0.2564 

Estimating optimal shrinkage intensity lambda.var (variance vector): 0.9887 

Estimating optimal shrinkage intensity lambda (correlation matrix): 0.3045 

[1] "Round 34"
Estimating optimal shrinkage intensity lambda.var (variance vector): 0.9489 

Estimating optimal shrinkage intensity lambda (correlation matrix): 0.2274 

Estimating optimal shrinkage intensity lambda.var (variance vector): 0.954 

Estimating optimal shrinkage intensity lambda (correlation matrix): 0.4047 

[1] "Round 36"
Estimating optimal shrinkage intensity lambda.var (variance vector): 1 

Estimating optimal shrinkage intensity lambda (correlation matrix): 0.3708 

Estimating optimal shrinkage intensity lambda.var (variance vector): 1 

Estimating optimal shrinkage intensity lambda (correlation matrix): 0.4248 

[1] "Round 38"
Estimating optimal shrinkage intensity lambda.var (variance vector): 0.9826 

Estimating optimal shrinkage intensity lambda (correlation matrix): 0.2723 

Estimating optimal shrinkage intensity lambda.var (variance vector): 1 

Estimating optimal shrinkage intensity lambda (correlation matrix): 0.3024 

[1] "Round 40"
Estimating optimal shrinkage intensity lambda.var (variance vector): 1 

Estimating optimal shrinkage intensity lambda (correlation matrix): 0.3814 

Estimating optimal shrinkage intensity lambda.var (variance vector): 0.9457 

Estimating optimal shrinkage intensity lambda (correlation matrix): 0.4539 

[1] "Round 42"
Estimating optimal shrinkage intensity lambda.var (variance vector): 0.9949 

Estimating optimal shrinkage intensity lambda (correlation matrix): 0.2865 

Estimating optimal shrinkage intensity lambda.var (variance vector): 1 

Estimating optimal shrinkage intensity lambda (correlation matrix): 0.4469 

[1] "Round 44"
Estimating optimal shrinkage intensity lambda.var (variance vector): 1 

Estimating optimal shrinkage intensity lambda (correlation matrix): 0.3962 

Estimating optimal shrinkage intensity lambda.var (variance vector): 1 

Estimating optimal shrinkage intensity lambda (correlation matrix): 0.2758 

[1] "Round 46"
Estimating optimal shrinkage intensity lambda.var (variance vector): 1 

Estimating optimal shrinkage intensity lambda (correlation matrix): 0.2419 

Estimating optimal shrinkage intensity lambda.var (variance vector): 1 

Estimating optimal shrinkage intensity lambda (correlation matrix): 0.3524 

[1] "Round 48"
Estimating optimal shrinkage intensity lambda.var (variance vector): 0.9876 

Estimating optimal shrinkage intensity lambda (correlation matrix): 0.24 

Estimating optimal shrinkage intensity lambda.var (variance vector): 0.8818 

Estimating optimal shrinkage intensity lambda (correlation matrix): 0.3453 

[1] "Round 50"
Estimating optimal shrinkage intensity lambda.var (variance vector): 0.9069 

Estimating optimal shrinkage intensity lambda (correlation matrix): 0.2687 

Estimating optimal shrinkage intensity lambda.var (variance vector): 1 

Estimating optimal shrinkage intensity lambda (correlation matrix): 0.3023 

[1] "Round 52"
Estimating optimal shrinkage intensity lambda.var (variance vector): 1 

Estimating optimal shrinkage intensity lambda (correlation matrix): 0.2079 

Estimating optimal shrinkage intensity lambda.var (variance vector): 0.8917 

Estimating optimal shrinkage intensity lambda (correlation matrix): 0.3376 

[1] "Round 54"
Estimating optimal shrinkage intensity lambda.var (variance vector): 1 

Estimating optimal shrinkage intensity lambda (correlation matrix): 0.3465 

Estimating optimal shrinkage intensity lambda.var (variance vector): 0.8943 

Estimating optimal shrinkage intensity lambda (correlation matrix): 0.253 

[1] "Round 56"
Estimating optimal shrinkage intensity lambda.var (variance vector): 1 

Estimating optimal shrinkage intensity lambda (correlation matrix): 0.3224 

Estimating optimal shrinkage intensity lambda.var (variance vector): 1 

Estimating optimal shrinkage intensity lambda (correlation matrix): 0.3483 

[1] "Round 58"
Estimating optimal shrinkage intensity lambda.var (variance vector): 1 

Estimating optimal shrinkage intensity lambda (correlation matrix): 0.2097 

Estimating optimal shrinkage intensity lambda.var (variance vector): 1 

Estimating optimal shrinkage intensity lambda (correlation matrix): 0.2378 

[1] "Round 60"
Estimating optimal shrinkage intensity lambda.var (variance vector): 0.9658 

Estimating optimal shrinkage intensity lambda (correlation matrix): 0.2857 

Estimating optimal shrinkage intensity lambda.var (variance vector): 0.9538 

Estimating optimal shrinkage intensity lambda (correlation matrix): 0.3115 

[1] "Round 62"
Estimating optimal shrinkage intensity lambda.var (variance vector): 0.8451 

Estimating optimal shrinkage intensity lambda (correlation matrix): 0.3149 

Estimating optimal shrinkage intensity lambda.var (variance vector): 0.9457 

Estimating optimal shrinkage intensity lambda (correlation matrix): 0.2616 

[1] "Round 64"
Estimating optimal shrinkage intensity lambda.var (variance vector): 0.9391 

Estimating optimal shrinkage intensity lambda (correlation matrix): 0.3055 

Estimating optimal shrinkage intensity lambda.var (variance vector): 1 

Estimating optimal shrinkage intensity lambda (correlation matrix): 0.2602 

[1] "Round 66"
Estimating optimal shrinkage intensity lambda.var (variance vector): 1 

Estimating optimal shrinkage intensity lambda (correlation matrix): 0.3492 

Estimating optimal shrinkage intensity lambda.var (variance vector): 1 

Estimating optimal shrinkage intensity lambda (correlation matrix): 0.3973 

[1] "Round 68"
Estimating optimal shrinkage intensity lambda.var (variance vector): 1 

Estimating optimal shrinkage intensity lambda (correlation matrix): 0.2968 

Estimating optimal shrinkage intensity lambda.var (variance vector): 0.9255 

Estimating optimal shrinkage intensity lambda (correlation matrix): 0.3815 

[1] "Round 70"
Estimating optimal shrinkage intensity lambda.var (variance vector): 1 

Estimating optimal shrinkage intensity lambda (correlation matrix): 0.3183 

Estimating optimal shrinkage intensity lambda.var (variance vector): 0.9557 

Estimating optimal shrinkage intensity lambda (correlation matrix): 0.2659 

[1] "Round 72"
Estimating optimal shrinkage intensity lambda.var (variance vector): 1 

Estimating optimal shrinkage intensity lambda (correlation matrix): 0.3335 

Estimating optimal shrinkage intensity lambda.var (variance vector): 1 

Estimating optimal shrinkage intensity lambda (correlation matrix): 0.5173 

[1] "Round 74"
Estimating optimal shrinkage intensity lambda.var (variance vector): 0.9095 

Estimating optimal shrinkage intensity lambda (correlation matrix): 0.2318 

Estimating optimal shrinkage intensity lambda.var (variance vector): 1 

Estimating optimal shrinkage intensity lambda (correlation matrix): 0.291 

[1] "Round 76"
Estimating optimal shrinkage intensity lambda.var (variance vector): 1 

Estimating optimal shrinkage intensity lambda (correlation matrix): 0.235 

Estimating optimal shrinkage intensity lambda.var (variance vector): 1 

Estimating optimal shrinkage intensity lambda (correlation matrix): 0.3899 

[1] "Round 78"
Estimating optimal shrinkage intensity lambda.var (variance vector): 0.9574 

Estimating optimal shrinkage intensity lambda (correlation matrix): 0.3328 

Estimating optimal shrinkage intensity lambda.var (variance vector): 0.8863 

Estimating optimal shrinkage intensity lambda (correlation matrix): 0.2358 

[1] "Round 80"
Estimating optimal shrinkage intensity lambda.var (variance vector): 1 

Estimating optimal shrinkage intensity lambda (correlation matrix): 0.2293 

Estimating optimal shrinkage intensity lambda.var (variance vector): 0.9231 

Estimating optimal shrinkage intensity lambda (correlation matrix): 0.2037 

[1] "Round 82"
Estimating optimal shrinkage intensity lambda.var (variance vector): 1 

Estimating optimal shrinkage intensity lambda (correlation matrix): 0.3978 

Estimating optimal shrinkage intensity lambda.var (variance vector): 0.7223 

Estimating optimal shrinkage intensity lambda (correlation matrix): 0.236 

[1] "Round 84"
Estimating optimal shrinkage intensity lambda.var (variance vector): 1 

Estimating optimal shrinkage intensity lambda (correlation matrix): 0.3374 

Estimating optimal shrinkage intensity lambda.var (variance vector): 1 

Estimating optimal shrinkage intensity lambda (correlation matrix): 0.239 

[1] "Round 86"
Estimating optimal shrinkage intensity lambda.var (variance vector): 1 

Estimating optimal shrinkage intensity lambda (correlation matrix): 0.3035 

Estimating optimal shrinkage intensity lambda.var (variance vector): 1 

Estimating optimal shrinkage intensity lambda (correlation matrix): 0.2326 

[1] "Round 88"
Estimating optimal shrinkage intensity lambda.var (variance vector): 0.7617 

Estimating optimal shrinkage intensity lambda (correlation matrix): 0.2779 

Estimating optimal shrinkage intensity lambda.var (variance vector): 0.8862 

Estimating optimal shrinkage intensity lambda (correlation matrix): 0.2778 

[1] "Round 90"
Estimating optimal shrinkage intensity lambda.var (variance vector): 0.8306 

Estimating optimal shrinkage intensity lambda (correlation matrix): 0.3461 

Estimating optimal shrinkage intensity lambda.var (variance vector): 0.8998 

Estimating optimal shrinkage intensity lambda (correlation matrix): 0.2875 

[1] "Round 92"
Estimating optimal shrinkage intensity lambda.var (variance vector): 1 

Estimating optimal shrinkage intensity lambda (correlation matrix): 0.3133 

Estimating optimal shrinkage intensity lambda.var (variance vector): 0.9238 

Estimating optimal shrinkage intensity lambda (correlation matrix): 0.3166 

[1] "Round 94"
Estimating optimal shrinkage intensity lambda.var (variance vector): 0.8936 

Estimating optimal shrinkage intensity lambda (correlation matrix): 0.2726 

Estimating optimal shrinkage intensity lambda.var (variance vector): 0.7984 

Estimating optimal shrinkage intensity lambda (correlation matrix): 0.2261 

[1] "Round 96"
Estimating optimal shrinkage intensity lambda.var (variance vector): 1 

Estimating optimal shrinkage intensity lambda (correlation matrix): 0.3196 

Estimating optimal shrinkage intensity lambda.var (variance vector): 1 

Estimating optimal shrinkage intensity lambda (correlation matrix): 0.2127 

[1] "Round 98"
Estimating optimal shrinkage intensity lambda.var (variance vector): 1 

Estimating optimal shrinkage intensity lambda (correlation matrix): 0.2529 

Estimating optimal shrinkage intensity lambda.var (variance vector): 1 

Estimating optimal shrinkage intensity lambda (correlation matrix): 0.3808 

[1] "Round 100"
Estimating optimal shrinkage intensity lambda.var (variance vector): 0.896 

Estimating optimal shrinkage intensity lambda (correlation matrix): 0.3285 

[1] "data/Debi+dirichlet_n100_p100_tau6.5_rho0.5_sigma0.5_Nsim100"
                       lambda       SE      PE     linf        FPR       FNR
bootstrap_mean     1.38442557 258666.5 4969030 34.13172 0.22489362 0.7600000
bootstrap_mean_std 0.06434819 211528.3 3875099 16.68578 0.02268447 0.0260923
                         TPR      sum_beta
bootstrap_mean     0.2400000 -6.051583e-17
bootstrap_mean_std 0.0260923  1.869275e-16
Time difference of 3.596184 mins
Estimating optimal shrinkage intensity lambda.var (variance vector): 0.9368 

Estimating optimal shrinkage intensity lambda (correlation matrix): 0.2559 

[1] "Round 2"
Estimating optimal shrinkage intensity lambda.var (variance vector): 1 

Estimating optimal shrinkage intensity lambda (correlation matrix): 0.317 

Estimating optimal shrinkage intensity lambda.var (variance vector): 0.8638 

Estimating optimal shrinkage intensity lambda (correlation matrix): 0.2505 

[1] "Round 4"
Estimating optimal shrinkage intensity lambda.var (variance vector): 1 

Estimating optimal shrinkage intensity lambda (correlation matrix): 0.2706 

Estimating optimal shrinkage intensity lambda.var (variance vector): 1 

Estimating optimal shrinkage intensity lambda (correlation matrix): 0.2606 

[1] "Round 6"
Estimating optimal shrinkage intensity lambda.var (variance vector): 1 

Estimating optimal shrinkage intensity lambda (correlation matrix): 0.2076 

Estimating optimal shrinkage intensity lambda.var (variance vector): 1 

Estimating optimal shrinkage intensity lambda (correlation matrix): 0.2225 

[1] "Round 8"
Estimating optimal shrinkage intensity lambda.var (variance vector): 1 

Estimating optimal shrinkage intensity lambda (correlation matrix): 0.2664 

Estimating optimal shrinkage intensity lambda.var (variance vector): 1 

Estimating optimal shrinkage intensity lambda (correlation matrix): 0.2615 

[1] "Round 10"
Estimating optimal shrinkage intensity lambda.var (variance vector): 1 

Estimating optimal shrinkage intensity lambda (correlation matrix): 0.2981 

Estimating optimal shrinkage intensity lambda.var (variance vector): 1 

Estimating optimal shrinkage intensity lambda (correlation matrix): 0.3744 

[1] "Round 12"
Estimating optimal shrinkage intensity lambda.var (variance vector): 1 

Estimating optimal shrinkage intensity lambda (correlation matrix): 0.3303 

Estimating optimal shrinkage intensity lambda.var (variance vector): 1 

Estimating optimal shrinkage intensity lambda (correlation matrix): 0.1828 

[1] "Round 14"
Estimating optimal shrinkage intensity lambda.var (variance vector): 1 

Estimating optimal shrinkage intensity lambda (correlation matrix): 0.2358 

Estimating optimal shrinkage intensity lambda.var (variance vector): 1 

Estimating optimal shrinkage intensity lambda (correlation matrix): 0.388 

[1] "Round 16"
Estimating optimal shrinkage intensity lambda.var (variance vector): 0.8207 

Estimating optimal shrinkage intensity lambda (correlation matrix): 0.3661 

Estimating optimal shrinkage intensity lambda.var (variance vector): 1 

Estimating optimal shrinkage intensity lambda (correlation matrix): 0.3049 

[1] "Round 18"
Estimating optimal shrinkage intensity lambda.var (variance vector): 1 

Estimating optimal shrinkage intensity lambda (correlation matrix): 0.2466 

Estimating optimal shrinkage intensity lambda.var (variance vector): 1 

Estimating optimal shrinkage intensity lambda (correlation matrix): 0.1955 

[1] "Round 20"
Estimating optimal shrinkage intensity lambda.var (variance vector): 1 

Estimating optimal shrinkage intensity lambda (correlation matrix): 0.2764 

Estimating optimal shrinkage intensity lambda.var (variance vector): 1 

Estimating optimal shrinkage intensity lambda (correlation matrix): 0.2406 

[1] "Round 22"
Estimating optimal shrinkage intensity lambda.var (variance vector): 0.9173 

Estimating optimal shrinkage intensity lambda (correlation matrix): 0.2791 

Estimating optimal shrinkage intensity lambda.var (variance vector): 1 

Estimating optimal shrinkage intensity lambda (correlation matrix): 0.2651 

[1] "Round 24"
Estimating optimal shrinkage intensity lambda.var (variance vector): 1 

Estimating optimal shrinkage intensity lambda (correlation matrix): 0.2539 

Estimating optimal shrinkage intensity lambda.var (variance vector): 0.9288 

Estimating optimal shrinkage intensity lambda (correlation matrix): 0.2491 

[1] "Round 26"
Estimating optimal shrinkage intensity lambda.var (variance vector): 1 

Estimating optimal shrinkage intensity lambda (correlation matrix): 0.2676 

Estimating optimal shrinkage intensity lambda.var (variance vector): 0.889 

Estimating optimal shrinkage intensity lambda (correlation matrix): 0.3316 

[1] "Round 28"
Estimating optimal shrinkage intensity lambda.var (variance vector): 1 

Estimating optimal shrinkage intensity lambda (correlation matrix): 0.2559 

Estimating optimal shrinkage intensity lambda.var (variance vector): 1 

Estimating optimal shrinkage intensity lambda (correlation matrix): 0.2176 

[1] "Round 30"
Estimating optimal shrinkage intensity lambda.var (variance vector): 0.8821 

Estimating optimal shrinkage intensity lambda (correlation matrix): 0.243 

Estimating optimal shrinkage intensity lambda.var (variance vector): 0.9974 

Estimating optimal shrinkage intensity lambda (correlation matrix): 0.1915 

[1] "Round 32"
Estimating optimal shrinkage intensity lambda.var (variance vector): 1 

Estimating optimal shrinkage intensity lambda (correlation matrix): 0.2335 

Estimating optimal shrinkage intensity lambda.var (variance vector): 0.9975 

Estimating optimal shrinkage intensity lambda (correlation matrix): 0.2766 

[1] "Round 34"
Estimating optimal shrinkage intensity lambda.var (variance vector): 0.9382 

Estimating optimal shrinkage intensity lambda (correlation matrix): 0.2161 

Estimating optimal shrinkage intensity lambda.var (variance vector): 0.9525 

Estimating optimal shrinkage intensity lambda (correlation matrix): 0.3744 

[1] "Round 36"
Estimating optimal shrinkage intensity lambda.var (variance vector): 1 

Estimating optimal shrinkage intensity lambda (correlation matrix): 0.3297 

Estimating optimal shrinkage intensity lambda.var (variance vector): 1 

Estimating optimal shrinkage intensity lambda (correlation matrix): 0.4052 

[1] "Round 38"
Estimating optimal shrinkage intensity lambda.var (variance vector): 0.984 

Estimating optimal shrinkage intensity lambda (correlation matrix): 0.2538 

Estimating optimal shrinkage intensity lambda.var (variance vector): 0.9828 

Estimating optimal shrinkage intensity lambda (correlation matrix): 0.2775 

[1] "Round 40"
Estimating optimal shrinkage intensity lambda.var (variance vector): 1 

Estimating optimal shrinkage intensity lambda (correlation matrix): 0.348 

Estimating optimal shrinkage intensity lambda.var (variance vector): 0.9937 

Estimating optimal shrinkage intensity lambda (correlation matrix): 0.4124 

[1] "Round 42"
Estimating optimal shrinkage intensity lambda.var (variance vector): 1 

Estimating optimal shrinkage intensity lambda (correlation matrix): 0.2721 

Estimating optimal shrinkage intensity lambda.var (variance vector): 1 

Estimating optimal shrinkage intensity lambda (correlation matrix): 0.3967 

[1] "Round 44"
Estimating optimal shrinkage intensity lambda.var (variance vector): 1 

Estimating optimal shrinkage intensity lambda (correlation matrix): 0.3604 

Estimating optimal shrinkage intensity lambda.var (variance vector): 1 

Estimating optimal shrinkage intensity lambda (correlation matrix): 0.2523 

[1] "Round 46"
Estimating optimal shrinkage intensity lambda.var (variance vector): 1 

Estimating optimal shrinkage intensity lambda (correlation matrix): 0.2221 

Estimating optimal shrinkage intensity lambda.var (variance vector): 1 

Estimating optimal shrinkage intensity lambda (correlation matrix): 0.327 

[1] "Round 48"
Estimating optimal shrinkage intensity lambda.var (variance vector): 0.976 

Estimating optimal shrinkage intensity lambda (correlation matrix): 0.228 

Estimating optimal shrinkage intensity lambda.var (variance vector): 0.9121 

Estimating optimal shrinkage intensity lambda (correlation matrix): 0.3143 

[1] "Round 50"
Estimating optimal shrinkage intensity lambda.var (variance vector): 0.9154 

Estimating optimal shrinkage intensity lambda (correlation matrix): 0.2446 

Estimating optimal shrinkage intensity lambda.var (variance vector): 1 

Estimating optimal shrinkage intensity lambda (correlation matrix): 0.2843 

[1] "Round 52"
Estimating optimal shrinkage intensity lambda.var (variance vector): 1 

Estimating optimal shrinkage intensity lambda (correlation matrix): 0.1964 

Estimating optimal shrinkage intensity lambda.var (variance vector): 0.878 

Estimating optimal shrinkage intensity lambda (correlation matrix): 0.3062 

[1] "Round 54"
Estimating optimal shrinkage intensity lambda.var (variance vector): 1 

Estimating optimal shrinkage intensity lambda (correlation matrix): 0.3138 

Estimating optimal shrinkage intensity lambda.var (variance vector): 0.8877 

Estimating optimal shrinkage intensity lambda (correlation matrix): 0.2449 

[1] "Round 56"
Estimating optimal shrinkage intensity lambda.var (variance vector): 1 

Estimating optimal shrinkage intensity lambda (correlation matrix): 0.3156 

Estimating optimal shrinkage intensity lambda.var (variance vector): 1 

Estimating optimal shrinkage intensity lambda (correlation matrix): 0.3306 

[1] "Round 58"
Estimating optimal shrinkage intensity lambda.var (variance vector): 1 

Estimating optimal shrinkage intensity lambda (correlation matrix): 0.1909 

Estimating optimal shrinkage intensity lambda.var (variance vector): 1 

Estimating optimal shrinkage intensity lambda (correlation matrix): 0.2219 

[1] "Round 60"
Estimating optimal shrinkage intensity lambda.var (variance vector): 0.9722 

Estimating optimal shrinkage intensity lambda (correlation matrix): 0.2668 

Estimating optimal shrinkage intensity lambda.var (variance vector): 0.9423 

Estimating optimal shrinkage intensity lambda (correlation matrix): 0.2971 

[1] "Round 62"
Estimating optimal shrinkage intensity lambda.var (variance vector): 0.8348 

Estimating optimal shrinkage intensity lambda (correlation matrix): 0.2937 

Estimating optimal shrinkage intensity lambda.var (variance vector): 0.9669 

Estimating optimal shrinkage intensity lambda (correlation matrix): 0.2459 

[1] "Round 64"
Estimating optimal shrinkage intensity lambda.var (variance vector): 0.9441 

Estimating optimal shrinkage intensity lambda (correlation matrix): 0.2742 

Estimating optimal shrinkage intensity lambda.var (variance vector): 1 

Estimating optimal shrinkage intensity lambda (correlation matrix): 0.2491 

[1] "Round 66"
Estimating optimal shrinkage intensity lambda.var (variance vector): 1 

Estimating optimal shrinkage intensity lambda (correlation matrix): 0.3421 

Estimating optimal shrinkage intensity lambda.var (variance vector): 1 

Estimating optimal shrinkage intensity lambda (correlation matrix): 0.3739 

[1] "Round 68"
Estimating optimal shrinkage intensity lambda.var (variance vector): 1 

Estimating optimal shrinkage intensity lambda (correlation matrix): 0.2745 

Estimating optimal shrinkage intensity lambda.var (variance vector): 0.9535 

Estimating optimal shrinkage intensity lambda (correlation matrix): 0.3588 

[1] "Round 70"
Estimating optimal shrinkage intensity lambda.var (variance vector): 1 

Estimating optimal shrinkage intensity lambda (correlation matrix): 0.3114 

Estimating optimal shrinkage intensity lambda.var (variance vector): 0.9696 

Estimating optimal shrinkage intensity lambda (correlation matrix): 0.2324 

[1] "Round 72"
Estimating optimal shrinkage intensity lambda.var (variance vector): 1 

Estimating optimal shrinkage intensity lambda (correlation matrix): 0.3207 

Estimating optimal shrinkage intensity lambda.var (variance vector): 1 

Estimating optimal shrinkage intensity lambda (correlation matrix): 0.5052 

[1] "Round 74"
Estimating optimal shrinkage intensity lambda.var (variance vector): 0.9332 

Estimating optimal shrinkage intensity lambda (correlation matrix): 0.2254 

Estimating optimal shrinkage intensity lambda.var (variance vector): 1 

Estimating optimal shrinkage intensity lambda (correlation matrix): 0.2686 

[1] "Round 76"
Estimating optimal shrinkage intensity lambda.var (variance vector): 1 

Estimating optimal shrinkage intensity lambda (correlation matrix): 0.2088 

Estimating optimal shrinkage intensity lambda.var (variance vector): 1 

Estimating optimal shrinkage intensity lambda (correlation matrix): 0.3659 

[1] "Round 78"
Estimating optimal shrinkage intensity lambda.var (variance vector): 0.9868 

Estimating optimal shrinkage intensity lambda (correlation matrix): 0.3122 

Estimating optimal shrinkage intensity lambda.var (variance vector): 0.9299 

Estimating optimal shrinkage intensity lambda (correlation matrix): 0.22 

[1] "Round 80"
Estimating optimal shrinkage intensity lambda.var (variance vector): 1 

Estimating optimal shrinkage intensity lambda (correlation matrix): 0.2233 

Estimating optimal shrinkage intensity lambda.var (variance vector): 0.9353 

Estimating optimal shrinkage intensity lambda (correlation matrix): 0.1886 

[1] "Round 82"
Estimating optimal shrinkage intensity lambda.var (variance vector): 1 

Estimating optimal shrinkage intensity lambda (correlation matrix): 0.371 

Estimating optimal shrinkage intensity lambda.var (variance vector): 0.7302 

Estimating optimal shrinkage intensity lambda (correlation matrix): 0.2193 

[1] "Round 84"
Estimating optimal shrinkage intensity lambda.var (variance vector): 1 

Estimating optimal shrinkage intensity lambda (correlation matrix): 0.3075 

Estimating optimal shrinkage intensity lambda.var (variance vector): 1 

Estimating optimal shrinkage intensity lambda (correlation matrix): 0.226 

[1] "Round 86"
Estimating optimal shrinkage intensity lambda.var (variance vector): 1 

Estimating optimal shrinkage intensity lambda (correlation matrix): 0.2816 

Estimating optimal shrinkage intensity lambda.var (variance vector): 1 

Estimating optimal shrinkage intensity lambda (correlation matrix): 0.2175 

[1] "Round 88"
Estimating optimal shrinkage intensity lambda.var (variance vector): 0.7513 

Estimating optimal shrinkage intensity lambda (correlation matrix): 0.248 

Estimating optimal shrinkage intensity lambda.var (variance vector): 0.873 

Estimating optimal shrinkage intensity lambda (correlation matrix): 0.2644 

[1] "Round 90"
Estimating optimal shrinkage intensity lambda.var (variance vector): 0.8461 

Estimating optimal shrinkage intensity lambda (correlation matrix): 0.307 

Estimating optimal shrinkage intensity lambda.var (variance vector): 0.9104 

Estimating optimal shrinkage intensity lambda (correlation matrix): 0.2674 

[1] "Round 92"
Estimating optimal shrinkage intensity lambda.var (variance vector): 1 

Estimating optimal shrinkage intensity lambda (correlation matrix): 0.2895 

Estimating optimal shrinkage intensity lambda.var (variance vector): 0.898 

Estimating optimal shrinkage intensity lambda (correlation matrix): 0.294 

[1] "Round 94"
Estimating optimal shrinkage intensity lambda.var (variance vector): 0.8864 

Estimating optimal shrinkage intensity lambda (correlation matrix): 0.2411 

Estimating optimal shrinkage intensity lambda.var (variance vector): 0.8228 

Estimating optimal shrinkage intensity lambda (correlation matrix): 0.2046 

[1] "Round 96"
Estimating optimal shrinkage intensity lambda.var (variance vector): 1 

Estimating optimal shrinkage intensity lambda (correlation matrix): 0.296 

Estimating optimal shrinkage intensity lambda.var (variance vector): 1 

Estimating optimal shrinkage intensity lambda (correlation matrix): 0.1977 

[1] "Round 98"
Estimating optimal shrinkage intensity lambda.var (variance vector): 1 

Estimating optimal shrinkage intensity lambda (correlation matrix): 0.2336 

Estimating optimal shrinkage intensity lambda.var (variance vector): 1 

Estimating optimal shrinkage intensity lambda (correlation matrix): 0.3572 

[1] "Round 100"
Estimating optimal shrinkage intensity lambda.var (variance vector): 0.9307 

Estimating optimal shrinkage intensity lambda (correlation matrix): 0.2869 

[1] "data/Debi+dirichlet_n100_p100_tau7.5_rho0.5_sigma0.5_Nsim100"
                       lambda       SE       PE      linf        FPR        FNR
bootstrap_mean     1.65680367 21252.24 560831.7 15.542303 0.26829787 0.70166667
bootstrap_mean_std 0.07723663 12789.79 339294.3  4.028773 0.02468951 0.02913791
                          TPR     sum_beta
bootstrap_mean     0.29833333 5.296544e-17
bootstrap_mean_std 0.02913791 3.036347e-17
Time difference of 3.679361 mins
Estimating optimal shrinkage intensity lambda.var (variance vector): 0.932 

Estimating optimal shrinkage intensity lambda (correlation matrix): 0.2498 

[1] "Round 2"
Estimating optimal shrinkage intensity lambda.var (variance vector): 1 

Estimating optimal shrinkage intensity lambda (correlation matrix): 0.2937 

Estimating optimal shrinkage intensity lambda.var (variance vector): 0.9053 

Estimating optimal shrinkage intensity lambda (correlation matrix): 0.2361 

[1] "Round 4"
Estimating optimal shrinkage intensity lambda.var (variance vector): 1 

Estimating optimal shrinkage intensity lambda (correlation matrix): 0.2654 

Estimating optimal shrinkage intensity lambda.var (variance vector): 1 

Estimating optimal shrinkage intensity lambda (correlation matrix): 0.2496 

[1] "Round 6"
Estimating optimal shrinkage intensity lambda.var (variance vector): 1 

Estimating optimal shrinkage intensity lambda (correlation matrix): 0.2034 

Estimating optimal shrinkage intensity lambda.var (variance vector): 1 

Estimating optimal shrinkage intensity lambda (correlation matrix): 0.211 

[1] "Round 8"
Estimating optimal shrinkage intensity lambda.var (variance vector): 1 

Estimating optimal shrinkage intensity lambda (correlation matrix): 0.2584 

Estimating optimal shrinkage intensity lambda.var (variance vector): 1 

Estimating optimal shrinkage intensity lambda (correlation matrix): 0.2589 

[1] "Round 10"
Estimating optimal shrinkage intensity lambda.var (variance vector): 1 

Estimating optimal shrinkage intensity lambda (correlation matrix): 0.2838 

Estimating optimal shrinkage intensity lambda.var (variance vector): 1 

Estimating optimal shrinkage intensity lambda (correlation matrix): 0.3495 

[1] "Round 12"
Estimating optimal shrinkage intensity lambda.var (variance vector): 0.9922 

Estimating optimal shrinkage intensity lambda (correlation matrix): 0.3279 

Estimating optimal shrinkage intensity lambda.var (variance vector): 1 

Estimating optimal shrinkage intensity lambda (correlation matrix): 0.1788 

[1] "Round 14"
Estimating optimal shrinkage intensity lambda.var (variance vector): 1 

Estimating optimal shrinkage intensity lambda (correlation matrix): 0.2237 

Estimating optimal shrinkage intensity lambda.var (variance vector): 0.9981 

Estimating optimal shrinkage intensity lambda (correlation matrix): 0.3886 

[1] "Round 16"
Estimating optimal shrinkage intensity lambda.var (variance vector): 0.8449 

Estimating optimal shrinkage intensity lambda (correlation matrix): 0.345 

Estimating optimal shrinkage intensity lambda.var (variance vector): 1 

Estimating optimal shrinkage intensity lambda (correlation matrix): 0.2826 

[1] "Round 18"
Estimating optimal shrinkage intensity lambda.var (variance vector): 1 

Estimating optimal shrinkage intensity lambda (correlation matrix): 0.2352 

Estimating optimal shrinkage intensity lambda.var (variance vector): 1 

Estimating optimal shrinkage intensity lambda (correlation matrix): 0.1844 

[1] "Round 20"
Estimating optimal shrinkage intensity lambda.var (variance vector): 1 

Estimating optimal shrinkage intensity lambda (correlation matrix): 0.2709 

Estimating optimal shrinkage intensity lambda.var (variance vector): 1 

Estimating optimal shrinkage intensity lambda (correlation matrix): 0.233 

[1] "Round 22"
Estimating optimal shrinkage intensity lambda.var (variance vector): 0.9265 

Estimating optimal shrinkage intensity lambda (correlation matrix): 0.2646 

Estimating optimal shrinkage intensity lambda.var (variance vector): 1 

Estimating optimal shrinkage intensity lambda (correlation matrix): 0.2719 

[1] "Round 24"
Estimating optimal shrinkage intensity lambda.var (variance vector): 1 

Estimating optimal shrinkage intensity lambda (correlation matrix): 0.2444 

Estimating optimal shrinkage intensity lambda.var (variance vector): 0.9426 

Estimating optimal shrinkage intensity lambda (correlation matrix): 0.2388 

[1] "Round 26"
Estimating optimal shrinkage intensity lambda.var (variance vector): 1 

Estimating optimal shrinkage intensity lambda (correlation matrix): 0.2507 

Estimating optimal shrinkage intensity lambda.var (variance vector): 0.8877 

Estimating optimal shrinkage intensity lambda (correlation matrix): 0.3157 

[1] "Round 28"
Estimating optimal shrinkage intensity lambda.var (variance vector): 1 

Estimating optimal shrinkage intensity lambda (correlation matrix): 0.2365 

Estimating optimal shrinkage intensity lambda.var (variance vector): 0.9989 

Estimating optimal shrinkage intensity lambda (correlation matrix): 0.2067 

[1] "Round 30"
Estimating optimal shrinkage intensity lambda.var (variance vector): 0.8808 

Estimating optimal shrinkage intensity lambda (correlation matrix): 0.2269 

Estimating optimal shrinkage intensity lambda.var (variance vector): 1 

Estimating optimal shrinkage intensity lambda (correlation matrix): 0.187 

[1] "Round 32"
Estimating optimal shrinkage intensity lambda.var (variance vector): 1 

Estimating optimal shrinkage intensity lambda (correlation matrix): 0.226 

Estimating optimal shrinkage intensity lambda.var (variance vector): 0.9691 

Estimating optimal shrinkage intensity lambda (correlation matrix): 0.2675 

[1] "Round 34"
Estimating optimal shrinkage intensity lambda.var (variance vector): 0.9411 

Estimating optimal shrinkage intensity lambda (correlation matrix): 0.2182 

Estimating optimal shrinkage intensity lambda.var (variance vector): 0.9433 

Estimating optimal shrinkage intensity lambda (correlation matrix): 0.3578 

[1] "Round 36"
Estimating optimal shrinkage intensity lambda.var (variance vector): 1 

Estimating optimal shrinkage intensity lambda (correlation matrix): 0.3033 

Estimating optimal shrinkage intensity lambda.var (variance vector): 1 

Estimating optimal shrinkage intensity lambda (correlation matrix): 0.3982 

[1] "Round 38"
Estimating optimal shrinkage intensity lambda.var (variance vector): 0.9807 

Estimating optimal shrinkage intensity lambda (correlation matrix): 0.2483 

Estimating optimal shrinkage intensity lambda.var (variance vector): 0.9636 

Estimating optimal shrinkage intensity lambda (correlation matrix): 0.2706 

[1] "Round 40"
Estimating optimal shrinkage intensity lambda.var (variance vector): 1 

Estimating optimal shrinkage intensity lambda (correlation matrix): 0.3216 

Estimating optimal shrinkage intensity lambda.var (variance vector): 1 

Estimating optimal shrinkage intensity lambda (correlation matrix): 0.3918 

[1] "Round 42"
Estimating optimal shrinkage intensity lambda.var (variance vector): 1 

Estimating optimal shrinkage intensity lambda (correlation matrix): 0.274 

Estimating optimal shrinkage intensity lambda.var (variance vector): 1 

Estimating optimal shrinkage intensity lambda (correlation matrix): 0.3617 

[1] "Round 44"
Estimating optimal shrinkage intensity lambda.var (variance vector): 1 

Estimating optimal shrinkage intensity lambda (correlation matrix): 0.34 

Estimating optimal shrinkage intensity lambda.var (variance vector): 1 

Estimating optimal shrinkage intensity lambda (correlation matrix): 0.2442 

[1] "Round 46"
Estimating optimal shrinkage intensity lambda.var (variance vector): 1 

Estimating optimal shrinkage intensity lambda (correlation matrix): 0.2103 

Estimating optimal shrinkage intensity lambda.var (variance vector): 0.9899 

Estimating optimal shrinkage intensity lambda (correlation matrix): 0.3144 

[1] "Round 48"
Estimating optimal shrinkage intensity lambda.var (variance vector): 0.9877 

Estimating optimal shrinkage intensity lambda (correlation matrix): 0.2316 

Estimating optimal shrinkage intensity lambda.var (variance vector): 0.9424 

Estimating optimal shrinkage intensity lambda (correlation matrix): 0.295 

[1] "Round 50"
Estimating optimal shrinkage intensity lambda.var (variance vector): 0.9236 

Estimating optimal shrinkage intensity lambda (correlation matrix): 0.2353 

Estimating optimal shrinkage intensity lambda.var (variance vector): 1 

Estimating optimal shrinkage intensity lambda (correlation matrix): 0.2794 

[1] "Round 52"
Estimating optimal shrinkage intensity lambda.var (variance vector): 1 

Estimating optimal shrinkage intensity lambda (correlation matrix): 0.195 

Estimating optimal shrinkage intensity lambda.var (variance vector): 0.886 

Estimating optimal shrinkage intensity lambda (correlation matrix): 0.2912 

[1] "Round 54"
Estimating optimal shrinkage intensity lambda.var (variance vector): 1 

Estimating optimal shrinkage intensity lambda (correlation matrix): 0.2969 

Estimating optimal shrinkage intensity lambda.var (variance vector): 0.8914 

Estimating optimal shrinkage intensity lambda (correlation matrix): 0.2454 

[1] "Round 56"
Estimating optimal shrinkage intensity lambda.var (variance vector): 1 

Estimating optimal shrinkage intensity lambda (correlation matrix): 0.3157 

Estimating optimal shrinkage intensity lambda.var (variance vector): 1 

Estimating optimal shrinkage intensity lambda (correlation matrix): 0.3271 

[1] "Round 58"
Estimating optimal shrinkage intensity lambda.var (variance vector): 1 

Estimating optimal shrinkage intensity lambda (correlation matrix): 0.1806 

Estimating optimal shrinkage intensity lambda.var (variance vector): 1 

Estimating optimal shrinkage intensity lambda (correlation matrix): 0.2199 

[1] "Round 60"
Estimating optimal shrinkage intensity lambda.var (variance vector): 0.985 

Estimating optimal shrinkage intensity lambda (correlation matrix): 0.2587 

Estimating optimal shrinkage intensity lambda.var (variance vector): 0.9313 

Estimating optimal shrinkage intensity lambda (correlation matrix): 0.2935 

[1] "Round 62"
Estimating optimal shrinkage intensity lambda.var (variance vector): 0.8368 

Estimating optimal shrinkage intensity lambda (correlation matrix): 0.2854 

Estimating optimal shrinkage intensity lambda.var (variance vector): 0.9908 

Estimating optimal shrinkage intensity lambda (correlation matrix): 0.2449 

[1] "Round 64"
Estimating optimal shrinkage intensity lambda.var (variance vector): 0.9395 

Estimating optimal shrinkage intensity lambda (correlation matrix): 0.2615 

Estimating optimal shrinkage intensity lambda.var (variance vector): 1 

Estimating optimal shrinkage intensity lambda (correlation matrix): 0.2431 

[1] "Round 66"
Estimating optimal shrinkage intensity lambda.var (variance vector): 1 

Estimating optimal shrinkage intensity lambda (correlation matrix): 0.3402 

Estimating optimal shrinkage intensity lambda.var (variance vector): 1 

Estimating optimal shrinkage intensity lambda (correlation matrix): 0.3579 

[1] "Round 68"
Estimating optimal shrinkage intensity lambda.var (variance vector): 1 

Estimating optimal shrinkage intensity lambda (correlation matrix): 0.2648 

Estimating optimal shrinkage intensity lambda.var (variance vector): 0.9748 

Estimating optimal shrinkage intensity lambda (correlation matrix): 0.3508 

[1] "Round 70"
Estimating optimal shrinkage intensity lambda.var (variance vector): 1 

Estimating optimal shrinkage intensity lambda (correlation matrix): 0.3097 

Estimating optimal shrinkage intensity lambda.var (variance vector): 0.9867 

Estimating optimal shrinkage intensity lambda (correlation matrix): 0.2179 

[1] "Round 72"
Estimating optimal shrinkage intensity lambda.var (variance vector): 1 

Estimating optimal shrinkage intensity lambda (correlation matrix): 0.3144 

Estimating optimal shrinkage intensity lambda.var (variance vector): 1 

Estimating optimal shrinkage intensity lambda (correlation matrix): 0.4973 

[1] "Round 74"
Estimating optimal shrinkage intensity lambda.var (variance vector): 0.9508 

Estimating optimal shrinkage intensity lambda (correlation matrix): 0.2237 

Estimating optimal shrinkage intensity lambda.var (variance vector): 1 

Estimating optimal shrinkage intensity lambda (correlation matrix): 0.2686 

[1] "Round 76"
Estimating optimal shrinkage intensity lambda.var (variance vector): 1 

Estimating optimal shrinkage intensity lambda (correlation matrix): 0.1948 

Estimating optimal shrinkage intensity lambda.var (variance vector): 1 

Estimating optimal shrinkage intensity lambda (correlation matrix): 0.3564 

[1] "Round 78"
Estimating optimal shrinkage intensity lambda.var (variance vector): 1 

Estimating optimal shrinkage intensity lambda (correlation matrix): 0.3088 

Estimating optimal shrinkage intensity lambda.var (variance vector): 0.9697 

Estimating optimal shrinkage intensity lambda (correlation matrix): 0.2106 

[1] "Round 80"
Estimating optimal shrinkage intensity lambda.var (variance vector): 1 

Estimating optimal shrinkage intensity lambda (correlation matrix): 0.2269 

Estimating optimal shrinkage intensity lambda.var (variance vector): 0.9525 

Estimating optimal shrinkage intensity lambda (correlation matrix): 0.182 

[1] "Round 82"
Estimating optimal shrinkage intensity lambda.var (variance vector): 1 

Estimating optimal shrinkage intensity lambda (correlation matrix): 0.3649 

Estimating optimal shrinkage intensity lambda.var (variance vector): 0.7387 

Estimating optimal shrinkage intensity lambda (correlation matrix): 0.2168 

[1] "Round 84"
Estimating optimal shrinkage intensity lambda.var (variance vector): 1 

Estimating optimal shrinkage intensity lambda (correlation matrix): 0.2913 

Estimating optimal shrinkage intensity lambda.var (variance vector): 0.9654 

Estimating optimal shrinkage intensity lambda (correlation matrix): 0.2323 

[1] "Round 86"
Estimating optimal shrinkage intensity lambda.var (variance vector): 1 

Estimating optimal shrinkage intensity lambda (correlation matrix): 0.2758 

Estimating optimal shrinkage intensity lambda.var (variance vector): 1 

Estimating optimal shrinkage intensity lambda (correlation matrix): 0.2098 

[1] "Round 88"
Estimating optimal shrinkage intensity lambda.var (variance vector): 0.7565 

Estimating optimal shrinkage intensity lambda (correlation matrix): 0.2337 

Estimating optimal shrinkage intensity lambda.var (variance vector): 0.8745 

Estimating optimal shrinkage intensity lambda (correlation matrix): 0.2619 

[1] "Round 90"
Estimating optimal shrinkage intensity lambda.var (variance vector): 0.8473 

Estimating optimal shrinkage intensity lambda (correlation matrix): 0.2903 

Estimating optimal shrinkage intensity lambda.var (variance vector): 0.9047 

Estimating optimal shrinkage intensity lambda (correlation matrix): 0.2621 

[1] "Round 92"
Estimating optimal shrinkage intensity lambda.var (variance vector): 1 

Estimating optimal shrinkage intensity lambda (correlation matrix): 0.2719 

Estimating optimal shrinkage intensity lambda.var (variance vector): 0.8769 

Estimating optimal shrinkage intensity lambda (correlation matrix): 0.2837 

[1] "Round 94"
Estimating optimal shrinkage intensity lambda.var (variance vector): 0.8782 

Estimating optimal shrinkage intensity lambda (correlation matrix): 0.2243 

Estimating optimal shrinkage intensity lambda.var (variance vector): 0.8551 

Estimating optimal shrinkage intensity lambda (correlation matrix): 0.1944 

[1] "Round 96"
Estimating optimal shrinkage intensity lambda.var (variance vector): 1 

Estimating optimal shrinkage intensity lambda (correlation matrix): 0.2787 

Estimating optimal shrinkage intensity lambda.var (variance vector): 1 

Estimating optimal shrinkage intensity lambda (correlation matrix): 0.1931 

[1] "Round 98"
Estimating optimal shrinkage intensity lambda.var (variance vector): 1 

Estimating optimal shrinkage intensity lambda (correlation matrix): 0.2198 

Estimating optimal shrinkage intensity lambda.var (variance vector): 1 

Estimating optimal shrinkage intensity lambda (correlation matrix): 0.346 

[1] "Round 100"
Estimating optimal shrinkage intensity lambda.var (variance vector): 0.9691 

Estimating optimal shrinkage intensity lambda (correlation matrix): 0.262 

[1] "data/Debi+dirichlet_n100_p100_tau8.5_rho0.5_sigma0.5_Nsim100"
                      lambda       SE      PE      linf        FPR        FNR
bootstrap_mean     2.1409368 47355.23 1283682 14.130852 0.37340426 0.64166667
bootstrap_mean_std 0.1041371 44123.65 1190538  5.149442 0.02487261 0.02735794
                          TPR     sum_beta
bootstrap_mean     0.35833333 1.366897e-16
bootstrap_mean_std 0.02735794 1.287022e-16
Time difference of 3.574727 mins
Estimating optimal shrinkage intensity lambda.var (variance vector): 0.9222 

Estimating optimal shrinkage intensity lambda (correlation matrix): 0.2536 

[1] "Round 2"
Estimating optimal shrinkage intensity lambda.var (variance vector): 1 

Estimating optimal shrinkage intensity lambda (correlation matrix): 0.2812 

Estimating optimal shrinkage intensity lambda.var (variance vector): 0.9441 

Estimating optimal shrinkage intensity lambda (correlation matrix): 0.2356 

[1] "Round 4"
Estimating optimal shrinkage intensity lambda.var (variance vector): 1 

Estimating optimal shrinkage intensity lambda (correlation matrix): 0.2726 

Estimating optimal shrinkage intensity lambda.var (variance vector): 1 

Estimating optimal shrinkage intensity lambda (correlation matrix): 0.2482 

[1] "Round 6"
Estimating optimal shrinkage intensity lambda.var (variance vector): 1 

Estimating optimal shrinkage intensity lambda (correlation matrix): 0.2066 

Estimating optimal shrinkage intensity lambda.var (variance vector): 1 

Estimating optimal shrinkage intensity lambda (correlation matrix): 0.2083 

[1] "Round 8"
Estimating optimal shrinkage intensity lambda.var (variance vector): 1 

Estimating optimal shrinkage intensity lambda (correlation matrix): 0.2571 

Estimating optimal shrinkage intensity lambda.var (variance vector): 1 

Estimating optimal shrinkage intensity lambda (correlation matrix): 0.266 

[1] "Round 10"
Estimating optimal shrinkage intensity lambda.var (variance vector): 1 

Estimating optimal shrinkage intensity lambda (correlation matrix): 0.2741 

Estimating optimal shrinkage intensity lambda.var (variance vector): 0.9966 

Estimating optimal shrinkage intensity lambda (correlation matrix): 0.3402 

[1] "Round 12"
Estimating optimal shrinkage intensity lambda.var (variance vector): 0.9714 

Estimating optimal shrinkage intensity lambda (correlation matrix): 0.3259 

Estimating optimal shrinkage intensity lambda.var (variance vector): 1 

Estimating optimal shrinkage intensity lambda (correlation matrix): 0.1816 

[1] "Round 14"
Estimating optimal shrinkage intensity lambda.var (variance vector): 1 

Estimating optimal shrinkage intensity lambda (correlation matrix): 0.2201 

Estimating optimal shrinkage intensity lambda.var (variance vector): 0.9889 

Estimating optimal shrinkage intensity lambda (correlation matrix): 0.3992 

[1] "Round 16"
Estimating optimal shrinkage intensity lambda.var (variance vector): 0.8708 

Estimating optimal shrinkage intensity lambda (correlation matrix): 0.3349 

Estimating optimal shrinkage intensity lambda.var (variance vector): 1 

Estimating optimal shrinkage intensity lambda (correlation matrix): 0.2726 

[1] "Round 18"
Estimating optimal shrinkage intensity lambda.var (variance vector): 1 

Estimating optimal shrinkage intensity lambda (correlation matrix): 0.2298 

Estimating optimal shrinkage intensity lambda.var (variance vector): 1 

Estimating optimal shrinkage intensity lambda (correlation matrix): 0.1842 

[1] "Round 20"
Estimating optimal shrinkage intensity lambda.var (variance vector): 1 

Estimating optimal shrinkage intensity lambda (correlation matrix): 0.277 

Estimating optimal shrinkage intensity lambda.var (variance vector): 1 

Estimating optimal shrinkage intensity lambda (correlation matrix): 0.2322 

[1] "Round 22"
Estimating optimal shrinkage intensity lambda.var (variance vector): 0.9373 

Estimating optimal shrinkage intensity lambda (correlation matrix): 0.2598 

Estimating optimal shrinkage intensity lambda.var (variance vector): 1 

Estimating optimal shrinkage intensity lambda (correlation matrix): 0.2777 

[1] "Round 24"
Estimating optimal shrinkage intensity lambda.var (variance vector): 1 

Estimating optimal shrinkage intensity lambda (correlation matrix): 0.2414 

Estimating optimal shrinkage intensity lambda.var (variance vector): 0.9556 

Estimating optimal shrinkage intensity lambda (correlation matrix): 0.2373 

[1] "Round 26"
Estimating optimal shrinkage intensity lambda.var (variance vector): 1 

Estimating optimal shrinkage intensity lambda (correlation matrix): 0.244 

Estimating optimal shrinkage intensity lambda.var (variance vector): 0.8837 

Estimating optimal shrinkage intensity lambda (correlation matrix): 0.3094 

[1] "Round 28"
Estimating optimal shrinkage intensity lambda.var (variance vector): 1 

Estimating optimal shrinkage intensity lambda (correlation matrix): 0.2257 

Estimating optimal shrinkage intensity lambda.var (variance vector): 0.9974 

Estimating optimal shrinkage intensity lambda (correlation matrix): 0.207 

[1] "Round 30"
Estimating optimal shrinkage intensity lambda.var (variance vector): 0.8662 

Estimating optimal shrinkage intensity lambda (correlation matrix): 0.2231 

Estimating optimal shrinkage intensity lambda.var (variance vector): 1 

Estimating optimal shrinkage intensity lambda (correlation matrix): 0.1872 

[1] "Round 32"
Estimating optimal shrinkage intensity lambda.var (variance vector): 1 

Estimating optimal shrinkage intensity lambda (correlation matrix): 0.2262 

Estimating optimal shrinkage intensity lambda.var (variance vector): 0.9984 

Estimating optimal shrinkage intensity lambda (correlation matrix): 0.2674 

[1] "Round 34"
Estimating optimal shrinkage intensity lambda.var (variance vector): 0.9415 

Estimating optimal shrinkage intensity lambda (correlation matrix): 0.231 

Estimating optimal shrinkage intensity lambda.var (variance vector): 0.9325 

Estimating optimal shrinkage intensity lambda (correlation matrix): 0.3518 

[1] "Round 36"
Estimating optimal shrinkage intensity lambda.var (variance vector): 1 

Estimating optimal shrinkage intensity lambda (correlation matrix): 0.2913 

Estimating optimal shrinkage intensity lambda.var (variance vector): 1 

Estimating optimal shrinkage intensity lambda (correlation matrix): 0.3981 

[1] "Round 38"
Estimating optimal shrinkage intensity lambda.var (variance vector): 0.9798 

Estimating optimal shrinkage intensity lambda (correlation matrix): 0.2542 

Estimating optimal shrinkage intensity lambda.var (variance vector): 0.9367 

Estimating optimal shrinkage intensity lambda (correlation matrix): 0.282 

[1] "Round 40"
Estimating optimal shrinkage intensity lambda.var (variance vector): 1 

Estimating optimal shrinkage intensity lambda (correlation matrix): 0.2974 

Estimating optimal shrinkage intensity lambda.var (variance vector): 1 

Estimating optimal shrinkage intensity lambda (correlation matrix): 0.388 

[1] "Round 42"
Estimating optimal shrinkage intensity lambda.var (variance vector): 1 

Estimating optimal shrinkage intensity lambda (correlation matrix): 0.2844 

Estimating optimal shrinkage intensity lambda.var (variance vector): 1 

Estimating optimal shrinkage intensity lambda (correlation matrix): 0.3381 

[1] "Round 44"
Estimating optimal shrinkage intensity lambda.var (variance vector): 1 

Estimating optimal shrinkage intensity lambda (correlation matrix): 0.3282 

Estimating optimal shrinkage intensity lambda.var (variance vector): 1 

Estimating optimal shrinkage intensity lambda (correlation matrix): 0.2458 

[1] "Round 46"
Estimating optimal shrinkage intensity lambda.var (variance vector): 1 

Estimating optimal shrinkage intensity lambda (correlation matrix): 0.2056 

Estimating optimal shrinkage intensity lambda.var (variance vector): 0.9582 

Estimating optimal shrinkage intensity lambda (correlation matrix): 0.3118 

[1] "Round 48"
Estimating optimal shrinkage intensity lambda.var (variance vector): 0.988 

Estimating optimal shrinkage intensity lambda (correlation matrix): 0.2408 

Estimating optimal shrinkage intensity lambda.var (variance vector): 0.9633 

Estimating optimal shrinkage intensity lambda (correlation matrix): 0.2835 

[1] "Round 50"
Estimating optimal shrinkage intensity lambda.var (variance vector): 0.9296 

Estimating optimal shrinkage intensity lambda (correlation matrix): 0.2368 

Estimating optimal shrinkage intensity lambda.var (variance vector): 1 

Estimating optimal shrinkage intensity lambda (correlation matrix): 0.2843 

[1] "Round 52"
Estimating optimal shrinkage intensity lambda.var (variance vector): 1 

Estimating optimal shrinkage intensity lambda (correlation matrix): 0.199 

Estimating optimal shrinkage intensity lambda.var (variance vector): 0.8883 

Estimating optimal shrinkage intensity lambda (correlation matrix): 0.2922 

[1] "Round 54"
Estimating optimal shrinkage intensity lambda.var (variance vector): 1 

Estimating optimal shrinkage intensity lambda (correlation matrix): 0.2898 

Estimating optimal shrinkage intensity lambda.var (variance vector): 0.8958 

Estimating optimal shrinkage intensity lambda (correlation matrix): 0.2484 

[1] "Round 56"
Estimating optimal shrinkage intensity lambda.var (variance vector): 1 

Estimating optimal shrinkage intensity lambda (correlation matrix): 0.32 

Estimating optimal shrinkage intensity lambda.var (variance vector): 1 

Estimating optimal shrinkage intensity lambda (correlation matrix): 0.3253 

[1] "Round 58"
Estimating optimal shrinkage intensity lambda.var (variance vector): 1 

Estimating optimal shrinkage intensity lambda (correlation matrix): 0.177 

Estimating optimal shrinkage intensity lambda.var (variance vector): 1 

Estimating optimal shrinkage intensity lambda (correlation matrix): 0.2236 

[1] "Round 60"
Estimating optimal shrinkage intensity lambda.var (variance vector): 0.9914 

Estimating optimal shrinkage intensity lambda (correlation matrix): 0.2574 

Estimating optimal shrinkage intensity lambda.var (variance vector): 0.9299 

Estimating optimal shrinkage intensity lambda (correlation matrix): 0.2947 

[1] "Round 62"
Estimating optimal shrinkage intensity lambda.var (variance vector): 0.8378 

Estimating optimal shrinkage intensity lambda (correlation matrix): 0.2855 

Estimating optimal shrinkage intensity lambda.var (variance vector): 1 

Estimating optimal shrinkage intensity lambda (correlation matrix): 0.2524 

[1] "Round 64"
Estimating optimal shrinkage intensity lambda.var (variance vector): 0.9305 

Estimating optimal shrinkage intensity lambda (correlation matrix): 0.2646 

Estimating optimal shrinkage intensity lambda.var (variance vector): 1 

Estimating optimal shrinkage intensity lambda (correlation matrix): 0.2421 

[1] "Round 66"
Estimating optimal shrinkage intensity lambda.var (variance vector): 1 

Estimating optimal shrinkage intensity lambda (correlation matrix): 0.3369 

Estimating optimal shrinkage intensity lambda.var (variance vector): 1 

Estimating optimal shrinkage intensity lambda (correlation matrix): 0.3483 

[1] "Round 68"
Estimating optimal shrinkage intensity lambda.var (variance vector): 1 

Estimating optimal shrinkage intensity lambda (correlation matrix): 0.2662 

Estimating optimal shrinkage intensity lambda.var (variance vector): 0.9905 

Estimating optimal shrinkage intensity lambda (correlation matrix): 0.3539 

[1] "Round 70"
Estimating optimal shrinkage intensity lambda.var (variance vector): 1 

Estimating optimal shrinkage intensity lambda (correlation matrix): 0.3104 

Estimating optimal shrinkage intensity lambda.var (variance vector): 1 

Estimating optimal shrinkage intensity lambda (correlation matrix): 0.2118 

[1] "Round 72"
Estimating optimal shrinkage intensity lambda.var (variance vector): 1 

Estimating optimal shrinkage intensity lambda (correlation matrix): 0.315 

Estimating optimal shrinkage intensity lambda.var (variance vector): 1 

Estimating optimal shrinkage intensity lambda (correlation matrix): 0.4964 

[1] "Round 74"
Estimating optimal shrinkage intensity lambda.var (variance vector): 0.96 

Estimating optimal shrinkage intensity lambda (correlation matrix): 0.2266 

Estimating optimal shrinkage intensity lambda.var (variance vector): 1 

Estimating optimal shrinkage intensity lambda (correlation matrix): 0.2805 

[1] "Round 76"
Estimating optimal shrinkage intensity lambda.var (variance vector): 1 

Estimating optimal shrinkage intensity lambda (correlation matrix): 0.1877 

Estimating optimal shrinkage intensity lambda.var (variance vector): 1 

Estimating optimal shrinkage intensity lambda (correlation matrix): 0.3571 

[1] "Round 78"
Estimating optimal shrinkage intensity lambda.var (variance vector): 1 

Estimating optimal shrinkage intensity lambda (correlation matrix): 0.3199 

Estimating optimal shrinkage intensity lambda.var (variance vector): 1 

Estimating optimal shrinkage intensity lambda (correlation matrix): 0.2056 

[1] "Round 80"
Estimating optimal shrinkage intensity lambda.var (variance vector): 1 

Estimating optimal shrinkage intensity lambda (correlation matrix): 0.2355 

Estimating optimal shrinkage intensity lambda.var (variance vector): 0.9696 

Estimating optimal shrinkage intensity lambda (correlation matrix): 0.181 

[1] "Round 82"
Estimating optimal shrinkage intensity lambda.var (variance vector): 1 

Estimating optimal shrinkage intensity lambda (correlation matrix): 0.3713 

Estimating optimal shrinkage intensity lambda.var (variance vector): 0.7583 

Estimating optimal shrinkage intensity lambda (correlation matrix): 0.2221 

[1] "Round 84"
Estimating optimal shrinkage intensity lambda.var (variance vector): 1 

Estimating optimal shrinkage intensity lambda (correlation matrix): 0.2823 

Estimating optimal shrinkage intensity lambda.var (variance vector): 0.9485 

Estimating optimal shrinkage intensity lambda (correlation matrix): 0.2469 

[1] "Round 86"
Estimating optimal shrinkage intensity lambda.var (variance vector): 1 

Estimating optimal shrinkage intensity lambda (correlation matrix): 0.279 

Estimating optimal shrinkage intensity lambda.var (variance vector): 1 

Estimating optimal shrinkage intensity lambda (correlation matrix): 0.2081 

[1] "Round 88"
Estimating optimal shrinkage intensity lambda.var (variance vector): 0.7678 

Estimating optimal shrinkage intensity lambda (correlation matrix): 0.2331 

Estimating optimal shrinkage intensity lambda.var (variance vector): 0.888 

Estimating optimal shrinkage intensity lambda (correlation matrix): 0.2628 

[1] "Round 90"
Estimating optimal shrinkage intensity lambda.var (variance vector): 0.862 

Estimating optimal shrinkage intensity lambda (correlation matrix): 0.284 

Estimating optimal shrinkage intensity lambda.var (variance vector): 0.9101 

Estimating optimal shrinkage intensity lambda (correlation matrix): 0.2655 

[1] "Round 92"
Estimating optimal shrinkage intensity lambda.var (variance vector): 1 

Estimating optimal shrinkage intensity lambda (correlation matrix): 0.2611 

Estimating optimal shrinkage intensity lambda.var (variance vector): 0.861 

Estimating optimal shrinkage intensity lambda (correlation matrix): 0.2831 

[1] "Round 94"
Estimating optimal shrinkage intensity lambda.var (variance vector): 0.8852 

Estimating optimal shrinkage intensity lambda (correlation matrix): 0.2151 

Estimating optimal shrinkage intensity lambda.var (variance vector): 0.8782 

Estimating optimal shrinkage intensity lambda (correlation matrix): 0.1938 

[1] "Round 96"
Estimating optimal shrinkage intensity lambda.var (variance vector): 1 

Estimating optimal shrinkage intensity lambda (correlation matrix): 0.2663 

Estimating optimal shrinkage intensity lambda.var (variance vector): 1 

Estimating optimal shrinkage intensity lambda (correlation matrix): 0.1959 

[1] "Round 98"
Estimating optimal shrinkage intensity lambda.var (variance vector): 1 

Estimating optimal shrinkage intensity lambda (correlation matrix): 0.2117 

Estimating optimal shrinkage intensity lambda.var (variance vector): 1 

Estimating optimal shrinkage intensity lambda (correlation matrix): 0.3427 

[1] "Round 100"
Estimating optimal shrinkage intensity lambda.var (variance vector): 1 

Estimating optimal shrinkage intensity lambda (correlation matrix): 0.2499 

[1] "data/Debi+dirichlet_n100_p100_tau9.5_rho0.5_sigma0.5_Nsim100"
                      lambda       SE      PE     linf        FPR        FNR
bootstrap_mean     2.2751121 143218.2 3747565 27.91573 0.41680851 0.56666667
bootstrap_mean_std 0.1037285 100080.2 2481002 11.61876 0.02675212 0.03265299
                          TPR      sum_beta
bootstrap_mean     0.43333333 -1.954643e-16
bootstrap_mean_std 0.03265299  1.536433e-16
Time difference of 3.508128 mins
Estimating optimal shrinkage intensity lambda.var (variance vector): 0.926 

Estimating optimal shrinkage intensity lambda (correlation matrix): 0.2602 

[1] "Round 2"
Estimating optimal shrinkage intensity lambda.var (variance vector): 1 

Estimating optimal shrinkage intensity lambda (correlation matrix): 0.2798 

Estimating optimal shrinkage intensity lambda.var (variance vector): 0.9774 

Estimating optimal shrinkage intensity lambda (correlation matrix): 0.243 

[1] "Round 4"
Estimating optimal shrinkage intensity lambda.var (variance vector): 1 

Estimating optimal shrinkage intensity lambda (correlation matrix): 0.2836 

Estimating optimal shrinkage intensity lambda.var (variance vector): 1 

Estimating optimal shrinkage intensity lambda (correlation matrix): 0.2501 

[1] "Round 6"
Estimating optimal shrinkage intensity lambda.var (variance vector): 1 

Estimating optimal shrinkage intensity lambda (correlation matrix): 0.2141 

Estimating optimal shrinkage intensity lambda.var (variance vector): 1 

Estimating optimal shrinkage intensity lambda (correlation matrix): 0.2127 

[1] "Round 8"
Estimating optimal shrinkage intensity lambda.var (variance vector): 1 

Estimating optimal shrinkage intensity lambda (correlation matrix): 0.2574 

Estimating optimal shrinkage intensity lambda.var (variance vector): 1 

Estimating optimal shrinkage intensity lambda (correlation matrix): 0.2738 

[1] "Round 10"
Estimating optimal shrinkage intensity lambda.var (variance vector): 1 

Estimating optimal shrinkage intensity lambda (correlation matrix): 0.2688 

Estimating optimal shrinkage intensity lambda.var (variance vector): 0.9763 

Estimating optimal shrinkage intensity lambda (correlation matrix): 0.342 

[1] "Round 12"
Estimating optimal shrinkage intensity lambda.var (variance vector): 0.9446 

Estimating optimal shrinkage intensity lambda (correlation matrix): 0.3214 

Estimating optimal shrinkage intensity lambda.var (variance vector): 1 

Estimating optimal shrinkage intensity lambda (correlation matrix): 0.1871 

[1] "Round 14"
Estimating optimal shrinkage intensity lambda.var (variance vector): 1 

Estimating optimal shrinkage intensity lambda (correlation matrix): 0.2226 

Estimating optimal shrinkage intensity lambda.var (variance vector): 0.9714 

Estimating optimal shrinkage intensity lambda (correlation matrix): 0.4099 

[1] "Round 16"
Estimating optimal shrinkage intensity lambda.var (variance vector): 0.9065 

Estimating optimal shrinkage intensity lambda (correlation matrix): 0.3353 

Estimating optimal shrinkage intensity lambda.var (variance vector): 1 

Estimating optimal shrinkage intensity lambda (correlation matrix): 0.2709 

[1] "Round 18"
Estimating optimal shrinkage intensity lambda.var (variance vector): 1 

Estimating optimal shrinkage intensity lambda (correlation matrix): 0.2302 

Estimating optimal shrinkage intensity lambda.var (variance vector): 1 

Estimating optimal shrinkage intensity lambda (correlation matrix): 0.1909 

[1] "Round 20"
Estimating optimal shrinkage intensity lambda.var (variance vector): 1 

Estimating optimal shrinkage intensity lambda (correlation matrix): 0.2894 

Estimating optimal shrinkage intensity lambda.var (variance vector): 1 

Estimating optimal shrinkage intensity lambda (correlation matrix): 0.233 

[1] "Round 22"
Estimating optimal shrinkage intensity lambda.var (variance vector): 0.9508 

Estimating optimal shrinkage intensity lambda (correlation matrix): 0.2642 

Estimating optimal shrinkage intensity lambda.var (variance vector): 1 

Estimating optimal shrinkage intensity lambda (correlation matrix): 0.2819 

[1] "Round 24"
Estimating optimal shrinkage intensity lambda.var (variance vector): 1 

Estimating optimal shrinkage intensity lambda (correlation matrix): 0.2442 

Estimating optimal shrinkage intensity lambda.var (variance vector): 0.9688 

Estimating optimal shrinkage intensity lambda (correlation matrix): 0.2414 

[1] "Round 26"
Estimating optimal shrinkage intensity lambda.var (variance vector): 1 

Estimating optimal shrinkage intensity lambda (correlation matrix): 0.2458 

Estimating optimal shrinkage intensity lambda.var (variance vector): 0.8713 

Estimating optimal shrinkage intensity lambda (correlation matrix): 0.3101 

[1] "Round 28"
Estimating optimal shrinkage intensity lambda.var (variance vector): 1 

Estimating optimal shrinkage intensity lambda (correlation matrix): 0.2221 

Estimating optimal shrinkage intensity lambda.var (variance vector): 0.9955 

Estimating optimal shrinkage intensity lambda (correlation matrix): 0.2132 

[1] "Round 30"
Estimating optimal shrinkage intensity lambda.var (variance vector): 0.8626 

Estimating optimal shrinkage intensity lambda (correlation matrix): 0.2236 

Estimating optimal shrinkage intensity lambda.var (variance vector): 1 

Estimating optimal shrinkage intensity lambda (correlation matrix): 0.1917 

[1] "Round 32"
Estimating optimal shrinkage intensity lambda.var (variance vector): 1 

Estimating optimal shrinkage intensity lambda (correlation matrix): 0.2329 

Estimating optimal shrinkage intensity lambda.var (variance vector): 1 

Estimating optimal shrinkage intensity lambda (correlation matrix): 0.2713 

[1] "Round 34"
Estimating optimal shrinkage intensity lambda.var (variance vector): 0.9479 

Estimating optimal shrinkage intensity lambda (correlation matrix): 0.2499 

Estimating optimal shrinkage intensity lambda.var (variance vector): 0.9151 

Estimating optimal shrinkage intensity lambda (correlation matrix): 0.3511 

[1] "Round 36"
Estimating optimal shrinkage intensity lambda.var (variance vector): 1 

Estimating optimal shrinkage intensity lambda (correlation matrix): 0.2903 

Estimating optimal shrinkage intensity lambda.var (variance vector): 1 

Estimating optimal shrinkage intensity lambda (correlation matrix): 0.4 

[1] "Round 38"
Estimating optimal shrinkage intensity lambda.var (variance vector): 0.9847 

Estimating optimal shrinkage intensity lambda (correlation matrix): 0.2685 

Estimating optimal shrinkage intensity lambda.var (variance vector): 0.9087 

Estimating optimal shrinkage intensity lambda (correlation matrix): 0.296 

[1] "Round 40"
Estimating optimal shrinkage intensity lambda.var (variance vector): 1 

Estimating optimal shrinkage intensity lambda (correlation matrix): 0.2771 

Estimating optimal shrinkage intensity lambda.var (variance vector): 1 

Estimating optimal shrinkage intensity lambda (correlation matrix): 0.3948 

[1] "Round 42"
Estimating optimal shrinkage intensity lambda.var (variance vector): 1 

Estimating optimal shrinkage intensity lambda (correlation matrix): 0.2987 

Estimating optimal shrinkage intensity lambda.var (variance vector): 1 

Estimating optimal shrinkage intensity lambda (correlation matrix): 0.3231 

[1] "Round 44"
Estimating optimal shrinkage intensity lambda.var (variance vector): 1 

Estimating optimal shrinkage intensity lambda (correlation matrix): 0.322 

Estimating optimal shrinkage intensity lambda.var (variance vector): 1 

Estimating optimal shrinkage intensity lambda (correlation matrix): 0.2516 

[1] "Round 46"
Estimating optimal shrinkage intensity lambda.var (variance vector): 1 

Estimating optimal shrinkage intensity lambda (correlation matrix): 0.206 

Estimating optimal shrinkage intensity lambda.var (variance vector): 0.9277 

Estimating optimal shrinkage intensity lambda (correlation matrix): 0.3181 

[1] "Round 48"
Estimating optimal shrinkage intensity lambda.var (variance vector): 0.9892 

Estimating optimal shrinkage intensity lambda (correlation matrix): 0.2503 

Estimating optimal shrinkage intensity lambda.var (variance vector): 0.9759 

Estimating optimal shrinkage intensity lambda (correlation matrix): 0.2771 

[1] "Round 50"
Estimating optimal shrinkage intensity lambda.var (variance vector): 0.9354 

Estimating optimal shrinkage intensity lambda (correlation matrix): 0.2446 

Estimating optimal shrinkage intensity lambda.var (variance vector): 1 

Estimating optimal shrinkage intensity lambda (correlation matrix): 0.2897 

[1] "Round 52"
Estimating optimal shrinkage intensity lambda.var (variance vector): 1 

Estimating optimal shrinkage intensity lambda (correlation matrix): 0.2055 

Estimating optimal shrinkage intensity lambda.var (variance vector): 0.8896 

Estimating optimal shrinkage intensity lambda (correlation matrix): 0.3037 

[1] "Round 54"
Estimating optimal shrinkage intensity lambda.var (variance vector): 1 

Estimating optimal shrinkage intensity lambda (correlation matrix): 0.2895 

Estimating optimal shrinkage intensity lambda.var (variance vector): 0.9005 

Estimating optimal shrinkage intensity lambda (correlation matrix): 0.2536 

[1] "Round 56"
Estimating optimal shrinkage intensity lambda.var (variance vector): 1 

Estimating optimal shrinkage intensity lambda (correlation matrix): 0.3286 

Estimating optimal shrinkage intensity lambda.var (variance vector): 1 

Estimating optimal shrinkage intensity lambda (correlation matrix): 0.3274 

[1] "Round 58"
Estimating optimal shrinkage intensity lambda.var (variance vector): 1 

Estimating optimal shrinkage intensity lambda (correlation matrix): 0.1789 

Estimating optimal shrinkage intensity lambda.var (variance vector): 1 

Estimating optimal shrinkage intensity lambda (correlation matrix): 0.2302 

[1] "Round 60"
Estimating optimal shrinkage intensity lambda.var (variance vector): 1 

Estimating optimal shrinkage intensity lambda (correlation matrix): 0.2581 

Estimating optimal shrinkage intensity lambda.var (variance vector): 0.9314 

Estimating optimal shrinkage intensity lambda (correlation matrix): 0.3001 

[1] "Round 62"
Estimating optimal shrinkage intensity lambda.var (variance vector): 0.83 

Estimating optimal shrinkage intensity lambda (correlation matrix): 0.2892 

Estimating optimal shrinkage intensity lambda.var (variance vector): 1 

Estimating optimal shrinkage intensity lambda (correlation matrix): 0.2628 

[1] "Round 64"
Estimating optimal shrinkage intensity lambda.var (variance vector): 0.9175 

Estimating optimal shrinkage intensity lambda (correlation matrix): 0.2749 

Estimating optimal shrinkage intensity lambda.var (variance vector): 1 

Estimating optimal shrinkage intensity lambda (correlation matrix): 0.2443 

[1] "Round 66"
Estimating optimal shrinkage intensity lambda.var (variance vector): 1 

Estimating optimal shrinkage intensity lambda (correlation matrix): 0.3329 

Estimating optimal shrinkage intensity lambda.var (variance vector): 1 

Estimating optimal shrinkage intensity lambda (correlation matrix): 0.3447 

[1] "Round 68"
Estimating optimal shrinkage intensity lambda.var (variance vector): 1 

Estimating optimal shrinkage intensity lambda (correlation matrix): 0.2714 

Estimating optimal shrinkage intensity lambda.var (variance vector): 1 

Estimating optimal shrinkage intensity lambda (correlation matrix): 0.3632 

[1] "Round 70"
Estimating optimal shrinkage intensity lambda.var (variance vector): 1 

Estimating optimal shrinkage intensity lambda (correlation matrix): 0.31 

Estimating optimal shrinkage intensity lambda.var (variance vector): 1 

Estimating optimal shrinkage intensity lambda (correlation matrix): 0.2098 

[1] "Round 72"
Estimating optimal shrinkage intensity lambda.var (variance vector): 1 

Estimating optimal shrinkage intensity lambda (correlation matrix): 0.3231 

Estimating optimal shrinkage intensity lambda.var (variance vector): 1 

Estimating optimal shrinkage intensity lambda (correlation matrix): 0.4991 

[1] "Round 74"
Estimating optimal shrinkage intensity lambda.var (variance vector): 0.958 

Estimating optimal shrinkage intensity lambda (correlation matrix): 0.2337 

Estimating optimal shrinkage intensity lambda.var (variance vector): 1 

Estimating optimal shrinkage intensity lambda (correlation matrix): 0.2956 

[1] "Round 76"
Estimating optimal shrinkage intensity lambda.var (variance vector): 1 

Estimating optimal shrinkage intensity lambda (correlation matrix): 0.1845 

Estimating optimal shrinkage intensity lambda.var (variance vector): 1 

Estimating optimal shrinkage intensity lambda (correlation matrix): 0.364 

[1] "Round 78"
Estimating optimal shrinkage intensity lambda.var (variance vector): 1 

Estimating optimal shrinkage intensity lambda (correlation matrix): 0.3407 

Estimating optimal shrinkage intensity lambda.var (variance vector): 1 

Estimating optimal shrinkage intensity lambda (correlation matrix): 0.2064 

[1] "Round 80"
Estimating optimal shrinkage intensity lambda.var (variance vector): 1 

Estimating optimal shrinkage intensity lambda (correlation matrix): 0.2477 

Estimating optimal shrinkage intensity lambda.var (variance vector): 0.9826 

Estimating optimal shrinkage intensity lambda (correlation matrix): 0.1851 

[1] "Round 82"
Estimating optimal shrinkage intensity lambda.var (variance vector): 1 

Estimating optimal shrinkage intensity lambda (correlation matrix): 0.3862 

Estimating optimal shrinkage intensity lambda.var (variance vector): 0.7744 

Estimating optimal shrinkage intensity lambda (correlation matrix): 0.2303 

[1] "Round 84"
Estimating optimal shrinkage intensity lambda.var (variance vector): 1 

Estimating optimal shrinkage intensity lambda (correlation matrix): 0.2757 

Estimating optimal shrinkage intensity lambda.var (variance vector): 0.9409 

Estimating optimal shrinkage intensity lambda (correlation matrix): 0.2649 

[1] "Round 86"
Estimating optimal shrinkage intensity lambda.var (variance vector): 1 

Estimating optimal shrinkage intensity lambda (correlation matrix): 0.2859 

Estimating optimal shrinkage intensity lambda.var (variance vector): 1 

Estimating optimal shrinkage intensity lambda (correlation matrix): 0.2124 

[1] "Round 88"
Estimating optimal shrinkage intensity lambda.var (variance vector): 0.7832 

Estimating optimal shrinkage intensity lambda (correlation matrix): 0.2375 

Estimating optimal shrinkage intensity lambda.var (variance vector): 0.9002 

Estimating optimal shrinkage intensity lambda (correlation matrix): 0.2669 

[1] "Round 90"
Estimating optimal shrinkage intensity lambda.var (variance vector): 0.8737 

Estimating optimal shrinkage intensity lambda (correlation matrix): 0.2841 

Estimating optimal shrinkage intensity lambda.var (variance vector): 0.9195 

Estimating optimal shrinkage intensity lambda (correlation matrix): 0.2726 

[1] "Round 92"
Estimating optimal shrinkage intensity lambda.var (variance vector): 1 

Estimating optimal shrinkage intensity lambda (correlation matrix): 0.2565 

Estimating optimal shrinkage intensity lambda.var (variance vector): 0.8451 

Estimating optimal shrinkage intensity lambda (correlation matrix): 0.2872 

[1] "Round 94"
Estimating optimal shrinkage intensity lambda.var (variance vector): 0.8911 

Estimating optimal shrinkage intensity lambda (correlation matrix): 0.2098 

Estimating optimal shrinkage intensity lambda.var (variance vector): 0.9066 

Estimating optimal shrinkage intensity lambda (correlation matrix): 0.1974 

[1] "Round 96"
Estimating optimal shrinkage intensity lambda.var (variance vector): 1 

Estimating optimal shrinkage intensity lambda (correlation matrix): 0.2567 

Estimating optimal shrinkage intensity lambda.var (variance vector): 1 

Estimating optimal shrinkage intensity lambda (correlation matrix): 0.201 

[1] "Round 98"
Estimating optimal shrinkage intensity lambda.var (variance vector): 1 

Estimating optimal shrinkage intensity lambda (correlation matrix): 0.2091 

Estimating optimal shrinkage intensity lambda.var (variance vector): 1 

Estimating optimal shrinkage intensity lambda (correlation matrix): 0.3438 

[1] "Round 100"
Estimating optimal shrinkage intensity lambda.var (variance vector): 1 

Estimating optimal shrinkage intensity lambda (correlation matrix): 0.2482 

[1] "data/Debi+dirichlet_n100_p100_tau10.5_rho0.5_sigma0.5_Nsim100"
                      lambda        SE       PE      linf        FPR        FNR
bootstrap_mean     2.4001007 11225.349 323545.3 14.410059 0.45819149 0.53333333
bootstrap_mean_std 0.1061374  4431.133 129040.7  2.693866 0.02642098 0.03160503
                          TPR     sum_beta
bootstrap_mean     0.46666667 2.347515e-17
bootstrap_mean_std 0.03160503 2.737473e-17
Time difference of 3.400046 mins
Estimating optimal shrinkage intensity lambda.var (variance vector): 0.9261 

Estimating optimal shrinkage intensity lambda (correlation matrix): 0.2691 

[1] "Round 2"
Estimating optimal shrinkage intensity lambda.var (variance vector): 1 

Estimating optimal shrinkage intensity lambda (correlation matrix): 0.2852 

Estimating optimal shrinkage intensity lambda.var (variance vector): 1 

Estimating optimal shrinkage intensity lambda (correlation matrix): 0.2536 

[1] "Round 4"
Estimating optimal shrinkage intensity lambda.var (variance vector): 1 

Estimating optimal shrinkage intensity lambda (correlation matrix): 0.2919 

Estimating optimal shrinkage intensity lambda.var (variance vector): 1 

Estimating optimal shrinkage intensity lambda (correlation matrix): 0.2536 

[1] "Round 6"
Estimating optimal shrinkage intensity lambda.var (variance vector): 1 

Estimating optimal shrinkage intensity lambda (correlation matrix): 0.2249 

Estimating optimal shrinkage intensity lambda.var (variance vector): 1 

Estimating optimal shrinkage intensity lambda (correlation matrix): 0.2221 

[1] "Round 8"
Estimating optimal shrinkage intensity lambda.var (variance vector): 1 

Estimating optimal shrinkage intensity lambda (correlation matrix): 0.2581 

Estimating optimal shrinkage intensity lambda.var (variance vector): 1 

Estimating optimal shrinkage intensity lambda (correlation matrix): 0.282 

[1] "Round 10"
Estimating optimal shrinkage intensity lambda.var (variance vector): 1 

Estimating optimal shrinkage intensity lambda (correlation matrix): 0.2685 

Estimating optimal shrinkage intensity lambda.var (variance vector): 0.9665 

Estimating optimal shrinkage intensity lambda (correlation matrix): 0.3498 

[1] "Round 12"
Estimating optimal shrinkage intensity lambda.var (variance vector): 0.947 

Estimating optimal shrinkage intensity lambda (correlation matrix): 0.3191 

Estimating optimal shrinkage intensity lambda.var (variance vector): 1 

Estimating optimal shrinkage intensity lambda (correlation matrix): 0.1931 

[1] "Round 14"
Estimating optimal shrinkage intensity lambda.var (variance vector): 1 

Estimating optimal shrinkage intensity lambda (correlation matrix): 0.2297 

Estimating optimal shrinkage intensity lambda.var (variance vector): 0.9566 

Estimating optimal shrinkage intensity lambda (correlation matrix): 0.417 

[1] "Round 16"
Estimating optimal shrinkage intensity lambda.var (variance vector): 0.9302 

Estimating optimal shrinkage intensity lambda (correlation matrix): 0.3437 

Estimating optimal shrinkage intensity lambda.var (variance vector): 1 

Estimating optimal shrinkage intensity lambda (correlation matrix): 0.2724 

[1] "Round 18"
Estimating optimal shrinkage intensity lambda.var (variance vector): 1 

Estimating optimal shrinkage intensity lambda (correlation matrix): 0.2337 

Estimating optimal shrinkage intensity lambda.var (variance vector): 1 

Estimating optimal shrinkage intensity lambda (correlation matrix): 0.2 

[1] "Round 20"
Estimating optimal shrinkage intensity lambda.var (variance vector): 1 

Estimating optimal shrinkage intensity lambda (correlation matrix): 0.3052 

Estimating optimal shrinkage intensity lambda.var (variance vector): 1 

Estimating optimal shrinkage intensity lambda (correlation matrix): 0.2361 

[1] "Round 22"
Estimating optimal shrinkage intensity lambda.var (variance vector): 0.9629 

Estimating optimal shrinkage intensity lambda (correlation matrix): 0.2747 

Estimating optimal shrinkage intensity lambda.var (variance vector): 1 

Estimating optimal shrinkage intensity lambda (correlation matrix): 0.2842 

[1] "Round 24"
Estimating optimal shrinkage intensity lambda.var (variance vector): 1 

Estimating optimal shrinkage intensity lambda (correlation matrix): 0.2502 

Estimating optimal shrinkage intensity lambda.var (variance vector): 0.9891 

Estimating optimal shrinkage intensity lambda (correlation matrix): 0.2462 

[1] "Round 26"
Estimating optimal shrinkage intensity lambda.var (variance vector): 1 

Estimating optimal shrinkage intensity lambda (correlation matrix): 0.2555 

Estimating optimal shrinkage intensity lambda.var (variance vector): 0.8764 

Estimating optimal shrinkage intensity lambda (correlation matrix): 0.3145 

[1] "Round 28"
Estimating optimal shrinkage intensity lambda.var (variance vector): 1 

Estimating optimal shrinkage intensity lambda (correlation matrix): 0.2224 

Estimating optimal shrinkage intensity lambda.var (variance vector): 1 

Estimating optimal shrinkage intensity lambda (correlation matrix): 0.2227 

[1] "Round 30"
Estimating optimal shrinkage intensity lambda.var (variance vector): 0.8555 

Estimating optimal shrinkage intensity lambda (correlation matrix): 0.2244 

Estimating optimal shrinkage intensity lambda.var (variance vector): 1 

Estimating optimal shrinkage intensity lambda (correlation matrix): 0.1999 

[1] "Round 32"
Estimating optimal shrinkage intensity lambda.var (variance vector): 1 

Estimating optimal shrinkage intensity lambda (correlation matrix): 0.246 

Estimating optimal shrinkage intensity lambda.var (variance vector): 1 

Estimating optimal shrinkage intensity lambda (correlation matrix): 0.2781 

[1] "Round 34"
Estimating optimal shrinkage intensity lambda.var (variance vector): 0.9531 

Estimating optimal shrinkage intensity lambda (correlation matrix): 0.2706 

Estimating optimal shrinkage intensity lambda.var (variance vector): 0.9178 

Estimating optimal shrinkage intensity lambda (correlation matrix): 0.3555 

[1] "Round 36"
Estimating optimal shrinkage intensity lambda.var (variance vector): 1 

Estimating optimal shrinkage intensity lambda (correlation matrix): 0.296 

Estimating optimal shrinkage intensity lambda.var (variance vector): 0.9971 

Estimating optimal shrinkage intensity lambda (correlation matrix): 0.3984 

[1] "Round 38"
Estimating optimal shrinkage intensity lambda.var (variance vector): 0.9899 

Estimating optimal shrinkage intensity lambda (correlation matrix): 0.2869 

Estimating optimal shrinkage intensity lambda.var (variance vector): 0.8878 

Estimating optimal shrinkage intensity lambda (correlation matrix): 0.3064 

[1] "Round 40"
Estimating optimal shrinkage intensity lambda.var (variance vector): 1 

Estimating optimal shrinkage intensity lambda (correlation matrix): 0.2627 

Estimating optimal shrinkage intensity lambda.var (variance vector): 1 

Estimating optimal shrinkage intensity lambda (correlation matrix): 0.4084 

[1] "Round 42"
Estimating optimal shrinkage intensity lambda.var (variance vector): 1 

Estimating optimal shrinkage intensity lambda (correlation matrix): 0.3156 

Estimating optimal shrinkage intensity lambda.var (variance vector): 1 

Estimating optimal shrinkage intensity lambda (correlation matrix): 0.3138 

[1] "Round 44"
Estimating optimal shrinkage intensity lambda.var (variance vector): 1 

Estimating optimal shrinkage intensity lambda (correlation matrix): 0.3204 

Estimating optimal shrinkage intensity lambda.var (variance vector): 1 

Estimating optimal shrinkage intensity lambda (correlation matrix): 0.2609 

[1] "Round 46"
Estimating optimal shrinkage intensity lambda.var (variance vector): 1 

Estimating optimal shrinkage intensity lambda (correlation matrix): 0.2085 

Estimating optimal shrinkage intensity lambda.var (variance vector): 0.9053 

Estimating optimal shrinkage intensity lambda (correlation matrix): 0.3311 

[1] "Round 48"
Estimating optimal shrinkage intensity lambda.var (variance vector): 0.9894 

Estimating optimal shrinkage intensity lambda (correlation matrix): 0.2604 

Estimating optimal shrinkage intensity lambda.var (variance vector): 0.9882 

Estimating optimal shrinkage intensity lambda (correlation matrix): 0.2751 

[1] "Round 50"
Estimating optimal shrinkage intensity lambda.var (variance vector): 0.9369 

Estimating optimal shrinkage intensity lambda (correlation matrix): 0.255 

Estimating optimal shrinkage intensity lambda.var (variance vector): 1 

Estimating optimal shrinkage intensity lambda (correlation matrix): 0.2904 

[1] "Round 52"
Estimating optimal shrinkage intensity lambda.var (variance vector): 1 

Estimating optimal shrinkage intensity lambda (correlation matrix): 0.2136 

Estimating optimal shrinkage intensity lambda.var (variance vector): 0.8932 

Estimating optimal shrinkage intensity lambda (correlation matrix): 0.3182 

[1] "Round 54"
Estimating optimal shrinkage intensity lambda.var (variance vector): 1 

Estimating optimal shrinkage intensity lambda (correlation matrix): 0.2931 

Estimating optimal shrinkage intensity lambda.var (variance vector): 0.9012 

Estimating optimal shrinkage intensity lambda (correlation matrix): 0.2592 

[1] "Round 56"
Estimating optimal shrinkage intensity lambda.var (variance vector): 1 

Estimating optimal shrinkage intensity lambda (correlation matrix): 0.3405 

Estimating optimal shrinkage intensity lambda.var (variance vector): 1 

Estimating optimal shrinkage intensity lambda (correlation matrix): 0.3346 

[1] "Round 58"
Estimating optimal shrinkage intensity lambda.var (variance vector): 1 

Estimating optimal shrinkage intensity lambda (correlation matrix): 0.1849 

Estimating optimal shrinkage intensity lambda.var (variance vector): 1 

Estimating optimal shrinkage intensity lambda (correlation matrix): 0.2386 

[1] "Round 60"
Estimating optimal shrinkage intensity lambda.var (variance vector): 0.999 

Estimating optimal shrinkage intensity lambda (correlation matrix): 0.2605 

Estimating optimal shrinkage intensity lambda.var (variance vector): 0.9414 

Estimating optimal shrinkage intensity lambda (correlation matrix): 0.3093 

[1] "Round 62"
Estimating optimal shrinkage intensity lambda.var (variance vector): 0.8396 

Estimating optimal shrinkage intensity lambda (correlation matrix): 0.2918 

Estimating optimal shrinkage intensity lambda.var (variance vector): 1 

Estimating optimal shrinkage intensity lambda (correlation matrix): 0.2737 

[1] "Round 64"
Estimating optimal shrinkage intensity lambda.var (variance vector): 0.9037 

Estimating optimal shrinkage intensity lambda (correlation matrix): 0.2872 

Estimating optimal shrinkage intensity lambda.var (variance vector): 1 

Estimating optimal shrinkage intensity lambda (correlation matrix): 0.2499 

[1] "Round 66"
Estimating optimal shrinkage intensity lambda.var (variance vector): 1 

Estimating optimal shrinkage intensity lambda (correlation matrix): 0.3288 

Estimating optimal shrinkage intensity lambda.var (variance vector): 0.9903 

Estimating optimal shrinkage intensity lambda (correlation matrix): 0.3437 

[1] "Round 68"
Estimating optimal shrinkage intensity lambda.var (variance vector): 1 

Estimating optimal shrinkage intensity lambda (correlation matrix): 0.2765 

Estimating optimal shrinkage intensity lambda.var (variance vector): 1 

Estimating optimal shrinkage intensity lambda (correlation matrix): 0.3727 

[1] "Round 70"
Estimating optimal shrinkage intensity lambda.var (variance vector): 1 

Estimating optimal shrinkage intensity lambda (correlation matrix): 0.309 

Estimating optimal shrinkage intensity lambda.var (variance vector): 1 

Estimating optimal shrinkage intensity lambda (correlation matrix): 0.2108 

[1] "Round 72"
Estimating optimal shrinkage intensity lambda.var (variance vector): 1 

Estimating optimal shrinkage intensity lambda (correlation matrix): 0.336 

Estimating optimal shrinkage intensity lambda.var (variance vector): 1 

Estimating optimal shrinkage intensity lambda (correlation matrix): 0.5003 

[1] "Round 74"
Estimating optimal shrinkage intensity lambda.var (variance vector): 0.9473 

Estimating optimal shrinkage intensity lambda (correlation matrix): 0.2442 

Estimating optimal shrinkage intensity lambda.var (variance vector): 1 

Estimating optimal shrinkage intensity lambda (correlation matrix): 0.311 

[1] "Round 76"
Estimating optimal shrinkage intensity lambda.var (variance vector): 1 

Estimating optimal shrinkage intensity lambda (correlation matrix): 0.1844 

Estimating optimal shrinkage intensity lambda.var (variance vector): 1 

Estimating optimal shrinkage intensity lambda (correlation matrix): 0.3723 

[1] "Round 78"
Estimating optimal shrinkage intensity lambda.var (variance vector): 1 

Estimating optimal shrinkage intensity lambda (correlation matrix): 0.3634 

Estimating optimal shrinkage intensity lambda.var (variance vector): 1 

Estimating optimal shrinkage intensity lambda (correlation matrix): 0.2114 

[1] "Round 80"
Estimating optimal shrinkage intensity lambda.var (variance vector): 1 

Estimating optimal shrinkage intensity lambda (correlation matrix): 0.2629 

Estimating optimal shrinkage intensity lambda.var (variance vector): 0.9985 

Estimating optimal shrinkage intensity lambda (correlation matrix): 0.1918 

[1] "Round 82"
Estimating optimal shrinkage intensity lambda.var (variance vector): 1 

Estimating optimal shrinkage intensity lambda (correlation matrix): 0.4013 

Estimating optimal shrinkage intensity lambda.var (variance vector): 0.8011 

Estimating optimal shrinkage intensity lambda (correlation matrix): 0.2404 

[1] "Round 84"
Estimating optimal shrinkage intensity lambda.var (variance vector): 1 

Estimating optimal shrinkage intensity lambda (correlation matrix): 0.2711 

Estimating optimal shrinkage intensity lambda.var (variance vector): 0.9436 

Estimating optimal shrinkage intensity lambda (correlation matrix): 0.2831 

[1] "Round 86"
Estimating optimal shrinkage intensity lambda.var (variance vector): 1 

Estimating optimal shrinkage intensity lambda (correlation matrix): 0.2923 

Estimating optimal shrinkage intensity lambda.var (variance vector): 1 

Estimating optimal shrinkage intensity lambda (correlation matrix): 0.22 

[1] "Round 88"
Estimating optimal shrinkage intensity lambda.var (variance vector): 0.7987 

Estimating optimal shrinkage intensity lambda (correlation matrix): 0.2446 

Estimating optimal shrinkage intensity lambda.var (variance vector): 0.9114 

Estimating optimal shrinkage intensity lambda (correlation matrix): 0.2732 

[1] "Round 90"
Estimating optimal shrinkage intensity lambda.var (variance vector): 0.8827 

Estimating optimal shrinkage intensity lambda (correlation matrix): 0.2881 

Estimating optimal shrinkage intensity lambda.var (variance vector): 0.9239 

Estimating optimal shrinkage intensity lambda (correlation matrix): 0.2798 

[1] "Round 92"
Estimating optimal shrinkage intensity lambda.var (variance vector): 0.9861 

Estimating optimal shrinkage intensity lambda (correlation matrix): 0.2548 

Estimating optimal shrinkage intensity lambda.var (variance vector): 0.8304 

Estimating optimal shrinkage intensity lambda (correlation matrix): 0.293 

[1] "Round 94"
Estimating optimal shrinkage intensity lambda.var (variance vector): 0.9032 

Estimating optimal shrinkage intensity lambda (correlation matrix): 0.2065 

Estimating optimal shrinkage intensity lambda.var (variance vector): 0.9324 

Estimating optimal shrinkage intensity lambda (correlation matrix): 0.2023 

[1] "Round 96"
Estimating optimal shrinkage intensity lambda.var (variance vector): 1 

Estimating optimal shrinkage intensity lambda (correlation matrix): 0.2498 

Estimating optimal shrinkage intensity lambda.var (variance vector): 1 

Estimating optimal shrinkage intensity lambda (correlation matrix): 0.2086 

[1] "Round 98"
Estimating optimal shrinkage intensity lambda.var (variance vector): 1 

Estimating optimal shrinkage intensity lambda (correlation matrix): 0.212 

Estimating optimal shrinkage intensity lambda.var (variance vector): 1 

Estimating optimal shrinkage intensity lambda (correlation matrix): 0.3461 

[1] "Round 100"
Estimating optimal shrinkage intensity lambda.var (variance vector): 1 

Estimating optimal shrinkage intensity lambda (correlation matrix): 0.2535 

[1] "data/Debi+dirichlet_n100_p100_tau11.5_rho0.5_sigma0.5_Nsim100"
                      lambda       SE      PE     linf        FPR        FNR
bootstrap_mean     2.5967651 176564.8 5489325 22.16044 0.44882979 0.55000000
bootstrap_mean_std 0.1094868 167726.3 5199907 11.03807 0.02509827 0.03093202
                          TPR     sum_beta
bootstrap_mean     0.45000000 3.314168e-16
bootstrap_mean_std 0.03093202 3.300114e-16
Time difference of 3.490213 mins
Estimating optimal shrinkage intensity lambda.var (variance vector): 0.9179 

Estimating optimal shrinkage intensity lambda (correlation matrix): 0.279 

[1] "Round 2"
Estimating optimal shrinkage intensity lambda.var (variance vector): 1 

Estimating optimal shrinkage intensity lambda (correlation matrix): 0.2953 

Estimating optimal shrinkage intensity lambda.var (variance vector): 1 

Estimating optimal shrinkage intensity lambda (correlation matrix): 0.2677 

[1] "Round 4"
Estimating optimal shrinkage intensity lambda.var (variance vector): 1 

Estimating optimal shrinkage intensity lambda (correlation matrix): 0.2974 

Estimating optimal shrinkage intensity lambda.var (variance vector): 1 

Estimating optimal shrinkage intensity lambda (correlation matrix): 0.258 

[1] "Round 6"
Estimating optimal shrinkage intensity lambda.var (variance vector): 1 

Estimating optimal shrinkage intensity lambda (correlation matrix): 0.2379 

Estimating optimal shrinkage intensity lambda.var (variance vector): 1 

Estimating optimal shrinkage intensity lambda (correlation matrix): 0.2349 

[1] "Round 8"
Estimating optimal shrinkage intensity lambda.var (variance vector): 1 

Estimating optimal shrinkage intensity lambda (correlation matrix): 0.2605 

Estimating optimal shrinkage intensity lambda.var (variance vector): 1 

Estimating optimal shrinkage intensity lambda (correlation matrix): 0.2922 

[1] "Round 10"
Estimating optimal shrinkage intensity lambda.var (variance vector): 1 

Estimating optimal shrinkage intensity lambda (correlation matrix): 0.2729 

Estimating optimal shrinkage intensity lambda.var (variance vector): 0.9608 

Estimating optimal shrinkage intensity lambda (correlation matrix): 0.3603 

[1] "Round 12"
Estimating optimal shrinkage intensity lambda.var (variance vector): 0.952 

Estimating optimal shrinkage intensity lambda (correlation matrix): 0.318 

Estimating optimal shrinkage intensity lambda.var (variance vector): 1 

Estimating optimal shrinkage intensity lambda (correlation matrix): 0.1998 

[1] "Round 14"
Estimating optimal shrinkage intensity lambda.var (variance vector): 1 

Estimating optimal shrinkage intensity lambda (correlation matrix): 0.2403 

Estimating optimal shrinkage intensity lambda.var (variance vector): 0.9431 

Estimating optimal shrinkage intensity lambda (correlation matrix): 0.4223 

[1] "Round 16"
Estimating optimal shrinkage intensity lambda.var (variance vector): 0.951 

Estimating optimal shrinkage intensity lambda (correlation matrix): 0.3591 

Estimating optimal shrinkage intensity lambda.var (variance vector): 1 

Estimating optimal shrinkage intensity lambda (correlation matrix): 0.2742 

[1] "Round 18"
Estimating optimal shrinkage intensity lambda.var (variance vector): 1 

Estimating optimal shrinkage intensity lambda (correlation matrix): 0.2377 

Estimating optimal shrinkage intensity lambda.var (variance vector): 1 

Estimating optimal shrinkage intensity lambda (correlation matrix): 0.2103 

[1] "Round 20"
Estimating optimal shrinkage intensity lambda.var (variance vector): 1 

Estimating optimal shrinkage intensity lambda (correlation matrix): 0.3226 

Estimating optimal shrinkage intensity lambda.var (variance vector): 1 

Estimating optimal shrinkage intensity lambda (correlation matrix): 0.242 

[1] "Round 22"
Estimating optimal shrinkage intensity lambda.var (variance vector): 0.9708 

Estimating optimal shrinkage intensity lambda (correlation matrix): 0.2861 

Estimating optimal shrinkage intensity lambda.var (variance vector): 1 

Estimating optimal shrinkage intensity lambda (correlation matrix): 0.286 

[1] "Round 24"
Estimating optimal shrinkage intensity lambda.var (variance vector): 1 

Estimating optimal shrinkage intensity lambda (correlation matrix): 0.2565 

Estimating optimal shrinkage intensity lambda.var (variance vector): 1 

Estimating optimal shrinkage intensity lambda (correlation matrix): 0.2506 

[1] "Round 26"
Estimating optimal shrinkage intensity lambda.var (variance vector): 1 

Estimating optimal shrinkage intensity lambda (correlation matrix): 0.2722 

Estimating optimal shrinkage intensity lambda.var (variance vector): 0.8824 

Estimating optimal shrinkage intensity lambda (correlation matrix): 0.3184 

[1] "Round 28"
Estimating optimal shrinkage intensity lambda.var (variance vector): 1 

Estimating optimal shrinkage intensity lambda (correlation matrix): 0.2243 

Estimating optimal shrinkage intensity lambda.var (variance vector): 1 

Estimating optimal shrinkage intensity lambda (correlation matrix): 0.2342 

[1] "Round 30"
Estimating optimal shrinkage intensity lambda.var (variance vector): 0.8581 

Estimating optimal shrinkage intensity lambda (correlation matrix): 0.2266 

Estimating optimal shrinkage intensity lambda.var (variance vector): 1 

Estimating optimal shrinkage intensity lambda (correlation matrix): 0.211 

[1] "Round 32"
Estimating optimal shrinkage intensity lambda.var (variance vector): 1 

Estimating optimal shrinkage intensity lambda (correlation matrix): 0.2626 

Estimating optimal shrinkage intensity lambda.var (variance vector): 1 

Estimating optimal shrinkage intensity lambda (correlation matrix): 0.2884 

[1] "Round 34"
Estimating optimal shrinkage intensity lambda.var (variance vector): 0.9569 

Estimating optimal shrinkage intensity lambda (correlation matrix): 0.2896 

Estimating optimal shrinkage intensity lambda.var (variance vector): 0.9229 

Estimating optimal shrinkage intensity lambda (correlation matrix): 0.3644 

[1] "Round 36"
Estimating optimal shrinkage intensity lambda.var (variance vector): 1 

Estimating optimal shrinkage intensity lambda (correlation matrix): 0.3043 

Estimating optimal shrinkage intensity lambda.var (variance vector): 0.9638 

Estimating optimal shrinkage intensity lambda (correlation matrix): 0.3921 

[1] "Round 38"
Estimating optimal shrinkage intensity lambda.var (variance vector): 0.9857 

Estimating optimal shrinkage intensity lambda (correlation matrix): 0.3062 

Estimating optimal shrinkage intensity lambda.var (variance vector): 0.878 

Estimating optimal shrinkage intensity lambda (correlation matrix): 0.3153 

[1] "Round 40"
Estimating optimal shrinkage intensity lambda.var (variance vector): 1 

Estimating optimal shrinkage intensity lambda (correlation matrix): 0.2545 

Estimating optimal shrinkage intensity lambda.var (variance vector): 1 

Estimating optimal shrinkage intensity lambda (correlation matrix): 0.4192 

[1] "Round 42"
Estimating optimal shrinkage intensity lambda.var (variance vector): 1 

Estimating optimal shrinkage intensity lambda (correlation matrix): 0.3335 

Estimating optimal shrinkage intensity lambda.var (variance vector): 1 

Estimating optimal shrinkage intensity lambda (correlation matrix): 0.3067 

[1] "Round 44"
Estimating optimal shrinkage intensity lambda.var (variance vector): 1 

Estimating optimal shrinkage intensity lambda (correlation matrix): 0.3215 

Estimating optimal shrinkage intensity lambda.var (variance vector): 1 

Estimating optimal shrinkage intensity lambda (correlation matrix): 0.2711 

[1] "Round 46"
Estimating optimal shrinkage intensity lambda.var (variance vector): 1 

Estimating optimal shrinkage intensity lambda (correlation matrix): 0.212 

Estimating optimal shrinkage intensity lambda.var (variance vector): 0.8859 

Estimating optimal shrinkage intensity lambda (correlation matrix): 0.3467 

[1] "Round 48"
Estimating optimal shrinkage intensity lambda.var (variance vector): 0.9869 

Estimating optimal shrinkage intensity lambda (correlation matrix): 0.2719 

Estimating optimal shrinkage intensity lambda.var (variance vector): 0.997 

Estimating optimal shrinkage intensity lambda (correlation matrix): 0.2766 

[1] "Round 50"
Estimating optimal shrinkage intensity lambda.var (variance vector): 0.9331 

Estimating optimal shrinkage intensity lambda (correlation matrix): 0.2661 

Estimating optimal shrinkage intensity lambda.var (variance vector): 1 

Estimating optimal shrinkage intensity lambda (correlation matrix): 0.2877 

[1] "Round 52"
Estimating optimal shrinkage intensity lambda.var (variance vector): 1 

Estimating optimal shrinkage intensity lambda (correlation matrix): 0.2221 

Estimating optimal shrinkage intensity lambda.var (variance vector): 0.9008 

Estimating optimal shrinkage intensity lambda (correlation matrix): 0.3318 

[1] "Round 54"
Estimating optimal shrinkage intensity lambda.var (variance vector): 1 

Estimating optimal shrinkage intensity lambda (correlation matrix): 0.2983 

Estimating optimal shrinkage intensity lambda.var (variance vector): 0.9036 

Estimating optimal shrinkage intensity lambda (correlation matrix): 0.2638 

[1] "Round 56"
Estimating optimal shrinkage intensity lambda.var (variance vector): 1 

Estimating optimal shrinkage intensity lambda (correlation matrix): 0.355 

Estimating optimal shrinkage intensity lambda.var (variance vector): 1 

Estimating optimal shrinkage intensity lambda (correlation matrix): 0.345 

[1] "Round 58"
Estimating optimal shrinkage intensity lambda.var (variance vector): 1 

Estimating optimal shrinkage intensity lambda (correlation matrix): 0.1938 

Estimating optimal shrinkage intensity lambda.var (variance vector): 1 

Estimating optimal shrinkage intensity lambda (correlation matrix): 0.2477 

[1] "Round 60"
Estimating optimal shrinkage intensity lambda.var (variance vector): 1 

Estimating optimal shrinkage intensity lambda (correlation matrix): 0.265 

Estimating optimal shrinkage intensity lambda.var (variance vector): 0.9503 

Estimating optimal shrinkage intensity lambda (correlation matrix): 0.3213 

[1] "Round 62"
Estimating optimal shrinkage intensity lambda.var (variance vector): 0.8572 

Estimating optimal shrinkage intensity lambda (correlation matrix): 0.2912 

Estimating optimal shrinkage intensity lambda.var (variance vector): 1 

Estimating optimal shrinkage intensity lambda (correlation matrix): 0.2857 

[1] "Round 64"
Estimating optimal shrinkage intensity lambda.var (variance vector): 0.8961 

Estimating optimal shrinkage intensity lambda (correlation matrix): 0.2989 

Estimating optimal shrinkage intensity lambda.var (variance vector): 1 

Estimating optimal shrinkage intensity lambda (correlation matrix): 0.2578 

[1] "Round 66"
Estimating optimal shrinkage intensity lambda.var (variance vector): 1 

Estimating optimal shrinkage intensity lambda (correlation matrix): 0.3245 

Estimating optimal shrinkage intensity lambda.var (variance vector): 0.9516 

Estimating optimal shrinkage intensity lambda (correlation matrix): 0.3438 

[1] "Round 68"
Estimating optimal shrinkage intensity lambda.var (variance vector): 1 

Estimating optimal shrinkage intensity lambda (correlation matrix): 0.2823 

Estimating optimal shrinkage intensity lambda.var (variance vector): 1 

Estimating optimal shrinkage intensity lambda (correlation matrix): 0.3809 

[1] "Round 70"
Estimating optimal shrinkage intensity lambda.var (variance vector): 1 

Estimating optimal shrinkage intensity lambda (correlation matrix): 0.3076 

Estimating optimal shrinkage intensity lambda.var (variance vector): 1 

Estimating optimal shrinkage intensity lambda (correlation matrix): 0.2135 

[1] "Round 72"
Estimating optimal shrinkage intensity lambda.var (variance vector): 1 

Estimating optimal shrinkage intensity lambda (correlation matrix): 0.3473 

Estimating optimal shrinkage intensity lambda.var (variance vector): 1 

Estimating optimal shrinkage intensity lambda (correlation matrix): 0.4986 

[1] "Round 74"
Estimating optimal shrinkage intensity lambda.var (variance vector): 0.93 

Estimating optimal shrinkage intensity lambda (correlation matrix): 0.2562 

Estimating optimal shrinkage intensity lambda.var (variance vector): 1 

Estimating optimal shrinkage intensity lambda (correlation matrix): 0.326 

[1] "Round 76"
Estimating optimal shrinkage intensity lambda.var (variance vector): 1 

Estimating optimal shrinkage intensity lambda (correlation matrix): 0.188 

Estimating optimal shrinkage intensity lambda.var (variance vector): 1 

Estimating optimal shrinkage intensity lambda (correlation matrix): 0.3814 

[1] "Round 78"
Estimating optimal shrinkage intensity lambda.var (variance vector): 1 

Estimating optimal shrinkage intensity lambda (correlation matrix): 0.3815 

Estimating optimal shrinkage intensity lambda.var (variance vector): 1 

Estimating optimal shrinkage intensity lambda (correlation matrix): 0.2178 

[1] "Round 80"
Estimating optimal shrinkage intensity lambda.var (variance vector): 1 

Estimating optimal shrinkage intensity lambda (correlation matrix): 0.2791 

Estimating optimal shrinkage intensity lambda.var (variance vector): 1 

Estimating optimal shrinkage intensity lambda (correlation matrix): 0.199 

[1] "Round 82"
Estimating optimal shrinkage intensity lambda.var (variance vector): 1 

Estimating optimal shrinkage intensity lambda (correlation matrix): 0.4134 

Estimating optimal shrinkage intensity lambda.var (variance vector): 0.8252 

Estimating optimal shrinkage intensity lambda (correlation matrix): 0.2526 

[1] "Round 84"
Estimating optimal shrinkage intensity lambda.var (variance vector): 1 

Estimating optimal shrinkage intensity lambda (correlation matrix): 0.2674 

Estimating optimal shrinkage intensity lambda.var (variance vector): 0.9526 

Estimating optimal shrinkage intensity lambda (correlation matrix): 0.3 

[1] "Round 86"
Estimating optimal shrinkage intensity lambda.var (variance vector): 1 

Estimating optimal shrinkage intensity lambda (correlation matrix): 0.2988 

Estimating optimal shrinkage intensity lambda.var (variance vector): 1 

Estimating optimal shrinkage intensity lambda (correlation matrix): 0.2303 

[1] "Round 88"
Estimating optimal shrinkage intensity lambda.var (variance vector): 0.8134 

Estimating optimal shrinkage intensity lambda (correlation matrix): 0.2537 

Estimating optimal shrinkage intensity lambda.var (variance vector): 0.9281 

Estimating optimal shrinkage intensity lambda (correlation matrix): 0.2808 

[1] "Round 90"
Estimating optimal shrinkage intensity lambda.var (variance vector): 0.8908 

Estimating optimal shrinkage intensity lambda (correlation matrix): 0.2948 

Estimating optimal shrinkage intensity lambda.var (variance vector): 0.9399 

Estimating optimal shrinkage intensity lambda (correlation matrix): 0.287 

[1] "Round 92"
Estimating optimal shrinkage intensity lambda.var (variance vector): 0.972 

Estimating optimal shrinkage intensity lambda (correlation matrix): 0.2544 

Estimating optimal shrinkage intensity lambda.var (variance vector): 0.8174 

Estimating optimal shrinkage intensity lambda (correlation matrix): 0.3002 

[1] "Round 94"
Estimating optimal shrinkage intensity lambda.var (variance vector): 0.9089 

Estimating optimal shrinkage intensity lambda (correlation matrix): 0.2063 

Estimating optimal shrinkage intensity lambda.var (variance vector): 0.9569 

Estimating optimal shrinkage intensity lambda (correlation matrix): 0.2079 

[1] "Round 96"
Estimating optimal shrinkage intensity lambda.var (variance vector): 1 

Estimating optimal shrinkage intensity lambda (correlation matrix): 0.246 

Estimating optimal shrinkage intensity lambda.var (variance vector): 1 

Estimating optimal shrinkage intensity lambda (correlation matrix): 0.2175 

[1] "Round 98"
Estimating optimal shrinkage intensity lambda.var (variance vector): 1 

Estimating optimal shrinkage intensity lambda (correlation matrix): 0.2184 

Estimating optimal shrinkage intensity lambda.var (variance vector): 1 

Estimating optimal shrinkage intensity lambda (correlation matrix): 0.3472 

[1] "Round 100"
Estimating optimal shrinkage intensity lambda.var (variance vector): 1 

Estimating optimal shrinkage intensity lambda (correlation matrix): 0.2612 

[1] "data/Debi+dirichlet_n100_p100_tau12.5_rho0.5_sigma0.5_Nsim100"
                      lambda      SE       PE     linf        FPR        FNR
bootstrap_mean     2.6488322 1120731 30830407 35.18690 0.50138298 0.48833333
bootstrap_mean_std 0.1053371 1112122 30609922 25.70286 0.02659237 0.03118093
                          TPR     sum_beta
bootstrap_mean     0.51166667 1.041394e-15
bootstrap_mean_std 0.03118093 1.066300e-15
Time difference of 3.512899 mins
