Loading required package: Matrix
Loaded glmnet 4.1-8
Loaded lars 1.3

Estimating optimal shrinkage intensity lambda.var (variance vector): 0.8793 

Estimating optimal shrinkage intensity lambda (correlation matrix): 0.4806 

[1] "Round 2"
Estimating optimal shrinkage intensity lambda.var (variance vector): 0.7742 

Estimating optimal shrinkage intensity lambda (correlation matrix): 0.4218 

Estimating optimal shrinkage intensity lambda.var (variance vector): 1 

Estimating optimal shrinkage intensity lambda (correlation matrix): 0.4835 

[1] "Round 4"
Estimating optimal shrinkage intensity lambda.var (variance vector): 0.9328 

Estimating optimal shrinkage intensity lambda (correlation matrix): 0.4439 

Estimating optimal shrinkage intensity lambda.var (variance vector): 0.7715 

Estimating optimal shrinkage intensity lambda (correlation matrix): 0.4787 

[1] "Round 6"
Estimating optimal shrinkage intensity lambda.var (variance vector): 0.8703 

Estimating optimal shrinkage intensity lambda (correlation matrix): 0.5484 

Estimating optimal shrinkage intensity lambda.var (variance vector): 0.8471 

Estimating optimal shrinkage intensity lambda (correlation matrix): 0.5495 

[1] "Round 8"
Estimating optimal shrinkage intensity lambda.var (variance vector): 0.7686 

Estimating optimal shrinkage intensity lambda (correlation matrix): 0.5306 

Estimating optimal shrinkage intensity lambda.var (variance vector): 0.8241 

Estimating optimal shrinkage intensity lambda (correlation matrix): 0.416 

[1] "Round 10"
Estimating optimal shrinkage intensity lambda.var (variance vector): 0.9152 

Estimating optimal shrinkage intensity lambda (correlation matrix): 0.4533 

Estimating optimal shrinkage intensity lambda.var (variance vector): 0.7483 

Estimating optimal shrinkage intensity lambda (correlation matrix): 0.4401 

[1] "Round 12"
Estimating optimal shrinkage intensity lambda.var (variance vector): 0.8577 

Estimating optimal shrinkage intensity lambda (correlation matrix): 0.4647 

Estimating optimal shrinkage intensity lambda.var (variance vector): 0.8274 

Estimating optimal shrinkage intensity lambda (correlation matrix): 0.5021 

[1] "Round 14"
Estimating optimal shrinkage intensity lambda.var (variance vector): 0.7646 

Estimating optimal shrinkage intensity lambda (correlation matrix): 0.5144 

Estimating optimal shrinkage intensity lambda.var (variance vector): 0.9395 

Estimating optimal shrinkage intensity lambda (correlation matrix): 0.5599 

[1] "Round 16"
Estimating optimal shrinkage intensity lambda.var (variance vector): 0.758 

Estimating optimal shrinkage intensity lambda (correlation matrix): 0.5 

Estimating optimal shrinkage intensity lambda.var (variance vector): 0.7063 

Estimating optimal shrinkage intensity lambda (correlation matrix): 0.4737 

[1] "Round 18"
Estimating optimal shrinkage intensity lambda.var (variance vector): 0.8046 

Estimating optimal shrinkage intensity lambda (correlation matrix): 0.4784 

Estimating optimal shrinkage intensity lambda.var (variance vector): 0.9589 

Estimating optimal shrinkage intensity lambda (correlation matrix): 0.487 

[1] "Round 20"
Estimating optimal shrinkage intensity lambda.var (variance vector): 0.6962 

Estimating optimal shrinkage intensity lambda (correlation matrix): 0.5123 

Estimating optimal shrinkage intensity lambda.var (variance vector): 0.9389 

Estimating optimal shrinkage intensity lambda (correlation matrix): 0.5261 

[1] "Round 22"
Estimating optimal shrinkage intensity lambda.var (variance vector): 0.7626 

Estimating optimal shrinkage intensity lambda (correlation matrix): 0.4807 

Estimating optimal shrinkage intensity lambda.var (variance vector): 0.9378 

Estimating optimal shrinkage intensity lambda (correlation matrix): 0.5405 

[1] "Round 24"
Estimating optimal shrinkage intensity lambda.var (variance vector): 0.9233 

Estimating optimal shrinkage intensity lambda (correlation matrix): 0.4646 

Estimating optimal shrinkage intensity lambda.var (variance vector): 0.9624 

Estimating optimal shrinkage intensity lambda (correlation matrix): 0.5087 

[1] "Round 26"
Estimating optimal shrinkage intensity lambda.var (variance vector): 0.7917 

Estimating optimal shrinkage intensity lambda (correlation matrix): 0.5671 

Estimating optimal shrinkage intensity lambda.var (variance vector): 0.8514 

Estimating optimal shrinkage intensity lambda (correlation matrix): 0.4519 

[1] "Round 28"
Estimating optimal shrinkage intensity lambda.var (variance vector): 0.9642 

Estimating optimal shrinkage intensity lambda (correlation matrix): 0.4732 

Estimating optimal shrinkage intensity lambda.var (variance vector): 0.8263 

Estimating optimal shrinkage intensity lambda (correlation matrix): 0.5486 

[1] "Round 30"
Estimating optimal shrinkage intensity lambda.var (variance vector): 0.8089 

Estimating optimal shrinkage intensity lambda (correlation matrix): 0.506 

Estimating optimal shrinkage intensity lambda.var (variance vector): 0.7852 

Estimating optimal shrinkage intensity lambda (correlation matrix): 0.4825 

[1] "Round 32"
Estimating optimal shrinkage intensity lambda.var (variance vector): 0.772 

Estimating optimal shrinkage intensity lambda (correlation matrix): 0.5292 

Estimating optimal shrinkage intensity lambda.var (variance vector): 0.7706 

Estimating optimal shrinkage intensity lambda (correlation matrix): 0.5387 

[1] "Round 34"
Estimating optimal shrinkage intensity lambda.var (variance vector): 0.8074 

Estimating optimal shrinkage intensity lambda (correlation matrix): 0.58 

Estimating optimal shrinkage intensity lambda.var (variance vector): 0.8158 

Estimating optimal shrinkage intensity lambda (correlation matrix): 0.5508 

[1] "Round 36"
Estimating optimal shrinkage intensity lambda.var (variance vector): 0.6716 

Estimating optimal shrinkage intensity lambda (correlation matrix): 0.5269 

Estimating optimal shrinkage intensity lambda.var (variance vector): 0.7637 

Estimating optimal shrinkage intensity lambda (correlation matrix): 0.4358 

[1] "Round 38"
Estimating optimal shrinkage intensity lambda.var (variance vector): 0.7829 

Estimating optimal shrinkage intensity lambda (correlation matrix): 0.4805 

Estimating optimal shrinkage intensity lambda.var (variance vector): 0.9384 

Estimating optimal shrinkage intensity lambda (correlation matrix): 0.477 

[1] "Round 40"
Estimating optimal shrinkage intensity lambda.var (variance vector): 0.8032 

Estimating optimal shrinkage intensity lambda (correlation matrix): 0.4634 

Estimating optimal shrinkage intensity lambda.var (variance vector): 0.7837 

Estimating optimal shrinkage intensity lambda (correlation matrix): 0.5141 

[1] "Round 42"
Estimating optimal shrinkage intensity lambda.var (variance vector): 0.8948 

Estimating optimal shrinkage intensity lambda (correlation matrix): 0.4339 

Estimating optimal shrinkage intensity lambda.var (variance vector): 0.8439 

Estimating optimal shrinkage intensity lambda (correlation matrix): 0.4956 

[1] "Round 44"
Estimating optimal shrinkage intensity lambda.var (variance vector): 0.8967 

Estimating optimal shrinkage intensity lambda (correlation matrix): 0.4188 

Estimating optimal shrinkage intensity lambda.var (variance vector): 0.9552 

Estimating optimal shrinkage intensity lambda (correlation matrix): 0.3961 

[1] "Round 46"
Estimating optimal shrinkage intensity lambda.var (variance vector): 0.6926 

Estimating optimal shrinkage intensity lambda (correlation matrix): 0.5064 

Estimating optimal shrinkage intensity lambda.var (variance vector): 0.7135 

Estimating optimal shrinkage intensity lambda (correlation matrix): 0.4067 

[1] "Round 48"
Estimating optimal shrinkage intensity lambda.var (variance vector): 0.839 

Estimating optimal shrinkage intensity lambda (correlation matrix): 0.4452 

Estimating optimal shrinkage intensity lambda.var (variance vector): 0.7403 

Estimating optimal shrinkage intensity lambda (correlation matrix): 0.5252 

[1] "Round 50"
Estimating optimal shrinkage intensity lambda.var (variance vector): 0.8089 

Estimating optimal shrinkage intensity lambda (correlation matrix): 0.4711 

Estimating optimal shrinkage intensity lambda.var (variance vector): 0.8104 

Estimating optimal shrinkage intensity lambda (correlation matrix): 0.5002 

[1] "Round 52"
Estimating optimal shrinkage intensity lambda.var (variance vector): 0.899 

Estimating optimal shrinkage intensity lambda (correlation matrix): 0.4223 

Estimating optimal shrinkage intensity lambda.var (variance vector): 0.7419 

Estimating optimal shrinkage intensity lambda (correlation matrix): 0.5064 

[1] "Round 54"
Estimating optimal shrinkage intensity lambda.var (variance vector): 0.6985 

Estimating optimal shrinkage intensity lambda (correlation matrix): 0.5433 

Estimating optimal shrinkage intensity lambda.var (variance vector): 0.6667 

Estimating optimal shrinkage intensity lambda (correlation matrix): 0.5523 

[1] "Round 56"
Estimating optimal shrinkage intensity lambda.var (variance vector): 0.7987 

Estimating optimal shrinkage intensity lambda (correlation matrix): 0.4419 

Estimating optimal shrinkage intensity lambda.var (variance vector): 0.8148 

Estimating optimal shrinkage intensity lambda (correlation matrix): 0.4501 

[1] "Round 58"
Estimating optimal shrinkage intensity lambda.var (variance vector): 0.8206 

Estimating optimal shrinkage intensity lambda (correlation matrix): 0.5158 

Estimating optimal shrinkage intensity lambda.var (variance vector): 0.8746 

Estimating optimal shrinkage intensity lambda (correlation matrix): 0.4123 

[1] "Round 60"
Estimating optimal shrinkage intensity lambda.var (variance vector): 0.9132 

Estimating optimal shrinkage intensity lambda (correlation matrix): 0.4338 

Estimating optimal shrinkage intensity lambda.var (variance vector): 0.6825 

Estimating optimal shrinkage intensity lambda (correlation matrix): 0.4302 

[1] "Round 62"
Estimating optimal shrinkage intensity lambda.var (variance vector): 0.7234 

Estimating optimal shrinkage intensity lambda (correlation matrix): 0.5683 

Estimating optimal shrinkage intensity lambda.var (variance vector): 0.8519 

Estimating optimal shrinkage intensity lambda (correlation matrix): 0.5099 

[1] "Round 64"
Estimating optimal shrinkage intensity lambda.var (variance vector): 0.7866 

Estimating optimal shrinkage intensity lambda (correlation matrix): 0.4759 

Estimating optimal shrinkage intensity lambda.var (variance vector): 0.9198 

Estimating optimal shrinkage intensity lambda (correlation matrix): 0.5087 

[1] "Round 66"
Estimating optimal shrinkage intensity lambda.var (variance vector): 0.7613 

Estimating optimal shrinkage intensity lambda (correlation matrix): 0.4953 

Estimating optimal shrinkage intensity lambda.var (variance vector): 0.76 

Estimating optimal shrinkage intensity lambda (correlation matrix): 0.4363 

[1] "Round 68"
Estimating optimal shrinkage intensity lambda.var (variance vector): 0.7766 

Estimating optimal shrinkage intensity lambda (correlation matrix): 0.4675 

Estimating optimal shrinkage intensity lambda.var (variance vector): 0.6363 

Estimating optimal shrinkage intensity lambda (correlation matrix): 0.4825 

[1] "Round 70"
Estimating optimal shrinkage intensity lambda.var (variance vector): 0.9187 

Estimating optimal shrinkage intensity lambda (correlation matrix): 0.4715 

Estimating optimal shrinkage intensity lambda.var (variance vector): 0.9673 

Estimating optimal shrinkage intensity lambda (correlation matrix): 0.4839 

[1] "Round 72"
Estimating optimal shrinkage intensity lambda.var (variance vector): 0.8507 

Estimating optimal shrinkage intensity lambda (correlation matrix): 0.4785 

Estimating optimal shrinkage intensity lambda.var (variance vector): 0.7228 

Estimating optimal shrinkage intensity lambda (correlation matrix): 0.4123 

[1] "Round 74"
Estimating optimal shrinkage intensity lambda.var (variance vector): 0.884 

Estimating optimal shrinkage intensity lambda (correlation matrix): 0.3599 

Estimating optimal shrinkage intensity lambda.var (variance vector): 0.8399 

Estimating optimal shrinkage intensity lambda (correlation matrix): 0.4913 

[1] "Round 76"
Estimating optimal shrinkage intensity lambda.var (variance vector): 0.8194 

Estimating optimal shrinkage intensity lambda (correlation matrix): 0.4525 

Estimating optimal shrinkage intensity lambda.var (variance vector): 0.8679 

Estimating optimal shrinkage intensity lambda (correlation matrix): 0.4651 

[1] "Round 78"
Estimating optimal shrinkage intensity lambda.var (variance vector): 0.76 

Estimating optimal shrinkage intensity lambda (correlation matrix): 0.4623 

Estimating optimal shrinkage intensity lambda.var (variance vector): 0.9371 

Estimating optimal shrinkage intensity lambda (correlation matrix): 0.5072 

[1] "Round 80"
Estimating optimal shrinkage intensity lambda.var (variance vector): 0.7418 

Estimating optimal shrinkage intensity lambda (correlation matrix): 0.4719 

Estimating optimal shrinkage intensity lambda.var (variance vector): 0.7266 

Estimating optimal shrinkage intensity lambda (correlation matrix): 0.466 

[1] "Round 82"
Estimating optimal shrinkage intensity lambda.var (variance vector): 0.7266 

Estimating optimal shrinkage intensity lambda (correlation matrix): 0.4632 

Estimating optimal shrinkage intensity lambda.var (variance vector): 0.7489 

Estimating optimal shrinkage intensity lambda (correlation matrix): 0.4989 

[1] "Round 84"
Estimating optimal shrinkage intensity lambda.var (variance vector): 0.8258 

Estimating optimal shrinkage intensity lambda (correlation matrix): 0.574 

Estimating optimal shrinkage intensity lambda.var (variance vector): 0.7911 

Estimating optimal shrinkage intensity lambda (correlation matrix): 0.4355 

[1] "Round 86"
Estimating optimal shrinkage intensity lambda.var (variance vector): 0.914 

Estimating optimal shrinkage intensity lambda (correlation matrix): 0.4718 

Estimating optimal shrinkage intensity lambda.var (variance vector): 0.7673 

Estimating optimal shrinkage intensity lambda (correlation matrix): 0.484 

[1] "Round 88"
Estimating optimal shrinkage intensity lambda.var (variance vector): 0.7616 

Estimating optimal shrinkage intensity lambda (correlation matrix): 0.4987 

Estimating optimal shrinkage intensity lambda.var (variance vector): 0.6885 

Estimating optimal shrinkage intensity lambda (correlation matrix): 0.4355 

[1] "Round 90"
Estimating optimal shrinkage intensity lambda.var (variance vector): 0.8253 

Estimating optimal shrinkage intensity lambda (correlation matrix): 0.4602 

Estimating optimal shrinkage intensity lambda.var (variance vector): 0.9109 

Estimating optimal shrinkage intensity lambda (correlation matrix): 0.4034 

[1] "Round 92"
Estimating optimal shrinkage intensity lambda.var (variance vector): 0.7131 

Estimating optimal shrinkage intensity lambda (correlation matrix): 0.622 

Estimating optimal shrinkage intensity lambda.var (variance vector): 0.9584 

Estimating optimal shrinkage intensity lambda (correlation matrix): 0.4973 

[1] "Round 94"
Estimating optimal shrinkage intensity lambda.var (variance vector): 0.7651 

Estimating optimal shrinkage intensity lambda (correlation matrix): 0.3908 

Estimating optimal shrinkage intensity lambda.var (variance vector): 0.8811 

Estimating optimal shrinkage intensity lambda (correlation matrix): 0.5309 

[1] "Round 96"
Estimating optimal shrinkage intensity lambda.var (variance vector): 0.6761 

Estimating optimal shrinkage intensity lambda (correlation matrix): 0.489 

Estimating optimal shrinkage intensity lambda.var (variance vector): 0.7739 

Estimating optimal shrinkage intensity lambda (correlation matrix): 0.5324 

[1] "Round 98"
Estimating optimal shrinkage intensity lambda.var (variance vector): 0.86 

Estimating optimal shrinkage intensity lambda (correlation matrix): 0.5134 

Estimating optimal shrinkage intensity lambda.var (variance vector): 0.8559 

Estimating optimal shrinkage intensity lambda (correlation matrix): 0.5443 

[1] "Round 100"
Estimating optimal shrinkage intensity lambda.var (variance vector): 0.8068 

Estimating optimal shrinkage intensity lambda (correlation matrix): 0.3506 

[1] "data/Debi+lognormal_n100_p100_tau0.5_rho0.5_sigma0.5_Nsim100"
                        lambda         SE        PE       linf         FPR
bootstrap_mean     0.101431454 2.44436447 1.8928229 0.62335828 0.055744681
bootstrap_mean_std 0.002978364 0.04707459 0.1489315 0.01176051 0.001972183
                          FNR        TPR      sum_beta
bootstrap_mean     0.13000000 0.87000000 -2.683400e-19
bootstrap_mean_std 0.01125662 0.01125662  7.364419e-19
Time difference of 1.146547 mins
Estimating optimal shrinkage intensity lambda.var (variance vector): 0.8866 

Estimating optimal shrinkage intensity lambda (correlation matrix): 0.6756 

[1] "Round 2"
Estimating optimal shrinkage intensity lambda.var (variance vector): 0.939 

Estimating optimal shrinkage intensity lambda (correlation matrix): 0.5777 

Estimating optimal shrinkage intensity lambda.var (variance vector): 1 

Estimating optimal shrinkage intensity lambda (correlation matrix): 0.8014 

[1] "Round 4"
Estimating optimal shrinkage intensity lambda.var (variance vector): 1 

Estimating optimal shrinkage intensity lambda (correlation matrix): 0.6252 

Estimating optimal shrinkage intensity lambda.var (variance vector): 0.9862 

Estimating optimal shrinkage intensity lambda (correlation matrix): 0.7077 

[1] "Round 6"
Estimating optimal shrinkage intensity lambda.var (variance vector): 0.9526 

Estimating optimal shrinkage intensity lambda (correlation matrix): 0.7654 

Estimating optimal shrinkage intensity lambda.var (variance vector): 0.8825 

Estimating optimal shrinkage intensity lambda (correlation matrix): 0.7502 

[1] "Round 8"
Estimating optimal shrinkage intensity lambda.var (variance vector): 0.6897 

Estimating optimal shrinkage intensity lambda (correlation matrix): 0.7291 

Estimating optimal shrinkage intensity lambda.var (variance vector): 1 

Estimating optimal shrinkage intensity lambda (correlation matrix): 0.5756 

[1] "Round 10"
Estimating optimal shrinkage intensity lambda.var (variance vector): 1 

Estimating optimal shrinkage intensity lambda (correlation matrix): 0.5162 

Estimating optimal shrinkage intensity lambda.var (variance vector): 0.7588 

Estimating optimal shrinkage intensity lambda (correlation matrix): 0.4392 

[1] "Round 12"
Estimating optimal shrinkage intensity lambda.var (variance vector): 1 

Estimating optimal shrinkage intensity lambda (correlation matrix): 0.6678 

Estimating optimal shrinkage intensity lambda.var (variance vector): 1 

Estimating optimal shrinkage intensity lambda (correlation matrix): 0.6985 

[1] "Round 14"
Estimating optimal shrinkage intensity lambda.var (variance vector): 0.8784 

Estimating optimal shrinkage intensity lambda (correlation matrix): 0.6704 

Estimating optimal shrinkage intensity lambda.var (variance vector): 0.8794 

Estimating optimal shrinkage intensity lambda (correlation matrix): 0.7742 

[1] "Round 16"
Estimating optimal shrinkage intensity lambda.var (variance vector): 1 

Estimating optimal shrinkage intensity lambda (correlation matrix): 0.6135 

Estimating optimal shrinkage intensity lambda.var (variance vector): 0.8246 

Estimating optimal shrinkage intensity lambda (correlation matrix): 0.7357 

[1] "Round 18"
Estimating optimal shrinkage intensity lambda.var (variance vector): 0.9389 

Estimating optimal shrinkage intensity lambda (correlation matrix): 0.5709 

Estimating optimal shrinkage intensity lambda.var (variance vector): 1 

Estimating optimal shrinkage intensity lambda (correlation matrix): 0.6382 

[1] "Round 20"
Estimating optimal shrinkage intensity lambda.var (variance vector): 0.7605 

Estimating optimal shrinkage intensity lambda (correlation matrix): 0.8023 

Estimating optimal shrinkage intensity lambda.var (variance vector): 1 

Estimating optimal shrinkage intensity lambda (correlation matrix): 0.7201 

[1] "Round 22"
Estimating optimal shrinkage intensity lambda.var (variance vector): 1 

Estimating optimal shrinkage intensity lambda (correlation matrix): 0.656 

Estimating optimal shrinkage intensity lambda.var (variance vector): 1 

Estimating optimal shrinkage intensity lambda (correlation matrix): 0.8036 

[1] "Round 24"
Estimating optimal shrinkage intensity lambda.var (variance vector): 1 

Estimating optimal shrinkage intensity lambda (correlation matrix): 0.6838 

Estimating optimal shrinkage intensity lambda.var (variance vector): 1 

Estimating optimal shrinkage intensity lambda (correlation matrix): 0.6244 

[1] "Round 26"
Estimating optimal shrinkage intensity lambda.var (variance vector): 0.886 

Estimating optimal shrinkage intensity lambda (correlation matrix): 0.6878 

Estimating optimal shrinkage intensity lambda.var (variance vector): 0.7751 

Estimating optimal shrinkage intensity lambda (correlation matrix): 0.6375 

[1] "Round 28"
Estimating optimal shrinkage intensity lambda.var (variance vector): 1 

Estimating optimal shrinkage intensity lambda (correlation matrix): 0.621 

Estimating optimal shrinkage intensity lambda.var (variance vector): 0.9145 

Estimating optimal shrinkage intensity lambda (correlation matrix): 0.6965 

[1] "Round 30"
Estimating optimal shrinkage intensity lambda.var (variance vector): 1 

Estimating optimal shrinkage intensity lambda (correlation matrix): 0.7161 

Estimating optimal shrinkage intensity lambda.var (variance vector): 0.7806 

Estimating optimal shrinkage intensity lambda (correlation matrix): 0.6169 

[1] "Round 32"
Estimating optimal shrinkage intensity lambda.var (variance vector): 0.8116 

Estimating optimal shrinkage intensity lambda (correlation matrix): 0.7415 

Estimating optimal shrinkage intensity lambda.var (variance vector): 0.8692 

Estimating optimal shrinkage intensity lambda (correlation matrix): 0.7762 

[1] "Round 34"
Estimating optimal shrinkage intensity lambda.var (variance vector): 0.9594 

Estimating optimal shrinkage intensity lambda (correlation matrix): 0.726 

Estimating optimal shrinkage intensity lambda.var (variance vector): 0.9298 

Estimating optimal shrinkage intensity lambda (correlation matrix): 0.7609 

[1] "Round 36"
Estimating optimal shrinkage intensity lambda.var (variance vector): 0.8076 

Estimating optimal shrinkage intensity lambda (correlation matrix): 0.6428 

Estimating optimal shrinkage intensity lambda.var (variance vector): 0.8428 

Estimating optimal shrinkage intensity lambda (correlation matrix): 0.6063 

[1] "Round 38"
Estimating optimal shrinkage intensity lambda.var (variance vector): 0.8647 

Estimating optimal shrinkage intensity lambda (correlation matrix): 0.7299 

Estimating optimal shrinkage intensity lambda.var (variance vector): 0.8435 

Estimating optimal shrinkage intensity lambda (correlation matrix): 0.6525 

[1] "Round 40"
Estimating optimal shrinkage intensity lambda.var (variance vector): 0.9579 

Estimating optimal shrinkage intensity lambda (correlation matrix): 0.6807 

Estimating optimal shrinkage intensity lambda.var (variance vector): 0.7855 

Estimating optimal shrinkage intensity lambda (correlation matrix): 0.7046 

[1] "Round 42"
Estimating optimal shrinkage intensity lambda.var (variance vector): 0.9787 

Estimating optimal shrinkage intensity lambda (correlation matrix): 0.6046 

Estimating optimal shrinkage intensity lambda.var (variance vector): 0.9442 

Estimating optimal shrinkage intensity lambda (correlation matrix): 0.7047 

[1] "Round 44"
Estimating optimal shrinkage intensity lambda.var (variance vector): 0.9899 

Estimating optimal shrinkage intensity lambda (correlation matrix): 0.6258 

Estimating optimal shrinkage intensity lambda.var (variance vector): 1 

Estimating optimal shrinkage intensity lambda (correlation matrix): 0.5272 

[1] "Round 46"
Estimating optimal shrinkage intensity lambda.var (variance vector): 0.7264 

Estimating optimal shrinkage intensity lambda (correlation matrix): 0.6184 

Estimating optimal shrinkage intensity lambda.var (variance vector): 0.9673 

Estimating optimal shrinkage intensity lambda (correlation matrix): 0.4339 

[1] "Round 48"
Estimating optimal shrinkage intensity lambda.var (variance vector): 0.9059 

Estimating optimal shrinkage intensity lambda (correlation matrix): 0.5076 

Estimating optimal shrinkage intensity lambda.var (variance vector): 0.7933 

Estimating optimal shrinkage intensity lambda (correlation matrix): 0.7136 

[1] "Round 50"
Estimating optimal shrinkage intensity lambda.var (variance vector): 0.818 

Estimating optimal shrinkage intensity lambda (correlation matrix): 0.5414 

Estimating optimal shrinkage intensity lambda.var (variance vector): 0.8216 

Estimating optimal shrinkage intensity lambda (correlation matrix): 0.7077 

[1] "Round 52"
Estimating optimal shrinkage intensity lambda.var (variance vector): 0.8895 

Estimating optimal shrinkage intensity lambda (correlation matrix): 0.5982 

Estimating optimal shrinkage intensity lambda.var (variance vector): 0.85 

Estimating optimal shrinkage intensity lambda (correlation matrix): 0.6601 

[1] "Round 54"
Estimating optimal shrinkage intensity lambda.var (variance vector): 0.8946 

Estimating optimal shrinkage intensity lambda (correlation matrix): 0.7023 

Estimating optimal shrinkage intensity lambda.var (variance vector): 0.8784 

Estimating optimal shrinkage intensity lambda (correlation matrix): 0.7505 

[1] "Round 56"
Estimating optimal shrinkage intensity lambda.var (variance vector): 0.8867 

Estimating optimal shrinkage intensity lambda (correlation matrix): 0.5838 

Estimating optimal shrinkage intensity lambda.var (variance vector): 0.9905 

Estimating optimal shrinkage intensity lambda (correlation matrix): 0.5866 

[1] "Round 58"
Estimating optimal shrinkage intensity lambda.var (variance vector): 1 

Estimating optimal shrinkage intensity lambda (correlation matrix): 0.619 

Estimating optimal shrinkage intensity lambda.var (variance vector): 0.9537 

Estimating optimal shrinkage intensity lambda (correlation matrix): 0.6218 

[1] "Round 60"
Estimating optimal shrinkage intensity lambda.var (variance vector): 1 

Estimating optimal shrinkage intensity lambda (correlation matrix): 0.6474 

Estimating optimal shrinkage intensity lambda.var (variance vector): 0.8772 

Estimating optimal shrinkage intensity lambda (correlation matrix): 0.6509 

[1] "Round 62"
Estimating optimal shrinkage intensity lambda.var (variance vector): 0.8448 

Estimating optimal shrinkage intensity lambda (correlation matrix): 0.6245 

Estimating optimal shrinkage intensity lambda.var (variance vector): 0.9526 

Estimating optimal shrinkage intensity lambda (correlation matrix): 0.717 

[1] "Round 64"
Estimating optimal shrinkage intensity lambda.var (variance vector): 1 

Estimating optimal shrinkage intensity lambda (correlation matrix): 0.7494 

Estimating optimal shrinkage intensity lambda.var (variance vector): 0.9942 

Estimating optimal shrinkage intensity lambda (correlation matrix): 0.6462 

[1] "Round 66"
Estimating optimal shrinkage intensity lambda.var (variance vector): 0.7634 

Estimating optimal shrinkage intensity lambda (correlation matrix): 0.7154 

Estimating optimal shrinkage intensity lambda.var (variance vector): 1 

Estimating optimal shrinkage intensity lambda (correlation matrix): 0.7091 

[1] "Round 68"
Estimating optimal shrinkage intensity lambda.var (variance vector): 0.9813 

Estimating optimal shrinkage intensity lambda (correlation matrix): 0.5598 

Estimating optimal shrinkage intensity lambda.var (variance vector): 0.7626 

Estimating optimal shrinkage intensity lambda (correlation matrix): 0.6343 

[1] "Round 70"
Estimating optimal shrinkage intensity lambda.var (variance vector): 0.948 

Estimating optimal shrinkage intensity lambda (correlation matrix): 0.5884 

Estimating optimal shrinkage intensity lambda.var (variance vector): 0.8602 

Estimating optimal shrinkage intensity lambda (correlation matrix): 0.5089 

[1] "Round 72"
Estimating optimal shrinkage intensity lambda.var (variance vector): 1 

Estimating optimal shrinkage intensity lambda (correlation matrix): 0.6099 

Estimating optimal shrinkage intensity lambda.var (variance vector): 0.9238 

Estimating optimal shrinkage intensity lambda (correlation matrix): 0.6389 

[1] "Round 74"
Estimating optimal shrinkage intensity lambda.var (variance vector): 1 

Estimating optimal shrinkage intensity lambda (correlation matrix): 0.5674 

Estimating optimal shrinkage intensity lambda.var (variance vector): 1 

Estimating optimal shrinkage intensity lambda (correlation matrix): 0.6109 

[1] "Round 76"
Estimating optimal shrinkage intensity lambda.var (variance vector): 0.9902 

Estimating optimal shrinkage intensity lambda (correlation matrix): 0.6045 

Estimating optimal shrinkage intensity lambda.var (variance vector): 1 

Estimating optimal shrinkage intensity lambda (correlation matrix): 0.6551 

[1] "Round 78"
Estimating optimal shrinkage intensity lambda.var (variance vector): 0.8201 

Estimating optimal shrinkage intensity lambda (correlation matrix): 0.6638 

Estimating optimal shrinkage intensity lambda.var (variance vector): 0.8446 

Estimating optimal shrinkage intensity lambda (correlation matrix): 0.6536 

[1] "Round 80"
Estimating optimal shrinkage intensity lambda.var (variance vector): 0.9363 

Estimating optimal shrinkage intensity lambda (correlation matrix): 0.6174 

Estimating optimal shrinkage intensity lambda.var (variance vector): 0.9486 

Estimating optimal shrinkage intensity lambda (correlation matrix): 0.5268 

[1] "Round 82"
Estimating optimal shrinkage intensity lambda.var (variance vector): 0.7507 

Estimating optimal shrinkage intensity lambda (correlation matrix): 0.6873 

Estimating optimal shrinkage intensity lambda.var (variance vector): 0.8983 

Estimating optimal shrinkage intensity lambda (correlation matrix): 0.6178 

[1] "Round 84"
Estimating optimal shrinkage intensity lambda.var (variance vector): 1 

Estimating optimal shrinkage intensity lambda (correlation matrix): 0.6618 

Estimating optimal shrinkage intensity lambda.var (variance vector): 0.8704 

Estimating optimal shrinkage intensity lambda (correlation matrix): 0.5614 

[1] "Round 86"
Estimating optimal shrinkage intensity lambda.var (variance vector): 1 

Estimating optimal shrinkage intensity lambda (correlation matrix): 0.4755 

Estimating optimal shrinkage intensity lambda.var (variance vector): 1 

Estimating optimal shrinkage intensity lambda (correlation matrix): 0.6103 

[1] "Round 88"
Estimating optimal shrinkage intensity lambda.var (variance vector): 1 

Estimating optimal shrinkage intensity lambda (correlation matrix): 0.627 

Estimating optimal shrinkage intensity lambda.var (variance vector): 0.9052 

Estimating optimal shrinkage intensity lambda (correlation matrix): 0.6181 

[1] "Round 90"
Estimating optimal shrinkage intensity lambda.var (variance vector): 1 

Estimating optimal shrinkage intensity lambda (correlation matrix): 0.5614 

Estimating optimal shrinkage intensity lambda.var (variance vector): 1 

Estimating optimal shrinkage intensity lambda (correlation matrix): 0.4581 

[1] "Round 92"
Estimating optimal shrinkage intensity lambda.var (variance vector): 0.9289 

Estimating optimal shrinkage intensity lambda (correlation matrix): 0.8539 

Estimating optimal shrinkage intensity lambda.var (variance vector): 1 

Estimating optimal shrinkage intensity lambda (correlation matrix): 0.5786 

[1] "Round 94"
Estimating optimal shrinkage intensity lambda.var (variance vector): 0.8857 

Estimating optimal shrinkage intensity lambda (correlation matrix): 0.4616 

Estimating optimal shrinkage intensity lambda.var (variance vector): 1 

Estimating optimal shrinkage intensity lambda (correlation matrix): 0.7473 

[1] "Round 96"
Estimating optimal shrinkage intensity lambda.var (variance vector): 0.8825 

Estimating optimal shrinkage intensity lambda (correlation matrix): 0.724 

Estimating optimal shrinkage intensity lambda.var (variance vector): 0.9376 

Estimating optimal shrinkage intensity lambda (correlation matrix): 0.6587 

[1] "Round 98"
Estimating optimal shrinkage intensity lambda.var (variance vector): 0.9039 

Estimating optimal shrinkage intensity lambda (correlation matrix): 0.7204 

Estimating optimal shrinkage intensity lambda.var (variance vector): 0.9769 

Estimating optimal shrinkage intensity lambda (correlation matrix): 0.7788 

[1] "Round 100"
Estimating optimal shrinkage intensity lambda.var (variance vector): 0.928 

Estimating optimal shrinkage intensity lambda (correlation matrix): 0.4553 

[1] "data/Debi+lognormal_n100_p100_tau1.5_rho0.5_sigma0.5_Nsim100"
                      lambda       SE       PE      linf        FPR        FNR
bootstrap_mean     0.2716440 20959.49 22490.75 10.022242 0.04776596 0.82833333
bootstrap_mean_std 0.0141272 19252.16 21010.67  3.461531 0.00709944 0.02057738
                          TPR     sum_beta
bootstrap_mean     0.17166667 7.619231e-18
bootstrap_mean_std 0.02057738 2.080751e-17
Time difference of 2.29034 mins
Estimating optimal shrinkage intensity lambda.var (variance vector): 0.8197 

Estimating optimal shrinkage intensity lambda (correlation matrix): 0.686 

[1] "Round 2"
Estimating optimal shrinkage intensity lambda.var (variance vector): 0.9775 

Estimating optimal shrinkage intensity lambda (correlation matrix): 0.553 

Estimating optimal shrinkage intensity lambda.var (variance vector): 1 

Estimating optimal shrinkage intensity lambda (correlation matrix): 0.7095 

[1] "Round 4"
Estimating optimal shrinkage intensity lambda.var (variance vector): 1 

Estimating optimal shrinkage intensity lambda (correlation matrix): 0.5988 

Estimating optimal shrinkage intensity lambda.var (variance vector): 1 

Estimating optimal shrinkage intensity lambda (correlation matrix): 0.7209 

[1] "Round 6"
Estimating optimal shrinkage intensity lambda.var (variance vector): 1 

Estimating optimal shrinkage intensity lambda (correlation matrix): 0.7375 

Estimating optimal shrinkage intensity lambda.var (variance vector): 0.9797 

Estimating optimal shrinkage intensity lambda (correlation matrix): 0.7585 

[1] "Round 8"
Estimating optimal shrinkage intensity lambda.var (variance vector): 0.6824 

Estimating optimal shrinkage intensity lambda (correlation matrix): 0.6424 

Estimating optimal shrinkage intensity lambda.var (variance vector): 1 

Estimating optimal shrinkage intensity lambda (correlation matrix): 0.5662 

[1] "Round 10"
Estimating optimal shrinkage intensity lambda.var (variance vector): 1 

Estimating optimal shrinkage intensity lambda (correlation matrix): 0.5516 

Estimating optimal shrinkage intensity lambda.var (variance vector): 0.8454 

Estimating optimal shrinkage intensity lambda (correlation matrix): 0.4738 

[1] "Round 12"
Estimating optimal shrinkage intensity lambda.var (variance vector): 1 

Estimating optimal shrinkage intensity lambda (correlation matrix): 0.6942 

Estimating optimal shrinkage intensity lambda.var (variance vector): 1 

Estimating optimal shrinkage intensity lambda (correlation matrix): 0.6722 

[1] "Round 14"
Estimating optimal shrinkage intensity lambda.var (variance vector): 0.9607 

Estimating optimal shrinkage intensity lambda (correlation matrix): 0.6347 

Estimating optimal shrinkage intensity lambda.var (variance vector): 0.9047 

Estimating optimal shrinkage intensity lambda (correlation matrix): 0.7313 

[1] "Round 16"
Estimating optimal shrinkage intensity lambda.var (variance vector): 1 

Estimating optimal shrinkage intensity lambda (correlation matrix): 0.6134 

Estimating optimal shrinkage intensity lambda.var (variance vector): 0.9092 

Estimating optimal shrinkage intensity lambda (correlation matrix): 0.6047 

[1] "Round 18"
Estimating optimal shrinkage intensity lambda.var (variance vector): 0.992 

Estimating optimal shrinkage intensity lambda (correlation matrix): 0.5545 

Estimating optimal shrinkage intensity lambda.var (variance vector): 1 

Estimating optimal shrinkage intensity lambda (correlation matrix): 0.5697 

[1] "Round 20"
Estimating optimal shrinkage intensity lambda.var (variance vector): 0.8163 

Estimating optimal shrinkage intensity lambda (correlation matrix): 0.7932 

Estimating optimal shrinkage intensity lambda.var (variance vector): 1 

Estimating optimal shrinkage intensity lambda (correlation matrix): 0.7043 

[1] "Round 22"
Estimating optimal shrinkage intensity lambda.var (variance vector): 1 

Estimating optimal shrinkage intensity lambda (correlation matrix): 0.6362 

Estimating optimal shrinkage intensity lambda.var (variance vector): 1 

Estimating optimal shrinkage intensity lambda (correlation matrix): 0.7803 

[1] "Round 24"
Estimating optimal shrinkage intensity lambda.var (variance vector): 1 

Estimating optimal shrinkage intensity lambda (correlation matrix): 0.6905 

Estimating optimal shrinkage intensity lambda.var (variance vector): 1 

Estimating optimal shrinkage intensity lambda (correlation matrix): 0.5394 

[1] "Round 26"
Estimating optimal shrinkage intensity lambda.var (variance vector): 0.931 

Estimating optimal shrinkage intensity lambda (correlation matrix): 0.6906 

Estimating optimal shrinkage intensity lambda.var (variance vector): 0.7234 

Estimating optimal shrinkage intensity lambda (correlation matrix): 0.6506 

[1] "Round 28"
Estimating optimal shrinkage intensity lambda.var (variance vector): 1 

Estimating optimal shrinkage intensity lambda (correlation matrix): 0.6822 

Estimating optimal shrinkage intensity lambda.var (variance vector): 0.9269 

Estimating optimal shrinkage intensity lambda (correlation matrix): 0.6712 

[1] "Round 30"
Estimating optimal shrinkage intensity lambda.var (variance vector): 1 

Estimating optimal shrinkage intensity lambda (correlation matrix): 0.6709 

Estimating optimal shrinkage intensity lambda.var (variance vector): 0.8348 

Estimating optimal shrinkage intensity lambda (correlation matrix): 0.5468 

[1] "Round 32"
Estimating optimal shrinkage intensity lambda.var (variance vector): 0.9536 

Estimating optimal shrinkage intensity lambda (correlation matrix): 0.791 

Estimating optimal shrinkage intensity lambda.var (variance vector): 0.9984 

Estimating optimal shrinkage intensity lambda (correlation matrix): 0.7508 

[1] "Round 34"
Estimating optimal shrinkage intensity lambda.var (variance vector): 0.8825 

Estimating optimal shrinkage intensity lambda (correlation matrix): 0.6813 

Estimating optimal shrinkage intensity lambda.var (variance vector): 0.976 

Estimating optimal shrinkage intensity lambda (correlation matrix): 0.8164 

[1] "Round 36"
Estimating optimal shrinkage intensity lambda.var (variance vector): 0.8429 

Estimating optimal shrinkage intensity lambda (correlation matrix): 0.5931 

Estimating optimal shrinkage intensity lambda.var (variance vector): 1 

Estimating optimal shrinkage intensity lambda (correlation matrix): 0.6119 

[1] "Round 38"
Estimating optimal shrinkage intensity lambda.var (variance vector): 1 

Estimating optimal shrinkage intensity lambda (correlation matrix): 0.6614 

Estimating optimal shrinkage intensity lambda.var (variance vector): 0.8224 

Estimating optimal shrinkage intensity lambda (correlation matrix): 0.6991 

[1] "Round 40"
Estimating optimal shrinkage intensity lambda.var (variance vector): 1 

Estimating optimal shrinkage intensity lambda (correlation matrix): 0.6395 

Estimating optimal shrinkage intensity lambda.var (variance vector): 0.8919 

Estimating optimal shrinkage intensity lambda (correlation matrix): 0.6613 

[1] "Round 42"
Estimating optimal shrinkage intensity lambda.var (variance vector): 0.9819 

Estimating optimal shrinkage intensity lambda (correlation matrix): 0.5684 

Estimating optimal shrinkage intensity lambda.var (variance vector): 0.932 

Estimating optimal shrinkage intensity lambda (correlation matrix): 0.715 

[1] "Round 44"
Estimating optimal shrinkage intensity lambda.var (variance vector): 1 

Estimating optimal shrinkage intensity lambda (correlation matrix): 0.6758 

Estimating optimal shrinkage intensity lambda.var (variance vector): 1 

Estimating optimal shrinkage intensity lambda (correlation matrix): 0.4888 

[1] "Round 46"
Estimating optimal shrinkage intensity lambda.var (variance vector): 0.7165 

Estimating optimal shrinkage intensity lambda (correlation matrix): 0.573 

Estimating optimal shrinkage intensity lambda.var (variance vector): 1 

Estimating optimal shrinkage intensity lambda (correlation matrix): 0.4123 

[1] "Round 48"
Estimating optimal shrinkage intensity lambda.var (variance vector): 0.9176 

Estimating optimal shrinkage intensity lambda (correlation matrix): 0.4663 

Estimating optimal shrinkage intensity lambda.var (variance vector): 0.8327 

Estimating optimal shrinkage intensity lambda (correlation matrix): 0.6691 

[1] "Round 50"
Estimating optimal shrinkage intensity lambda.var (variance vector): 0.8718 

Estimating optimal shrinkage intensity lambda (correlation matrix): 0.5414 

Estimating optimal shrinkage intensity lambda.var (variance vector): 0.9051 

Estimating optimal shrinkage intensity lambda (correlation matrix): 0.6098 

[1] "Round 52"
Estimating optimal shrinkage intensity lambda.var (variance vector): 0.9749 

Estimating optimal shrinkage intensity lambda (correlation matrix): 0.5299 

Estimating optimal shrinkage intensity lambda.var (variance vector): 0.8921 

Estimating optimal shrinkage intensity lambda (correlation matrix): 0.6864 

[1] "Round 54"
Estimating optimal shrinkage intensity lambda.var (variance vector): 0.9674 

Estimating optimal shrinkage intensity lambda (correlation matrix): 0.5957 

Estimating optimal shrinkage intensity lambda.var (variance vector): 1 

Estimating optimal shrinkage intensity lambda (correlation matrix): 0.7063 

[1] "Round 56"
Estimating optimal shrinkage intensity lambda.var (variance vector): 0.9502 

Estimating optimal shrinkage intensity lambda (correlation matrix): 0.6278 

Estimating optimal shrinkage intensity lambda.var (variance vector): 1 

Estimating optimal shrinkage intensity lambda (correlation matrix): 0.5167 

[1] "Round 58"
Estimating optimal shrinkage intensity lambda.var (variance vector): 1 

Estimating optimal shrinkage intensity lambda (correlation matrix): 0.5004 

Estimating optimal shrinkage intensity lambda.var (variance vector): 1 

Estimating optimal shrinkage intensity lambda (correlation matrix): 0.6294 

[1] "Round 60"
Estimating optimal shrinkage intensity lambda.var (variance vector): 1 

Estimating optimal shrinkage intensity lambda (correlation matrix): 0.6215 

Estimating optimal shrinkage intensity lambda.var (variance vector): 1 

Estimating optimal shrinkage intensity lambda (correlation matrix): 0.6565 

[1] "Round 62"
Estimating optimal shrinkage intensity lambda.var (variance vector): 0.896 

Estimating optimal shrinkage intensity lambda (correlation matrix): 0.6004 

Estimating optimal shrinkage intensity lambda.var (variance vector): 1 

Estimating optimal shrinkage intensity lambda (correlation matrix): 0.6851 

[1] "Round 64"
Estimating optimal shrinkage intensity lambda.var (variance vector): 1 

Estimating optimal shrinkage intensity lambda (correlation matrix): 0.787 

Estimating optimal shrinkage intensity lambda.var (variance vector): 1 

Estimating optimal shrinkage intensity lambda (correlation matrix): 0.6679 

[1] "Round 66"
Estimating optimal shrinkage intensity lambda.var (variance vector): 0.7304 

Estimating optimal shrinkage intensity lambda (correlation matrix): 0.7639 

Estimating optimal shrinkage intensity lambda.var (variance vector): 1 

Estimating optimal shrinkage intensity lambda (correlation matrix): 0.6823 

[1] "Round 68"
Estimating optimal shrinkage intensity lambda.var (variance vector): 1 

Estimating optimal shrinkage intensity lambda (correlation matrix): 0.5322 

Estimating optimal shrinkage intensity lambda.var (variance vector): 0.9072 

Estimating optimal shrinkage intensity lambda (correlation matrix): 0.5685 

[1] "Round 70"
Estimating optimal shrinkage intensity lambda.var (variance vector): 0.9703 

Estimating optimal shrinkage intensity lambda (correlation matrix): 0.5778 

Estimating optimal shrinkage intensity lambda.var (variance vector): 0.8802 

Estimating optimal shrinkage intensity lambda (correlation matrix): 0.439 

[1] "Round 72"
Estimating optimal shrinkage intensity lambda.var (variance vector): 1 

Estimating optimal shrinkage intensity lambda (correlation matrix): 0.6452 

Estimating optimal shrinkage intensity lambda.var (variance vector): 1 

Estimating optimal shrinkage intensity lambda (correlation matrix): 0.6077 

[1] "Round 74"
Estimating optimal shrinkage intensity lambda.var (variance vector): 1 

Estimating optimal shrinkage intensity lambda (correlation matrix): 0.642 

Estimating optimal shrinkage intensity lambda.var (variance vector): 1 

Estimating optimal shrinkage intensity lambda (correlation matrix): 0.4356 

[1] "Round 76"
Estimating optimal shrinkage intensity lambda.var (variance vector): 0.924 

Estimating optimal shrinkage intensity lambda (correlation matrix): 0.4987 

Estimating optimal shrinkage intensity lambda.var (variance vector): 1 

Estimating optimal shrinkage intensity lambda (correlation matrix): 0.6187 

[1] "Round 78"
Estimating optimal shrinkage intensity lambda.var (variance vector): 0.8193 

Estimating optimal shrinkage intensity lambda (correlation matrix): 0.666 

Estimating optimal shrinkage intensity lambda.var (variance vector): 0.8399 

Estimating optimal shrinkage intensity lambda (correlation matrix): 0.582 

[1] "Round 80"
Estimating optimal shrinkage intensity lambda.var (variance vector): 1 

Estimating optimal shrinkage intensity lambda (correlation matrix): 0.6352 

Estimating optimal shrinkage intensity lambda.var (variance vector): 0.9927 

Estimating optimal shrinkage intensity lambda (correlation matrix): 0.475 

[1] "Round 82"
Estimating optimal shrinkage intensity lambda.var (variance vector): 0.8192 

Estimating optimal shrinkage intensity lambda (correlation matrix): 0.6945 

Estimating optimal shrinkage intensity lambda.var (variance vector): 1 

Estimating optimal shrinkage intensity lambda (correlation matrix): 0.639 

[1] "Round 84"
Estimating optimal shrinkage intensity lambda.var (variance vector): 1 

Estimating optimal shrinkage intensity lambda (correlation matrix): 0.497 

Estimating optimal shrinkage intensity lambda.var (variance vector): 1 

Estimating optimal shrinkage intensity lambda (correlation matrix): 0.5406 

[1] "Round 86"
Estimating optimal shrinkage intensity lambda.var (variance vector): 1 

Estimating optimal shrinkage intensity lambda (correlation matrix): 0.4166 

Estimating optimal shrinkage intensity lambda.var (variance vector): 1 

Estimating optimal shrinkage intensity lambda (correlation matrix): 0.5636 

[1] "Round 88"
Estimating optimal shrinkage intensity lambda.var (variance vector): 1 

Estimating optimal shrinkage intensity lambda (correlation matrix): 0.5759 

Estimating optimal shrinkage intensity lambda.var (variance vector): 0.93 

Estimating optimal shrinkage intensity lambda (correlation matrix): 0.5877 

[1] "Round 90"
Estimating optimal shrinkage intensity lambda.var (variance vector): 1 

Estimating optimal shrinkage intensity lambda (correlation matrix): 0.5648 

Estimating optimal shrinkage intensity lambda.var (variance vector): 1 

Estimating optimal shrinkage intensity lambda (correlation matrix): 0.4001 

[1] "Round 92"
Estimating optimal shrinkage intensity lambda.var (variance vector): 0.992 

Estimating optimal shrinkage intensity lambda (correlation matrix): 0.7666 

Estimating optimal shrinkage intensity lambda.var (variance vector): 1 

Estimating optimal shrinkage intensity lambda (correlation matrix): 0.5619 

[1] "Round 94"
Estimating optimal shrinkage intensity lambda.var (variance vector): 1 

Estimating optimal shrinkage intensity lambda (correlation matrix): 0.4521 

Estimating optimal shrinkage intensity lambda.var (variance vector): 1 

Estimating optimal shrinkage intensity lambda (correlation matrix): 0.7071 

[1] "Round 96"
Estimating optimal shrinkage intensity lambda.var (variance vector): 1 

Estimating optimal shrinkage intensity lambda (correlation matrix): 0.6748 

Estimating optimal shrinkage intensity lambda.var (variance vector): 0.8941 

Estimating optimal shrinkage intensity lambda (correlation matrix): 0.5407 

[1] "Round 98"
Estimating optimal shrinkage intensity lambda.var (variance vector): 0.9272 

Estimating optimal shrinkage intensity lambda (correlation matrix): 0.6684 

Estimating optimal shrinkage intensity lambda.var (variance vector): 1 

Estimating optimal shrinkage intensity lambda (correlation matrix): 0.6981 

[1] "Round 100"
Estimating optimal shrinkage intensity lambda.var (variance vector): 0.9536 

Estimating optimal shrinkage intensity lambda (correlation matrix): 0.4951 

[1] "data/Debi+lognormal_n100_p100_tau2.5_rho0.5_sigma0.5_Nsim100"
                       lambda        SE       PE      linf        FPR       FNR
bootstrap_mean     0.37082859 123601.14 156305.3 25.312469 0.06606383 0.9383333
bootstrap_mean_std 0.01574394  83227.63 117886.8  8.586441 0.01442597 0.0165238
                          TPR     sum_beta
bootstrap_mean     0.06166667 8.309542e-17
bootstrap_mean_std 0.01652380 7.927558e-17
Time difference of 2.07107 mins
Estimating optimal shrinkage intensity lambda.var (variance vector): 0.8024 

Estimating optimal shrinkage intensity lambda (correlation matrix): 0.6328 

[1] "Round 2"
Estimating optimal shrinkage intensity lambda.var (variance vector): 0.9872 

Estimating optimal shrinkage intensity lambda (correlation matrix): 0.5004 

Estimating optimal shrinkage intensity lambda.var (variance vector): 1 

Estimating optimal shrinkage intensity lambda (correlation matrix): 0.5243 

[1] "Round 4"
Estimating optimal shrinkage intensity lambda.var (variance vector): 1 

Estimating optimal shrinkage intensity lambda (correlation matrix): 0.5271 

Estimating optimal shrinkage intensity lambda.var (variance vector): 1 

Estimating optimal shrinkage intensity lambda (correlation matrix): 0.6138 

[1] "Round 6"
Estimating optimal shrinkage intensity lambda.var (variance vector): 1 

Estimating optimal shrinkage intensity lambda (correlation matrix): 0.5974 

Estimating optimal shrinkage intensity lambda.var (variance vector): 1 

Estimating optimal shrinkage intensity lambda (correlation matrix): 0.705 

[1] "Round 8"
Estimating optimal shrinkage intensity lambda.var (variance vector): 0.6959 

Estimating optimal shrinkage intensity lambda (correlation matrix): 0.5122 

Estimating optimal shrinkage intensity lambda.var (variance vector): 1 

Estimating optimal shrinkage intensity lambda (correlation matrix): 0.4831 

[1] "Round 10"
Estimating optimal shrinkage intensity lambda.var (variance vector): 1 

Estimating optimal shrinkage intensity lambda (correlation matrix): 0.5581 

Estimating optimal shrinkage intensity lambda.var (variance vector): 0.9106 

Estimating optimal shrinkage intensity lambda (correlation matrix): 0.5022 

[1] "Round 12"
Estimating optimal shrinkage intensity lambda.var (variance vector): 1 

Estimating optimal shrinkage intensity lambda (correlation matrix): 0.6513 

Estimating optimal shrinkage intensity lambda.var (variance vector): 1 

Estimating optimal shrinkage intensity lambda (correlation matrix): 0.5687 

[1] "Round 14"
Estimating optimal shrinkage intensity lambda.var (variance vector): 0.9878 

Estimating optimal shrinkage intensity lambda (correlation matrix): 0.5576 

Estimating optimal shrinkage intensity lambda.var (variance vector): 0.9033 

Estimating optimal shrinkage intensity lambda (correlation matrix): 0.6469 

[1] "Round 16"
Estimating optimal shrinkage intensity lambda.var (variance vector): 1 

Estimating optimal shrinkage intensity lambda (correlation matrix): 0.5777 

Estimating optimal shrinkage intensity lambda.var (variance vector): 0.9198 

Estimating optimal shrinkage intensity lambda (correlation matrix): 0.4769 

[1] "Round 18"
Estimating optimal shrinkage intensity lambda.var (variance vector): 0.9823 

Estimating optimal shrinkage intensity lambda (correlation matrix): 0.5305 

Estimating optimal shrinkage intensity lambda.var (variance vector): 1 

Estimating optimal shrinkage intensity lambda (correlation matrix): 0.4776 

[1] "Round 20"
Estimating optimal shrinkage intensity lambda.var (variance vector): 0.8571 

Estimating optimal shrinkage intensity lambda (correlation matrix): 0.6813 

Estimating optimal shrinkage intensity lambda.var (variance vector): 1 

Estimating optimal shrinkage intensity lambda (correlation matrix): 0.6088 

[1] "Round 22"
Estimating optimal shrinkage intensity lambda.var (variance vector): 1 

Estimating optimal shrinkage intensity lambda (correlation matrix): 0.5773 

Estimating optimal shrinkage intensity lambda.var (variance vector): 1 

Estimating optimal shrinkage intensity lambda (correlation matrix): 0.6678 

[1] "Round 24"
Estimating optimal shrinkage intensity lambda.var (variance vector): 1 

Estimating optimal shrinkage intensity lambda (correlation matrix): 0.6128 

Estimating optimal shrinkage intensity lambda.var (variance vector): 1 

Estimating optimal shrinkage intensity lambda (correlation matrix): 0.4397 

[1] "Round 26"
Estimating optimal shrinkage intensity lambda.var (variance vector): 0.913 

Estimating optimal shrinkage intensity lambda (correlation matrix): 0.6723 

Estimating optimal shrinkage intensity lambda.var (variance vector): 0.7269 

Estimating optimal shrinkage intensity lambda (correlation matrix): 0.6069 

[1] "Round 28"
Estimating optimal shrinkage intensity lambda.var (variance vector): 1 

Estimating optimal shrinkage intensity lambda (correlation matrix): 0.6862 

Estimating optimal shrinkage intensity lambda.var (variance vector): 0.9451 

Estimating optimal shrinkage intensity lambda (correlation matrix): 0.6135 

[1] "Round 30"
Estimating optimal shrinkage intensity lambda.var (variance vector): 1 

Estimating optimal shrinkage intensity lambda (correlation matrix): 0.5679 

Estimating optimal shrinkage intensity lambda.var (variance vector): 0.8879 

Estimating optimal shrinkage intensity lambda (correlation matrix): 0.4499 

[1] "Round 32"
Estimating optimal shrinkage intensity lambda.var (variance vector): 1 

Estimating optimal shrinkage intensity lambda (correlation matrix): 0.7574 

Estimating optimal shrinkage intensity lambda.var (variance vector): 1 

Estimating optimal shrinkage intensity lambda (correlation matrix): 0.6356 

[1] "Round 34"
Estimating optimal shrinkage intensity lambda.var (variance vector): 0.8402 

Estimating optimal shrinkage intensity lambda (correlation matrix): 0.6212 

Estimating optimal shrinkage intensity lambda.var (variance vector): 0.9817 

Estimating optimal shrinkage intensity lambda (correlation matrix): 0.7597 

[1] "Round 36"
Estimating optimal shrinkage intensity lambda.var (variance vector): 0.8428 

Estimating optimal shrinkage intensity lambda (correlation matrix): 0.4944 

Estimating optimal shrinkage intensity lambda.var (variance vector): 1 

Estimating optimal shrinkage intensity lambda (correlation matrix): 0.535 

[1] "Round 38"
Estimating optimal shrinkage intensity lambda.var (variance vector): 1 

Estimating optimal shrinkage intensity lambda (correlation matrix): 0.5214 

Estimating optimal shrinkage intensity lambda.var (variance vector): 0.8143 

Estimating optimal shrinkage intensity lambda (correlation matrix): 0.6401 

[1] "Round 40"
Estimating optimal shrinkage intensity lambda.var (variance vector): 1 

Estimating optimal shrinkage intensity lambda (correlation matrix): 0.5408 

Estimating optimal shrinkage intensity lambda.var (variance vector): 0.9691 

Estimating optimal shrinkage intensity lambda (correlation matrix): 0.5924 

[1] "Round 42"
Estimating optimal shrinkage intensity lambda.var (variance vector): 1 

Estimating optimal shrinkage intensity lambda (correlation matrix): 0.476 

Estimating optimal shrinkage intensity lambda.var (variance vector): 0.9302 

Estimating optimal shrinkage intensity lambda (correlation matrix): 0.6677 

[1] "Round 44"
Estimating optimal shrinkage intensity lambda.var (variance vector): 1 

Estimating optimal shrinkage intensity lambda (correlation matrix): 0.598 

Estimating optimal shrinkage intensity lambda.var (variance vector): 1 

Estimating optimal shrinkage intensity lambda (correlation matrix): 0.4068 

[1] "Round 46"
Estimating optimal shrinkage intensity lambda.var (variance vector): 0.7321 

Estimating optimal shrinkage intensity lambda (correlation matrix): 0.5001 

Estimating optimal shrinkage intensity lambda.var (variance vector): 1 

Estimating optimal shrinkage intensity lambda (correlation matrix): 0.4045 

[1] "Round 48"
Estimating optimal shrinkage intensity lambda.var (variance vector): 0.9464 

Estimating optimal shrinkage intensity lambda (correlation matrix): 0.4069 

Estimating optimal shrinkage intensity lambda.var (variance vector): 0.8407 

Estimating optimal shrinkage intensity lambda (correlation matrix): 0.604 

[1] "Round 50"
Estimating optimal shrinkage intensity lambda.var (variance vector): 0.9107 

Estimating optimal shrinkage intensity lambda (correlation matrix): 0.4809 

Estimating optimal shrinkage intensity lambda.var (variance vector): 0.9821 

Estimating optimal shrinkage intensity lambda (correlation matrix): 0.5206 

[1] "Round 52"
Estimating optimal shrinkage intensity lambda.var (variance vector): 1 

Estimating optimal shrinkage intensity lambda (correlation matrix): 0.4371 

Estimating optimal shrinkage intensity lambda.var (variance vector): 0.9146 

Estimating optimal shrinkage intensity lambda (correlation matrix): 0.6589 

[1] "Round 54"
Estimating optimal shrinkage intensity lambda.var (variance vector): 1 

Estimating optimal shrinkage intensity lambda (correlation matrix): 0.4761 

Estimating optimal shrinkage intensity lambda.var (variance vector): 1 

Estimating optimal shrinkage intensity lambda (correlation matrix): 0.6007 

[1] "Round 56"
Estimating optimal shrinkage intensity lambda.var (variance vector): 0.9713 

Estimating optimal shrinkage intensity lambda (correlation matrix): 0.6149 

Estimating optimal shrinkage intensity lambda.var (variance vector): 1 

Estimating optimal shrinkage intensity lambda (correlation matrix): 0.4569 

[1] "Round 58"
Estimating optimal shrinkage intensity lambda.var (variance vector): 1 

Estimating optimal shrinkage intensity lambda (correlation matrix): 0.3875 

Estimating optimal shrinkage intensity lambda.var (variance vector): 1 

Estimating optimal shrinkage intensity lambda (correlation matrix): 0.5987 

[1] "Round 60"
Estimating optimal shrinkage intensity lambda.var (variance vector): 1 

Estimating optimal shrinkage intensity lambda (correlation matrix): 0.5362 

Estimating optimal shrinkage intensity lambda.var (variance vector): 1 

Estimating optimal shrinkage intensity lambda (correlation matrix): 0.5956 

[1] "Round 62"
Estimating optimal shrinkage intensity lambda.var (variance vector): 0.8944 

Estimating optimal shrinkage intensity lambda (correlation matrix): 0.5369 

Estimating optimal shrinkage intensity lambda.var (variance vector): 1 

Estimating optimal shrinkage intensity lambda (correlation matrix): 0.5461 

[1] "Round 64"
Estimating optimal shrinkage intensity lambda.var (variance vector): 1 

Estimating optimal shrinkage intensity lambda (correlation matrix): 0.6952 

Estimating optimal shrinkage intensity lambda.var (variance vector): 1 

Estimating optimal shrinkage intensity lambda (correlation matrix): 0.6493 

[1] "Round 66"
Estimating optimal shrinkage intensity lambda.var (variance vector): 0.7157 

Estimating optimal shrinkage intensity lambda (correlation matrix): 0.6755 

Estimating optimal shrinkage intensity lambda.var (variance vector): 1 

Estimating optimal shrinkage intensity lambda (correlation matrix): 0.5395 

[1] "Round 68"
Estimating optimal shrinkage intensity lambda.var (variance vector): 1 

Estimating optimal shrinkage intensity lambda (correlation matrix): 0.4602 

Estimating optimal shrinkage intensity lambda.var (variance vector): 1 

Estimating optimal shrinkage intensity lambda (correlation matrix): 0.4685 

[1] "Round 70"
Estimating optimal shrinkage intensity lambda.var (variance vector): 1 

Estimating optimal shrinkage intensity lambda (correlation matrix): 0.5589 

Estimating optimal shrinkage intensity lambda.var (variance vector): 0.9069 

Estimating optimal shrinkage intensity lambda (correlation matrix): 0.3845 

[1] "Round 72"
Estimating optimal shrinkage intensity lambda.var (variance vector): 1 

Estimating optimal shrinkage intensity lambda (correlation matrix): 0.6097 

Estimating optimal shrinkage intensity lambda.var (variance vector): 1 

Estimating optimal shrinkage intensity lambda (correlation matrix): 0.5053 

[1] "Round 74"
Estimating optimal shrinkage intensity lambda.var (variance vector): 1 

Estimating optimal shrinkage intensity lambda (correlation matrix): 0.6086 

Estimating optimal shrinkage intensity lambda.var (variance vector): 1 

Estimating optimal shrinkage intensity lambda (correlation matrix): 0.3431 

[1] "Round 76"
Estimating optimal shrinkage intensity lambda.var (variance vector): 0.8851 

Estimating optimal shrinkage intensity lambda (correlation matrix): 0.4007 

Estimating optimal shrinkage intensity lambda.var (variance vector): 1 

Estimating optimal shrinkage intensity lambda (correlation matrix): 0.5407 

[1] "Round 78"
Estimating optimal shrinkage intensity lambda.var (variance vector): 0.8301 

Estimating optimal shrinkage intensity lambda (correlation matrix): 0.6015 

Estimating optimal shrinkage intensity lambda.var (variance vector): 0.8354 

Estimating optimal shrinkage intensity lambda (correlation matrix): 0.4994 

[1] "Round 80"
Estimating optimal shrinkage intensity lambda.var (variance vector): 1 

Estimating optimal shrinkage intensity lambda (correlation matrix): 0.6069 

Estimating optimal shrinkage intensity lambda.var (variance vector): 1 

Estimating optimal shrinkage intensity lambda (correlation matrix): 0.4329 

[1] "Round 82"
Estimating optimal shrinkage intensity lambda.var (variance vector): 0.8868 

Estimating optimal shrinkage intensity lambda (correlation matrix): 0.6014 

Estimating optimal shrinkage intensity lambda.var (variance vector): 1 

Estimating optimal shrinkage intensity lambda (correlation matrix): 0.6153 

[1] "Round 84"
Estimating optimal shrinkage intensity lambda.var (variance vector): 1 

Estimating optimal shrinkage intensity lambda (correlation matrix): 0.411 

Estimating optimal shrinkage intensity lambda.var (variance vector): 1 

Estimating optimal shrinkage intensity lambda (correlation matrix): 0.4758 

[1] "Round 86"
Estimating optimal shrinkage intensity lambda.var (variance vector): 1 

Estimating optimal shrinkage intensity lambda (correlation matrix): 0.3855 

Estimating optimal shrinkage intensity lambda.var (variance vector): 1 

Estimating optimal shrinkage intensity lambda (correlation matrix): 0.4788 

[1] "Round 88"
Estimating optimal shrinkage intensity lambda.var (variance vector): 1 

Estimating optimal shrinkage intensity lambda (correlation matrix): 0.52 

Estimating optimal shrinkage intensity lambda.var (variance vector): 0.9414 

Estimating optimal shrinkage intensity lambda (correlation matrix): 0.5074 

[1] "Round 90"
Estimating optimal shrinkage intensity lambda.var (variance vector): 1 

Estimating optimal shrinkage intensity lambda (correlation matrix): 0.5275 

Estimating optimal shrinkage intensity lambda.var (variance vector): 1 

Estimating optimal shrinkage intensity lambda (correlation matrix): 0.3565 

[1] "Round 92"
Estimating optimal shrinkage intensity lambda.var (variance vector): 0.9782 

Estimating optimal shrinkage intensity lambda (correlation matrix): 0.6322 

Estimating optimal shrinkage intensity lambda.var (variance vector): 1 

Estimating optimal shrinkage intensity lambda (correlation matrix): 0.5123 

[1] "Round 94"
Estimating optimal shrinkage intensity lambda.var (variance vector): 1 

Estimating optimal shrinkage intensity lambda (correlation matrix): 0.4234 

Estimating optimal shrinkage intensity lambda.var (variance vector): 1 

Estimating optimal shrinkage intensity lambda (correlation matrix): 0.5512 

[1] "Round 96"
Estimating optimal shrinkage intensity lambda.var (variance vector): 1 

Estimating optimal shrinkage intensity lambda (correlation matrix): 0.561 

Estimating optimal shrinkage intensity lambda.var (variance vector): 0.8778 

Estimating optimal shrinkage intensity lambda (correlation matrix): 0.4582 

[1] "Round 98"
Estimating optimal shrinkage intensity lambda.var (variance vector): 0.937 

Estimating optimal shrinkage intensity lambda (correlation matrix): 0.5513 

Estimating optimal shrinkage intensity lambda.var (variance vector): 1 

Estimating optimal shrinkage intensity lambda (correlation matrix): 0.551 

[1] "Round 100"
Estimating optimal shrinkage intensity lambda.var (variance vector): 0.9701 

Estimating optimal shrinkage intensity lambda (correlation matrix): 0.4701 

[1] "data/Debi+lognormal_n100_p100_tau3.5_rho0.5_sigma0.5_Nsim100"
                       lambda      SE      PE     linf        FPR        FNR
bootstrap_mean     0.40441781 5740164 9081971 66.12995 0.07191489 0.94333333
bootstrap_mean_std 0.01361829 5726613 9065927 54.89098 0.01269242 0.01405856
                          TPR      sum_beta
bootstrap_mean     0.05666667 -6.668245e-16
bootstrap_mean_std 0.01405856  6.953527e-16
Time difference of 1.748064 mins
Estimating optimal shrinkage intensity lambda.var (variance vector): 0.7955 

Estimating optimal shrinkage intensity lambda (correlation matrix): 0.5694 

[1] "Round 2"
Estimating optimal shrinkage intensity lambda.var (variance vector): 0.9981 

Estimating optimal shrinkage intensity lambda (correlation matrix): 0.4647 

Estimating optimal shrinkage intensity lambda.var (variance vector): 1 

Estimating optimal shrinkage intensity lambda (correlation matrix): 0.429 

[1] "Round 4"
Estimating optimal shrinkage intensity lambda.var (variance vector): 1 

Estimating optimal shrinkage intensity lambda (correlation matrix): 0.4749 

Estimating optimal shrinkage intensity lambda.var (variance vector): 1 

Estimating optimal shrinkage intensity lambda (correlation matrix): 0.5171 

[1] "Round 6"
Estimating optimal shrinkage intensity lambda.var (variance vector): 1 

Estimating optimal shrinkage intensity lambda (correlation matrix): 0.5029 

Estimating optimal shrinkage intensity lambda.var (variance vector): 1 

Estimating optimal shrinkage intensity lambda (correlation matrix): 0.6587 

[1] "Round 8"
Estimating optimal shrinkage intensity lambda.var (variance vector): 0.7161 

Estimating optimal shrinkage intensity lambda (correlation matrix): 0.4422 

Estimating optimal shrinkage intensity lambda.var (variance vector): 1 

Estimating optimal shrinkage intensity lambda (correlation matrix): 0.4293 

[1] "Round 10"
Estimating optimal shrinkage intensity lambda.var (variance vector): 1 

Estimating optimal shrinkage intensity lambda (correlation matrix): 0.5381 

Estimating optimal shrinkage intensity lambda.var (variance vector): 0.9675 

Estimating optimal shrinkage intensity lambda (correlation matrix): 0.5163 

[1] "Round 12"
Estimating optimal shrinkage intensity lambda.var (variance vector): 1 

Estimating optimal shrinkage intensity lambda (correlation matrix): 0.6098 

Estimating optimal shrinkage intensity lambda.var (variance vector): 1 

Estimating optimal shrinkage intensity lambda (correlation matrix): 0.4888 

[1] "Round 14"
Estimating optimal shrinkage intensity lambda.var (variance vector): 0.9968 

Estimating optimal shrinkage intensity lambda (correlation matrix): 0.5016 

Estimating optimal shrinkage intensity lambda.var (variance vector): 0.899 

Estimating optimal shrinkage intensity lambda (correlation matrix): 0.5849 

[1] "Round 16"
Estimating optimal shrinkage intensity lambda.var (variance vector): 1 

Estimating optimal shrinkage intensity lambda (correlation matrix): 0.5356 

Estimating optimal shrinkage intensity lambda.var (variance vector): 0.9157 

Estimating optimal shrinkage intensity lambda (correlation matrix): 0.4199 

[1] "Round 18"
Estimating optimal shrinkage intensity lambda.var (variance vector): 0.9494 

Estimating optimal shrinkage intensity lambda (correlation matrix): 0.5012 

Estimating optimal shrinkage intensity lambda.var (variance vector): 1 

Estimating optimal shrinkage intensity lambda (correlation matrix): 0.4172 

[1] "Round 20"
Estimating optimal shrinkage intensity lambda.var (variance vector): 0.8785 

Estimating optimal shrinkage intensity lambda (correlation matrix): 0.5878 

Estimating optimal shrinkage intensity lambda.var (variance vector): 1 

Estimating optimal shrinkage intensity lambda (correlation matrix): 0.5263 

[1] "Round 22"
Estimating optimal shrinkage intensity lambda.var (variance vector): 1 

Estimating optimal shrinkage intensity lambda (correlation matrix): 0.5255 

Estimating optimal shrinkage intensity lambda.var (variance vector): 1 

Estimating optimal shrinkage intensity lambda (correlation matrix): 0.5769 

[1] "Round 24"
Estimating optimal shrinkage intensity lambda.var (variance vector): 1 

Estimating optimal shrinkage intensity lambda (correlation matrix): 0.5548 

Estimating optimal shrinkage intensity lambda.var (variance vector): 1 

Estimating optimal shrinkage intensity lambda (correlation matrix): 0.3858 

[1] "Round 26"
Estimating optimal shrinkage intensity lambda.var (variance vector): 0.9021 

Estimating optimal shrinkage intensity lambda (correlation matrix): 0.65 

Estimating optimal shrinkage intensity lambda.var (variance vector): 0.7363 

Estimating optimal shrinkage intensity lambda (correlation matrix): 0.5644 

[1] "Round 28"
Estimating optimal shrinkage intensity lambda.var (variance vector): 0.9849 

Estimating optimal shrinkage intensity lambda (correlation matrix): 0.6656 

Estimating optimal shrinkage intensity lambda.var (variance vector): 0.939 

Estimating optimal shrinkage intensity lambda (correlation matrix): 0.5713 

[1] "Round 30"
Estimating optimal shrinkage intensity lambda.var (variance vector): 1 

Estimating optimal shrinkage intensity lambda (correlation matrix): 0.4997 

Estimating optimal shrinkage intensity lambda.var (variance vector): 0.9189 

Estimating optimal shrinkage intensity lambda (correlation matrix): 0.383 

[1] "Round 32"
Estimating optimal shrinkage intensity lambda.var (variance vector): 1 

Estimating optimal shrinkage intensity lambda (correlation matrix): 0.7025 

Estimating optimal shrinkage intensity lambda.var (variance vector): 1 

Estimating optimal shrinkage intensity lambda (correlation matrix): 0.5452 

[1] "Round 34"
Estimating optimal shrinkage intensity lambda.var (variance vector): 0.8236 

Estimating optimal shrinkage intensity lambda (correlation matrix): 0.575 

Estimating optimal shrinkage intensity lambda.var (variance vector): 0.9721 

Estimating optimal shrinkage intensity lambda (correlation matrix): 0.6715 

[1] "Round 36"
Estimating optimal shrinkage intensity lambda.var (variance vector): 0.8455 

Estimating optimal shrinkage intensity lambda (correlation matrix): 0.424 

Estimating optimal shrinkage intensity lambda.var (variance vector): 1 

Estimating optimal shrinkage intensity lambda (correlation matrix): 0.4783 

[1] "Round 38"
Estimating optimal shrinkage intensity lambda.var (variance vector): 1 

Estimating optimal shrinkage intensity lambda (correlation matrix): 0.4497 

Estimating optimal shrinkage intensity lambda.var (variance vector): 0.8128 

Estimating optimal shrinkage intensity lambda (correlation matrix): 0.5652 

[1] "Round 40"
Estimating optimal shrinkage intensity lambda.var (variance vector): 1 

Estimating optimal shrinkage intensity lambda (correlation matrix): 0.473 

Estimating optimal shrinkage intensity lambda.var (variance vector): 1 

Estimating optimal shrinkage intensity lambda (correlation matrix): 0.5357 

[1] "Round 42"
Estimating optimal shrinkage intensity lambda.var (variance vector): 1 

Estimating optimal shrinkage intensity lambda (correlation matrix): 0.4141 

Estimating optimal shrinkage intensity lambda.var (variance vector): 0.9105 

Estimating optimal shrinkage intensity lambda (correlation matrix): 0.6229 

[1] "Round 44"
Estimating optimal shrinkage intensity lambda.var (variance vector): 1 

Estimating optimal shrinkage intensity lambda (correlation matrix): 0.5201 

Estimating optimal shrinkage intensity lambda.var (variance vector): 1 

Estimating optimal shrinkage intensity lambda (correlation matrix): 0.3568 

[1] "Round 46"
Estimating optimal shrinkage intensity lambda.var (variance vector): 0.7439 

Estimating optimal shrinkage intensity lambda (correlation matrix): 0.448 

Estimating optimal shrinkage intensity lambda.var (variance vector): 1 

Estimating optimal shrinkage intensity lambda (correlation matrix): 0.4001 

[1] "Round 48"
Estimating optimal shrinkage intensity lambda.var (variance vector): 0.9725 

Estimating optimal shrinkage intensity lambda (correlation matrix): 0.3692 

Estimating optimal shrinkage intensity lambda.var (variance vector): 0.848 

Estimating optimal shrinkage intensity lambda (correlation matrix): 0.5541 

[1] "Round 50"
Estimating optimal shrinkage intensity lambda.var (variance vector): 0.9303 

Estimating optimal shrinkage intensity lambda (correlation matrix): 0.4198 

Estimating optimal shrinkage intensity lambda.var (variance vector): 0.9924 

Estimating optimal shrinkage intensity lambda (correlation matrix): 0.4731 

[1] "Round 52"
Estimating optimal shrinkage intensity lambda.var (variance vector): 1 

Estimating optimal shrinkage intensity lambda (correlation matrix): 0.3854 

Estimating optimal shrinkage intensity lambda.var (variance vector): 0.9257 

Estimating optimal shrinkage intensity lambda (correlation matrix): 0.622 

[1] "Round 54"
Estimating optimal shrinkage intensity lambda.var (variance vector): 1 

Estimating optimal shrinkage intensity lambda (correlation matrix): 0.4154 

Estimating optimal shrinkage intensity lambda.var (variance vector): 1 

Estimating optimal shrinkage intensity lambda (correlation matrix): 0.5247 

[1] "Round 56"
Estimating optimal shrinkage intensity lambda.var (variance vector): 0.9945 

Estimating optimal shrinkage intensity lambda (correlation matrix): 0.5699 

Estimating optimal shrinkage intensity lambda.var (variance vector): 1 

Estimating optimal shrinkage intensity lambda (correlation matrix): 0.4152 

[1] "Round 58"
Estimating optimal shrinkage intensity lambda.var (variance vector): 1 

Estimating optimal shrinkage intensity lambda (correlation matrix): 0.3311 

Estimating optimal shrinkage intensity lambda.var (variance vector): 0.9949 

Estimating optimal shrinkage intensity lambda (correlation matrix): 0.5709 

[1] "Round 60"
Estimating optimal shrinkage intensity lambda.var (variance vector): 1 

Estimating optimal shrinkage intensity lambda (correlation matrix): 0.4748 

Estimating optimal shrinkage intensity lambda.var (variance vector): 1 

Estimating optimal shrinkage intensity lambda (correlation matrix): 0.5462 

[1] "Round 62"
Estimating optimal shrinkage intensity lambda.var (variance vector): 0.8897 

Estimating optimal shrinkage intensity lambda (correlation matrix): 0.4734 

Estimating optimal shrinkage intensity lambda.var (variance vector): 1 

Estimating optimal shrinkage intensity lambda (correlation matrix): 0.4418 

[1] "Round 64"
Estimating optimal shrinkage intensity lambda.var (variance vector): 1 

Estimating optimal shrinkage intensity lambda (correlation matrix): 0.5961 

Estimating optimal shrinkage intensity lambda.var (variance vector): 1 

Estimating optimal shrinkage intensity lambda (correlation matrix): 0.6256 

[1] "Round 66"
Estimating optimal shrinkage intensity lambda.var (variance vector): 0.7244 

Estimating optimal shrinkage intensity lambda (correlation matrix): 0.5881 

Estimating optimal shrinkage intensity lambda.var (variance vector): 1 

Estimating optimal shrinkage intensity lambda (correlation matrix): 0.4486 

[1] "Round 68"
Estimating optimal shrinkage intensity lambda.var (variance vector): 1 

Estimating optimal shrinkage intensity lambda (correlation matrix): 0.4149 

Estimating optimal shrinkage intensity lambda.var (variance vector): 1 

Estimating optimal shrinkage intensity lambda (correlation matrix): 0.3989 

[1] "Round 70"
Estimating optimal shrinkage intensity lambda.var (variance vector): 1 

Estimating optimal shrinkage intensity lambda (correlation matrix): 0.5353 

Estimating optimal shrinkage intensity lambda.var (variance vector): 0.916 

Estimating optimal shrinkage intensity lambda (correlation matrix): 0.3445 

[1] "Round 72"
Estimating optimal shrinkage intensity lambda.var (variance vector): 1 

Estimating optimal shrinkage intensity lambda (correlation matrix): 0.553 

Estimating optimal shrinkage intensity lambda.var (variance vector): 1 

Estimating optimal shrinkage intensity lambda (correlation matrix): 0.4384 

[1] "Round 74"
Estimating optimal shrinkage intensity lambda.var (variance vector): 1 

Estimating optimal shrinkage intensity lambda (correlation matrix): 0.5616 

Estimating optimal shrinkage intensity lambda.var (variance vector): 1 

Estimating optimal shrinkage intensity lambda (correlation matrix): 0.3061 

[1] "Round 76"
Estimating optimal shrinkage intensity lambda.var (variance vector): 0.8651 

Estimating optimal shrinkage intensity lambda (correlation matrix): 0.3541 

Estimating optimal shrinkage intensity lambda.var (variance vector): 1 

Estimating optimal shrinkage intensity lambda (correlation matrix): 0.4741 

[1] "Round 78"
Estimating optimal shrinkage intensity lambda.var (variance vector): 0.8437 

Estimating optimal shrinkage intensity lambda (correlation matrix): 0.543 

Estimating optimal shrinkage intensity lambda.var (variance vector): 0.8302 

Estimating optimal shrinkage intensity lambda (correlation matrix): 0.4608 

[1] "Round 80"
Estimating optimal shrinkage intensity lambda.var (variance vector): 1 

Estimating optimal shrinkage intensity lambda (correlation matrix): 0.5605 

Estimating optimal shrinkage intensity lambda.var (variance vector): 1 

Estimating optimal shrinkage intensity lambda (correlation matrix): 0.4072 

[1] "Round 82"
Estimating optimal shrinkage intensity lambda.var (variance vector): 0.9397 

Estimating optimal shrinkage intensity lambda (correlation matrix): 0.5223 

Estimating optimal shrinkage intensity lambda.var (variance vector): 1 

Estimating optimal shrinkage intensity lambda (correlation matrix): 0.5874 

[1] "Round 84"
Estimating optimal shrinkage intensity lambda.var (variance vector): 1 

Estimating optimal shrinkage intensity lambda (correlation matrix): 0.3761 

Estimating optimal shrinkage intensity lambda.var (variance vector): 1 

Estimating optimal shrinkage intensity lambda (correlation matrix): 0.4254 

[1] "Round 86"
Estimating optimal shrinkage intensity lambda.var (variance vector): 0.9888 

Estimating optimal shrinkage intensity lambda (correlation matrix): 0.3647 

Estimating optimal shrinkage intensity lambda.var (variance vector): 1 

Estimating optimal shrinkage intensity lambda (correlation matrix): 0.4226 

[1] "Round 88"
Estimating optimal shrinkage intensity lambda.var (variance vector): 1 

Estimating optimal shrinkage intensity lambda (correlation matrix): 0.49 

Estimating optimal shrinkage intensity lambda.var (variance vector): 0.9339 

Estimating optimal shrinkage intensity lambda (correlation matrix): 0.4463 

[1] "Round 90"
Estimating optimal shrinkage intensity lambda.var (variance vector): 1 

Estimating optimal shrinkage intensity lambda (correlation matrix): 0.4915 

Estimating optimal shrinkage intensity lambda.var (variance vector): 1 

Estimating optimal shrinkage intensity lambda (correlation matrix): 0.3315 

[1] "Round 92"
Estimating optimal shrinkage intensity lambda.var (variance vector): 0.9574 

Estimating optimal shrinkage intensity lambda (correlation matrix): 0.5469 

Estimating optimal shrinkage intensity lambda.var (variance vector): 1 

Estimating optimal shrinkage intensity lambda (correlation matrix): 0.4698 

[1] "Round 94"
Estimating optimal shrinkage intensity lambda.var (variance vector): 1 

Estimating optimal shrinkage intensity lambda (correlation matrix): 0.3995 

Estimating optimal shrinkage intensity lambda.var (variance vector): 1 

Estimating optimal shrinkage intensity lambda (correlation matrix): 0.4534 

[1] "Round 96"
Estimating optimal shrinkage intensity lambda.var (variance vector): 1 

Estimating optimal shrinkage intensity lambda (correlation matrix): 0.4838 

Estimating optimal shrinkage intensity lambda.var (variance vector): 0.874 

Estimating optimal shrinkage intensity lambda (correlation matrix): 0.4178 

[1] "Round 98"
Estimating optimal shrinkage intensity lambda.var (variance vector): 0.9336 

Estimating optimal shrinkage intensity lambda (correlation matrix): 0.4759 

Estimating optimal shrinkage intensity lambda.var (variance vector): 1 

Estimating optimal shrinkage intensity lambda (correlation matrix): 0.4556 

[1] "Round 100"
Estimating optimal shrinkage intensity lambda.var (variance vector): 0.9623 

Estimating optimal shrinkage intensity lambda (correlation matrix): 0.4358 

[1] "data/Debi+lognormal_n100_p100_tau4.5_rho0.5_sigma0.5_Nsim100"
                       lambda       SE       PE     linf        FPR        FNR
bootstrap_mean     0.40709780 389973.9 354492.4 24.93345 0.10500000 0.86000000
bootstrap_mean_std 0.01392249 383640.6 348355.2 16.65627 0.01960594 0.02526182
                          TPR      sum_beta
bootstrap_mean     0.14000000 -4.938866e-17
bootstrap_mean_std 0.02526182  5.049396e-17
Time difference of 2.229946 mins
Estimating optimal shrinkage intensity lambda.var (variance vector): 0.7937 

Estimating optimal shrinkage intensity lambda (correlation matrix): 0.518 

[1] "Round 2"
Estimating optimal shrinkage intensity lambda.var (variance vector): 1 

Estimating optimal shrinkage intensity lambda (correlation matrix): 0.4399 

Estimating optimal shrinkage intensity lambda.var (variance vector): 1 

Estimating optimal shrinkage intensity lambda (correlation matrix): 0.3821 

[1] "Round 4"
Estimating optimal shrinkage intensity lambda.var (variance vector): 1 

Estimating optimal shrinkage intensity lambda (correlation matrix): 0.4436 

Estimating optimal shrinkage intensity lambda.var (variance vector): 1 

Estimating optimal shrinkage intensity lambda (correlation matrix): 0.4561 

[1] "Round 6"
Estimating optimal shrinkage intensity lambda.var (variance vector): 1 

Estimating optimal shrinkage intensity lambda (correlation matrix): 0.4466 

Estimating optimal shrinkage intensity lambda.var (variance vector): 1 

Estimating optimal shrinkage intensity lambda (correlation matrix): 0.6259 

[1] "Round 8"
Estimating optimal shrinkage intensity lambda.var (variance vector): 0.736 

Estimating optimal shrinkage intensity lambda (correlation matrix): 0.408 

Estimating optimal shrinkage intensity lambda.var (variance vector): 1 

Estimating optimal shrinkage intensity lambda (correlation matrix): 0.3997 

[1] "Round 10"
Estimating optimal shrinkage intensity lambda.var (variance vector): 1 

Estimating optimal shrinkage intensity lambda (correlation matrix): 0.5126 

Estimating optimal shrinkage intensity lambda.var (variance vector): 0.9853 

Estimating optimal shrinkage intensity lambda (correlation matrix): 0.5193 

[1] "Round 12"
Estimating optimal shrinkage intensity lambda.var (variance vector): 1 

Estimating optimal shrinkage intensity lambda (correlation matrix): 0.5777 

Estimating optimal shrinkage intensity lambda.var (variance vector): 1 

Estimating optimal shrinkage intensity lambda (correlation matrix): 0.4404 

[1] "Round 14"
Estimating optimal shrinkage intensity lambda.var (variance vector): 0.9937 

Estimating optimal shrinkage intensity lambda (correlation matrix): 0.4661 

Estimating optimal shrinkage intensity lambda.var (variance vector): 0.9026 

Estimating optimal shrinkage intensity lambda (correlation matrix): 0.5422 

[1] "Round 16"
Estimating optimal shrinkage intensity lambda.var (variance vector): 1 

Estimating optimal shrinkage intensity lambda (correlation matrix): 0.4986 

Estimating optimal shrinkage intensity lambda.var (variance vector): 0.911 

Estimating optimal shrinkage intensity lambda (correlation matrix): 0.3899 

[1] "Round 18"
Estimating optimal shrinkage intensity lambda.var (variance vector): 0.9374 

Estimating optimal shrinkage intensity lambda (correlation matrix): 0.4756 

Estimating optimal shrinkage intensity lambda.var (variance vector): 1 

Estimating optimal shrinkage intensity lambda (correlation matrix): 0.3817 

[1] "Round 20"
Estimating optimal shrinkage intensity lambda.var (variance vector): 0.8919 

Estimating optimal shrinkage intensity lambda (correlation matrix): 0.5277 

Estimating optimal shrinkage intensity lambda.var (variance vector): 1 

Estimating optimal shrinkage intensity lambda (correlation matrix): 0.4713 

[1] "Round 22"
Estimating optimal shrinkage intensity lambda.var (variance vector): 1 

Estimating optimal shrinkage intensity lambda (correlation matrix): 0.4873 

Estimating optimal shrinkage intensity lambda.var (variance vector): 1 

Estimating optimal shrinkage intensity lambda (correlation matrix): 0.5166 

[1] "Round 24"
Estimating optimal shrinkage intensity lambda.var (variance vector): 1 

Estimating optimal shrinkage intensity lambda (correlation matrix): 0.5197 

Estimating optimal shrinkage intensity lambda.var (variance vector): 1 

Estimating optimal shrinkage intensity lambda (correlation matrix): 0.3581 

[1] "Round 26"
Estimating optimal shrinkage intensity lambda.var (variance vector): 0.888 

Estimating optimal shrinkage intensity lambda (correlation matrix): 0.6311 

Estimating optimal shrinkage intensity lambda.var (variance vector): 0.7471 

Estimating optimal shrinkage intensity lambda (correlation matrix): 0.5342 

[1] "Round 28"
Estimating optimal shrinkage intensity lambda.var (variance vector): 0.9486 

Estimating optimal shrinkage intensity lambda (correlation matrix): 0.6404 

Estimating optimal shrinkage intensity lambda.var (variance vector): 0.9265 

Estimating optimal shrinkage intensity lambda (correlation matrix): 0.5433 

[1] "Round 30"
Estimating optimal shrinkage intensity lambda.var (variance vector): 1 

Estimating optimal shrinkage intensity lambda (correlation matrix): 0.4618 

Estimating optimal shrinkage intensity lambda.var (variance vector): 0.9457 

Estimating optimal shrinkage intensity lambda (correlation matrix): 0.3418 

[1] "Round 32"
Estimating optimal shrinkage intensity lambda.var (variance vector): 1 

Estimating optimal shrinkage intensity lambda (correlation matrix): 0.655 

Estimating optimal shrinkage intensity lambda.var (variance vector): 1 

Estimating optimal shrinkage intensity lambda (correlation matrix): 0.4876 

[1] "Round 34"
Estimating optimal shrinkage intensity lambda.var (variance vector): 0.8262 

Estimating optimal shrinkage intensity lambda (correlation matrix): 0.5442 

Estimating optimal shrinkage intensity lambda.var (variance vector): 0.9609 

Estimating optimal shrinkage intensity lambda (correlation matrix): 0.5994 

[1] "Round 36"
Estimating optimal shrinkage intensity lambda.var (variance vector): 0.8436 

Estimating optimal shrinkage intensity lambda (correlation matrix): 0.381 

Estimating optimal shrinkage intensity lambda.var (variance vector): 1 

Estimating optimal shrinkage intensity lambda (correlation matrix): 0.4435 

[1] "Round 38"
Estimating optimal shrinkage intensity lambda.var (variance vector): 1 

Estimating optimal shrinkage intensity lambda (correlation matrix): 0.4134 

Estimating optimal shrinkage intensity lambda.var (variance vector): 0.8162 

Estimating optimal shrinkage intensity lambda (correlation matrix): 0.5097 

[1] "Round 40"
Estimating optimal shrinkage intensity lambda.var (variance vector): 1 

Estimating optimal shrinkage intensity lambda (correlation matrix): 0.4354 

Estimating optimal shrinkage intensity lambda.var (variance vector): 1 

Estimating optimal shrinkage intensity lambda (correlation matrix): 0.4992 

[1] "Round 42"
Estimating optimal shrinkage intensity lambda.var (variance vector): 1 

Estimating optimal shrinkage intensity lambda (correlation matrix): 0.3774 

Estimating optimal shrinkage intensity lambda.var (variance vector): 0.9083 

Estimating optimal shrinkage intensity lambda (correlation matrix): 0.5961 

[1] "Round 44"
Estimating optimal shrinkage intensity lambda.var (variance vector): 1 

Estimating optimal shrinkage intensity lambda (correlation matrix): 0.4708 

Estimating optimal shrinkage intensity lambda.var (variance vector): 1 

Estimating optimal shrinkage intensity lambda (correlation matrix): 0.3272 

[1] "Round 46"
Estimating optimal shrinkage intensity lambda.var (variance vector): 0.7465 

Estimating optimal shrinkage intensity lambda (correlation matrix): 0.4157 

Estimating optimal shrinkage intensity lambda.var (variance vector): 1 

Estimating optimal shrinkage intensity lambda (correlation matrix): 0.3973 

[1] "Round 48"
Estimating optimal shrinkage intensity lambda.var (variance vector): 0.9881 

Estimating optimal shrinkage intensity lambda (correlation matrix): 0.3474 

Estimating optimal shrinkage intensity lambda.var (variance vector): 0.8527 

Estimating optimal shrinkage intensity lambda (correlation matrix): 0.5196 

[1] "Round 50"
Estimating optimal shrinkage intensity lambda.var (variance vector): 0.9374 

Estimating optimal shrinkage intensity lambda (correlation matrix): 0.3771 

Estimating optimal shrinkage intensity lambda.var (variance vector): 1 

Estimating optimal shrinkage intensity lambda (correlation matrix): 0.4501 

[1] "Round 52"
Estimating optimal shrinkage intensity lambda.var (variance vector): 1 

Estimating optimal shrinkage intensity lambda (correlation matrix): 0.3563 

Estimating optimal shrinkage intensity lambda.var (variance vector): 0.9354 

Estimating optimal shrinkage intensity lambda (correlation matrix): 0.5941 

[1] "Round 54"
Estimating optimal shrinkage intensity lambda.var (variance vector): 1 

Estimating optimal shrinkage intensity lambda (correlation matrix): 0.3835 

Estimating optimal shrinkage intensity lambda.var (variance vector): 1 

Estimating optimal shrinkage intensity lambda (correlation matrix): 0.4771 

[1] "Round 56"
Estimating optimal shrinkage intensity lambda.var (variance vector): 1 

Estimating optimal shrinkage intensity lambda (correlation matrix): 0.5242 

Estimating optimal shrinkage intensity lambda.var (variance vector): 1 

Estimating optimal shrinkage intensity lambda (correlation matrix): 0.3879 

[1] "Round 58"
Estimating optimal shrinkage intensity lambda.var (variance vector): 1 

Estimating optimal shrinkage intensity lambda (correlation matrix): 0.3032 

Estimating optimal shrinkage intensity lambda.var (variance vector): 0.9802 

Estimating optimal shrinkage intensity lambda (correlation matrix): 0.5479 

[1] "Round 60"
Estimating optimal shrinkage intensity lambda.var (variance vector): 1 

Estimating optimal shrinkage intensity lambda (correlation matrix): 0.437 

Estimating optimal shrinkage intensity lambda.var (variance vector): 1 

Estimating optimal shrinkage intensity lambda (correlation matrix): 0.5134 

[1] "Round 62"
Estimating optimal shrinkage intensity lambda.var (variance vector): 0.8874 

Estimating optimal shrinkage intensity lambda (correlation matrix): 0.4264 

Estimating optimal shrinkage intensity lambda.var (variance vector): 1 

Estimating optimal shrinkage intensity lambda (correlation matrix): 0.382 

[1] "Round 64"
Estimating optimal shrinkage intensity lambda.var (variance vector): 1 

Estimating optimal shrinkage intensity lambda (correlation matrix): 0.5258 

Estimating optimal shrinkage intensity lambda.var (variance vector): 1 

Estimating optimal shrinkage intensity lambda (correlation matrix): 0.605 

[1] "Round 66"
Estimating optimal shrinkage intensity lambda.var (variance vector): 0.7523 

Estimating optimal shrinkage intensity lambda (correlation matrix): 0.5268 

Estimating optimal shrinkage intensity lambda.var (variance vector): 1 

Estimating optimal shrinkage intensity lambda (correlation matrix): 0.4004 

[1] "Round 68"
Estimating optimal shrinkage intensity lambda.var (variance vector): 1 

Estimating optimal shrinkage intensity lambda (correlation matrix): 0.3917 

Estimating optimal shrinkage intensity lambda.var (variance vector): 1 

Estimating optimal shrinkage intensity lambda (correlation matrix): 0.356 

[1] "Round 70"
Estimating optimal shrinkage intensity lambda.var (variance vector): 1 

Estimating optimal shrinkage intensity lambda (correlation matrix): 0.5124 

Estimating optimal shrinkage intensity lambda.var (variance vector): 0.9195 

Estimating optimal shrinkage intensity lambda (correlation matrix): 0.3181 

[1] "Round 72"
Estimating optimal shrinkage intensity lambda.var (variance vector): 1 

Estimating optimal shrinkage intensity lambda (correlation matrix): 0.5061 

Estimating optimal shrinkage intensity lambda.var (variance vector): 1 

Estimating optimal shrinkage intensity lambda (correlation matrix): 0.3989 

[1] "Round 74"
Estimating optimal shrinkage intensity lambda.var (variance vector): 0.9946 

Estimating optimal shrinkage intensity lambda (correlation matrix): 0.523 

Estimating optimal shrinkage intensity lambda.var (variance vector): 1 

Estimating optimal shrinkage intensity lambda (correlation matrix): 0.2892 

[1] "Round 76"
Estimating optimal shrinkage intensity lambda.var (variance vector): 0.8528 

Estimating optimal shrinkage intensity lambda (correlation matrix): 0.3316 

Estimating optimal shrinkage intensity lambda.var (variance vector): 1 

Estimating optimal shrinkage intensity lambda (correlation matrix): 0.4292 

[1] "Round 78"
Estimating optimal shrinkage intensity lambda.var (variance vector): 0.8574 

Estimating optimal shrinkage intensity lambda (correlation matrix): 0.505 

Estimating optimal shrinkage intensity lambda.var (variance vector): 0.8269 

Estimating optimal shrinkage intensity lambda (correlation matrix): 0.4458 

[1] "Round 80"
Estimating optimal shrinkage intensity lambda.var (variance vector): 1 

Estimating optimal shrinkage intensity lambda (correlation matrix): 0.5192 

Estimating optimal shrinkage intensity lambda.var (variance vector): 1 

Estimating optimal shrinkage intensity lambda (correlation matrix): 0.3916 

[1] "Round 82"
Estimating optimal shrinkage intensity lambda.var (variance vector): 0.9779 

Estimating optimal shrinkage intensity lambda (correlation matrix): 0.4695 

Estimating optimal shrinkage intensity lambda.var (variance vector): 1 

Estimating optimal shrinkage intensity lambda (correlation matrix): 0.5672 

[1] "Round 84"
Estimating optimal shrinkage intensity lambda.var (variance vector): 1 

Estimating optimal shrinkage intensity lambda (correlation matrix): 0.3608 

Estimating optimal shrinkage intensity lambda.var (variance vector): 1 

Estimating optimal shrinkage intensity lambda (correlation matrix): 0.3924 

[1] "Round 86"
Estimating optimal shrinkage intensity lambda.var (variance vector): 0.9847 

Estimating optimal shrinkage intensity lambda (correlation matrix): 0.3526 

Estimating optimal shrinkage intensity lambda.var (variance vector): 1 

Estimating optimal shrinkage intensity lambda (correlation matrix): 0.3882 

[1] "Round 88"
Estimating optimal shrinkage intensity lambda.var (variance vector): 1 

Estimating optimal shrinkage intensity lambda (correlation matrix): 0.4757 

Estimating optimal shrinkage intensity lambda.var (variance vector): 0.924 

Estimating optimal shrinkage intensity lambda (correlation matrix): 0.4071 

[1] "Round 90"
Estimating optimal shrinkage intensity lambda.var (variance vector): 1 

Estimating optimal shrinkage intensity lambda (correlation matrix): 0.4654 

Estimating optimal shrinkage intensity lambda.var (variance vector): 1 

Estimating optimal shrinkage intensity lambda (correlation matrix): 0.3182 

[1] "Round 92"
Estimating optimal shrinkage intensity lambda.var (variance vector): 0.9464 

Estimating optimal shrinkage intensity lambda (correlation matrix): 0.498 

Estimating optimal shrinkage intensity lambda.var (variance vector): 1 

Estimating optimal shrinkage intensity lambda (correlation matrix): 0.4412 

[1] "Round 94"
Estimating optimal shrinkage intensity lambda.var (variance vector): 1 

Estimating optimal shrinkage intensity lambda (correlation matrix): 0.3844 

Estimating optimal shrinkage intensity lambda.var (variance vector): 1 

Estimating optimal shrinkage intensity lambda (correlation matrix): 0.402 

[1] "Round 96"
Estimating optimal shrinkage intensity lambda.var (variance vector): 1 

Estimating optimal shrinkage intensity lambda (correlation matrix): 0.4366 

Estimating optimal shrinkage intensity lambda.var (variance vector): 0.8718 

Estimating optimal shrinkage intensity lambda (correlation matrix): 0.396 

[1] "Round 98"
Estimating optimal shrinkage intensity lambda.var (variance vector): 0.9316 

Estimating optimal shrinkage intensity lambda (correlation matrix): 0.4336 

Estimating optimal shrinkage intensity lambda.var (variance vector): 1 

Estimating optimal shrinkage intensity lambda (correlation matrix): 0.4017 

[1] "Round 100"
Estimating optimal shrinkage intensity lambda.var (variance vector): 0.9581 

Estimating optimal shrinkage intensity lambda (correlation matrix): 0.4095 

[1] "data/Debi+lognormal_n100_p100_tau5.5_rho0.5_sigma0.5_Nsim100"
                       lambda       SE        PE     linf        FPR        FNR
bootstrap_mean     0.42324393 16381.83 10971.160 7.804628 0.11000000 0.88500000
bootstrap_mean_std 0.01389291 15387.47  9343.257 3.205610 0.01367745 0.01860678
                          TPR      sum_beta
bootstrap_mean     0.11500000 -2.066164e-17
bootstrap_mean_std 0.01860678  2.655500e-17
Time difference of 1.423164 mins
Estimating optimal shrinkage intensity lambda.var (variance vector): 0.7933 

Estimating optimal shrinkage intensity lambda (correlation matrix): 0.4797 

[1] "Round 2"
Estimating optimal shrinkage intensity lambda.var (variance vector): 1 

Estimating optimal shrinkage intensity lambda (correlation matrix): 0.4216 

Estimating optimal shrinkage intensity lambda.var (variance vector): 1 

Estimating optimal shrinkage intensity lambda (correlation matrix): 0.357 

[1] "Round 4"
Estimating optimal shrinkage intensity lambda.var (variance vector): 1 

Estimating optimal shrinkage intensity lambda (correlation matrix): 0.4244 

Estimating optimal shrinkage intensity lambda.var (variance vector): 1 

Estimating optimal shrinkage intensity lambda (correlation matrix): 0.4194 

[1] "Round 6"
Estimating optimal shrinkage intensity lambda.var (variance vector): 1 

Estimating optimal shrinkage intensity lambda (correlation matrix): 0.4107 

Estimating optimal shrinkage intensity lambda.var (variance vector): 1 

Estimating optimal shrinkage intensity lambda (correlation matrix): 0.603 

[1] "Round 8"
Estimating optimal shrinkage intensity lambda.var (variance vector): 0.7482 

Estimating optimal shrinkage intensity lambda (correlation matrix): 0.3898 

Estimating optimal shrinkage intensity lambda.var (variance vector): 1 

Estimating optimal shrinkage intensity lambda (correlation matrix): 0.383 

[1] "Round 10"
Estimating optimal shrinkage intensity lambda.var (variance vector): 1 

Estimating optimal shrinkage intensity lambda (correlation matrix): 0.4909 

Estimating optimal shrinkage intensity lambda.var (variance vector): 1 

Estimating optimal shrinkage intensity lambda (correlation matrix): 0.5157 

[1] "Round 12"
Estimating optimal shrinkage intensity lambda.var (variance vector): 1 

Estimating optimal shrinkage intensity lambda (correlation matrix): 0.5529 

Estimating optimal shrinkage intensity lambda.var (variance vector): 1 

Estimating optimal shrinkage intensity lambda (correlation matrix): 0.4113 

[1] "Round 14"
Estimating optimal shrinkage intensity lambda.var (variance vector): 0.9925 

Estimating optimal shrinkage intensity lambda (correlation matrix): 0.4439 

Estimating optimal shrinkage intensity lambda.var (variance vector): 0.9061 

Estimating optimal shrinkage intensity lambda (correlation matrix): 0.5122 

[1] "Round 16"
Estimating optimal shrinkage intensity lambda.var (variance vector): 1 

Estimating optimal shrinkage intensity lambda (correlation matrix): 0.4705 

Estimating optimal shrinkage intensity lambda.var (variance vector): 0.9069 

Estimating optimal shrinkage intensity lambda (correlation matrix): 0.3717 

[1] "Round 18"
Estimating optimal shrinkage intensity lambda.var (variance vector): 0.9234 

Estimating optimal shrinkage intensity lambda (correlation matrix): 0.4568 

Estimating optimal shrinkage intensity lambda.var (variance vector): 1 

Estimating optimal shrinkage intensity lambda (correlation matrix): 0.3608 

[1] "Round 20"
Estimating optimal shrinkage intensity lambda.var (variance vector): 0.8989 

Estimating optimal shrinkage intensity lambda (correlation matrix): 0.4894 

Estimating optimal shrinkage intensity lambda.var (variance vector): 1 

Estimating optimal shrinkage intensity lambda (correlation matrix): 0.4358 

[1] "Round 22"
Estimating optimal shrinkage intensity lambda.var (variance vector): 1 

Estimating optimal shrinkage intensity lambda (correlation matrix): 0.4599 

Estimating optimal shrinkage intensity lambda.var (variance vector): 1 

Estimating optimal shrinkage intensity lambda (correlation matrix): 0.4774 

[1] "Round 24"
Estimating optimal shrinkage intensity lambda.var (variance vector): 1 

Estimating optimal shrinkage intensity lambda (correlation matrix): 0.4972 

Estimating optimal shrinkage intensity lambda.var (variance vector): 1 

Estimating optimal shrinkage intensity lambda (correlation matrix): 0.342 

[1] "Round 26"
Estimating optimal shrinkage intensity lambda.var (variance vector): 0.8885 

Estimating optimal shrinkage intensity lambda (correlation matrix): 0.6166 

Estimating optimal shrinkage intensity lambda.var (variance vector): 0.7553 

Estimating optimal shrinkage intensity lambda (correlation matrix): 0.5138 

[1] "Round 28"
Estimating optimal shrinkage intensity lambda.var (variance vector): 0.9232 

Estimating optimal shrinkage intensity lambda (correlation matrix): 0.6181 

Estimating optimal shrinkage intensity lambda.var (variance vector): 0.9198 

Estimating optimal shrinkage intensity lambda (correlation matrix): 0.5251 

[1] "Round 30"
Estimating optimal shrinkage intensity lambda.var (variance vector): 1 

Estimating optimal shrinkage intensity lambda (correlation matrix): 0.4406 

Estimating optimal shrinkage intensity lambda.var (variance vector): 0.9612 

Estimating optimal shrinkage intensity lambda (correlation matrix): 0.3164 

[1] "Round 32"
Estimating optimal shrinkage intensity lambda.var (variance vector): 1 

Estimating optimal shrinkage intensity lambda (correlation matrix): 0.6167 

Estimating optimal shrinkage intensity lambda.var (variance vector): 1 

Estimating optimal shrinkage intensity lambda (correlation matrix): 0.4511 

[1] "Round 34"
Estimating optimal shrinkage intensity lambda.var (variance vector): 0.8241 

Estimating optimal shrinkage intensity lambda (correlation matrix): 0.5242 

Estimating optimal shrinkage intensity lambda.var (variance vector): 0.9501 

Estimating optimal shrinkage intensity lambda (correlation matrix): 0.5488 

[1] "Round 36"
Estimating optimal shrinkage intensity lambda.var (variance vector): 0.839 

Estimating optimal shrinkage intensity lambda (correlation matrix): 0.3544 

Estimating optimal shrinkage intensity lambda.var (variance vector): 1 

Estimating optimal shrinkage intensity lambda (correlation matrix): 0.4213 

[1] "Round 38"
Estimating optimal shrinkage intensity lambda.var (variance vector): 1 

Estimating optimal shrinkage intensity lambda (correlation matrix): 0.3929 

Estimating optimal shrinkage intensity lambda.var (variance vector): 0.8207 

Estimating optimal shrinkage intensity lambda (correlation matrix): 0.4727 

[1] "Round 40"
Estimating optimal shrinkage intensity lambda.var (variance vector): 1 

Estimating optimal shrinkage intensity lambda (correlation matrix): 0.4152 

Estimating optimal shrinkage intensity lambda.var (variance vector): 1 

Estimating optimal shrinkage intensity lambda (correlation matrix): 0.4762 

[1] "Round 42"
Estimating optimal shrinkage intensity lambda.var (variance vector): 1 

Estimating optimal shrinkage intensity lambda (correlation matrix): 0.3546 

Estimating optimal shrinkage intensity lambda.var (variance vector): 0.901 

Estimating optimal shrinkage intensity lambda (correlation matrix): 0.5814 

[1] "Round 44"
Estimating optimal shrinkage intensity lambda.var (variance vector): 1 

Estimating optimal shrinkage intensity lambda (correlation matrix): 0.4401 

Estimating optimal shrinkage intensity lambda.var (variance vector): 1 

Estimating optimal shrinkage intensity lambda (correlation matrix): 0.3087 

[1] "Round 46"
Estimating optimal shrinkage intensity lambda.var (variance vector): 0.7413 

Estimating optimal shrinkage intensity lambda (correlation matrix): 0.3949 

Estimating optimal shrinkage intensity lambda.var (variance vector): 1 

Estimating optimal shrinkage intensity lambda (correlation matrix): 0.396 

[1] "Round 48"
Estimating optimal shrinkage intensity lambda.var (variance vector): 0.9967 

Estimating optimal shrinkage intensity lambda (correlation matrix): 0.3347 

Estimating optimal shrinkage intensity lambda.var (variance vector): 0.8567 

Estimating optimal shrinkage intensity lambda (correlation matrix): 0.4944 

[1] "Round 50"
Estimating optimal shrinkage intensity lambda.var (variance vector): 0.9401 

Estimating optimal shrinkage intensity lambda (correlation matrix): 0.3488 

Estimating optimal shrinkage intensity lambda.var (variance vector): 1 

Estimating optimal shrinkage intensity lambda (correlation matrix): 0.4392 

[1] "Round 52"
Estimating optimal shrinkage intensity lambda.var (variance vector): 1 

Estimating optimal shrinkage intensity lambda (correlation matrix): 0.3386 

Estimating optimal shrinkage intensity lambda.var (variance vector): 0.9409 

Estimating optimal shrinkage intensity lambda (correlation matrix): 0.5752 

[1] "Round 54"
Estimating optimal shrinkage intensity lambda.var (variance vector): 1 

Estimating optimal shrinkage intensity lambda (correlation matrix): 0.3645 

Estimating optimal shrinkage intensity lambda.var (variance vector): 1 

Estimating optimal shrinkage intensity lambda (correlation matrix): 0.4474 

[1] "Round 56"
Estimating optimal shrinkage intensity lambda.var (variance vector): 1 

Estimating optimal shrinkage intensity lambda (correlation matrix): 0.4885 

Estimating optimal shrinkage intensity lambda.var (variance vector): 1 

Estimating optimal shrinkage intensity lambda (correlation matrix): 0.3713 

[1] "Round 58"
Estimating optimal shrinkage intensity lambda.var (variance vector): 1 

Estimating optimal shrinkage intensity lambda (correlation matrix): 0.2881 

Estimating optimal shrinkage intensity lambda.var (variance vector): 0.9709 

Estimating optimal shrinkage intensity lambda (correlation matrix): 0.5292 

[1] "Round 60"
Estimating optimal shrinkage intensity lambda.var (variance vector): 1 

Estimating optimal shrinkage intensity lambda (correlation matrix): 0.4141 

Estimating optimal shrinkage intensity lambda.var (variance vector): 1 

Estimating optimal shrinkage intensity lambda (correlation matrix): 0.4919 

[1] "Round 62"
Estimating optimal shrinkage intensity lambda.var (variance vector): 0.8843 

Estimating optimal shrinkage intensity lambda (correlation matrix): 0.3936 

Estimating optimal shrinkage intensity lambda.var (variance vector): 1 

Estimating optimal shrinkage intensity lambda (correlation matrix): 0.3477 

[1] "Round 64"
Estimating optimal shrinkage intensity lambda.var (variance vector): 1 

Estimating optimal shrinkage intensity lambda (correlation matrix): 0.4797 

Estimating optimal shrinkage intensity lambda.var (variance vector): 1 

Estimating optimal shrinkage intensity lambda (correlation matrix): 0.5892 

[1] "Round 66"
Estimating optimal shrinkage intensity lambda.var (variance vector): 0.7742 

Estimating optimal shrinkage intensity lambda (correlation matrix): 0.4862 

Estimating optimal shrinkage intensity lambda.var (variance vector): 1 

Estimating optimal shrinkage intensity lambda (correlation matrix): 0.3727 

[1] "Round 68"
Estimating optimal shrinkage intensity lambda.var (variance vector): 1 

Estimating optimal shrinkage intensity lambda (correlation matrix): 0.3795 

Estimating optimal shrinkage intensity lambda.var (variance vector): 1 

Estimating optimal shrinkage intensity lambda (correlation matrix): 0.3296 

[1] "Round 70"
Estimating optimal shrinkage intensity lambda.var (variance vector): 1 

Estimating optimal shrinkage intensity lambda (correlation matrix): 0.4937 

Estimating optimal shrinkage intensity lambda.var (variance vector): 0.9236 

Estimating optimal shrinkage intensity lambda (correlation matrix): 0.3012 

[1] "Round 72"
Estimating optimal shrinkage intensity lambda.var (variance vector): 1 

Estimating optimal shrinkage intensity lambda (correlation matrix): 0.4735 

Estimating optimal shrinkage intensity lambda.var (variance vector): 1 

Estimating optimal shrinkage intensity lambda (correlation matrix): 0.3744 

[1] "Round 74"
Estimating optimal shrinkage intensity lambda.var (variance vector): 0.9791 

Estimating optimal shrinkage intensity lambda (correlation matrix): 0.4942 

Estimating optimal shrinkage intensity lambda.var (variance vector): 1 

Estimating optimal shrinkage intensity lambda (correlation matrix): 0.2803 

[1] "Round 76"
Estimating optimal shrinkage intensity lambda.var (variance vector): 0.8477 

Estimating optimal shrinkage intensity lambda (correlation matrix): 0.3197 

Estimating optimal shrinkage intensity lambda.var (variance vector): 1 

Estimating optimal shrinkage intensity lambda (correlation matrix): 0.4002 

[1] "Round 78"
Estimating optimal shrinkage intensity lambda.var (variance vector): 0.8704 

Estimating optimal shrinkage intensity lambda (correlation matrix): 0.482 

Estimating optimal shrinkage intensity lambda.var (variance vector): 0.8274 

Estimating optimal shrinkage intensity lambda (correlation matrix): 0.4406 

[1] "Round 80"
Estimating optimal shrinkage intensity lambda.var (variance vector): 1 

Estimating optimal shrinkage intensity lambda (correlation matrix): 0.4889 

Estimating optimal shrinkage intensity lambda.var (variance vector): 1 

Estimating optimal shrinkage intensity lambda (correlation matrix): 0.3819 

[1] "Round 82"
Estimating optimal shrinkage intensity lambda.var (variance vector): 1 

Estimating optimal shrinkage intensity lambda (correlation matrix): 0.4348 

Estimating optimal shrinkage intensity lambda.var (variance vector): 1 

Estimating optimal shrinkage intensity lambda (correlation matrix): 0.5527 

[1] "Round 84"
Estimating optimal shrinkage intensity lambda.var (variance vector): 1 

Estimating optimal shrinkage intensity lambda (correlation matrix): 0.3539 

Estimating optimal shrinkage intensity lambda.var (variance vector): 1 

Estimating optimal shrinkage intensity lambda (correlation matrix): 0.3712 

[1] "Round 86"
Estimating optimal shrinkage intensity lambda.var (variance vector): 0.974 

Estimating optimal shrinkage intensity lambda (correlation matrix): 0.3456 

Estimating optimal shrinkage intensity lambda.var (variance vector): 1 

Estimating optimal shrinkage intensity lambda (correlation matrix): 0.3657 

[1] "Round 88"
Estimating optimal shrinkage intensity lambda.var (variance vector): 1 

Estimating optimal shrinkage intensity lambda (correlation matrix): 0.4687 

Estimating optimal shrinkage intensity lambda.var (variance vector): 0.9271 

Estimating optimal shrinkage intensity lambda (correlation matrix): 0.3821 

[1] "Round 90"
Estimating optimal shrinkage intensity lambda.var (variance vector): 1 

Estimating optimal shrinkage intensity lambda (correlation matrix): 0.4474 

Estimating optimal shrinkage intensity lambda.var (variance vector): 1 

Estimating optimal shrinkage intensity lambda (correlation matrix): 0.3111 

[1] "Round 92"
Estimating optimal shrinkage intensity lambda.var (variance vector): 0.9403 

Estimating optimal shrinkage intensity lambda (correlation matrix): 0.4688 

Estimating optimal shrinkage intensity lambda.var (variance vector): 1 

Estimating optimal shrinkage intensity lambda (correlation matrix): 0.4236 

[1] "Round 94"
Estimating optimal shrinkage intensity lambda.var (variance vector): 1 

Estimating optimal shrinkage intensity lambda (correlation matrix): 0.3757 

Estimating optimal shrinkage intensity lambda.var (variance vector): 1 

Estimating optimal shrinkage intensity lambda (correlation matrix): 0.3728 

[1] "Round 96"
Estimating optimal shrinkage intensity lambda.var (variance vector): 1 

Estimating optimal shrinkage intensity lambda (correlation matrix): 0.4076 

Estimating optimal shrinkage intensity lambda.var (variance vector): 0.8701 

Estimating optimal shrinkage intensity lambda (correlation matrix): 0.3824 

[1] "Round 98"
Estimating optimal shrinkage intensity lambda.var (variance vector): 0.9304 

Estimating optimal shrinkage intensity lambda (correlation matrix): 0.4088 

Estimating optimal shrinkage intensity lambda.var (variance vector): 1 

Estimating optimal shrinkage intensity lambda (correlation matrix): 0.3704 

[1] "Round 100"
Estimating optimal shrinkage intensity lambda.var (variance vector): 0.948 

Estimating optimal shrinkage intensity lambda (correlation matrix): 0.392 

[1] "data/Debi+lognormal_n100_p100_tau6.5_rho0.5_sigma0.5_Nsim100"
                      lambda        SE        PE      linf        FPR
bootstrap_mean     0.4294337 1225.2300 1173.1064 4.9117780 0.15861702
bootstrap_mean_std 0.0137437  695.9712  459.5611 0.8100249 0.02271724
                          FNR        TPR     sum_beta
bootstrap_mean     0.84833333 0.15166667 1.199344e-17
bootstrap_mean_std 0.02310069 0.02310069 1.825349e-17
Time difference of 1.419315 mins
Estimating optimal shrinkage intensity lambda.var (variance vector): 0.7929 

Estimating optimal shrinkage intensity lambda (correlation matrix): 0.4515 

[1] "Round 2"
Estimating optimal shrinkage intensity lambda.var (variance vector): 1 

Estimating optimal shrinkage intensity lambda (correlation matrix): 0.408 

Estimating optimal shrinkage intensity lambda.var (variance vector): 1 

Estimating optimal shrinkage intensity lambda (correlation matrix): 0.3425 

[1] "Round 4"
Estimating optimal shrinkage intensity lambda.var (variance vector): 1 

Estimating optimal shrinkage intensity lambda (correlation matrix): 0.4117 

Estimating optimal shrinkage intensity lambda.var (variance vector): 1 

Estimating optimal shrinkage intensity lambda (correlation matrix): 0.3962 

[1] "Round 6"
Estimating optimal shrinkage intensity lambda.var (variance vector): 1 

Estimating optimal shrinkage intensity lambda (correlation matrix): 0.3864 

Estimating optimal shrinkage intensity lambda.var (variance vector): 1 

Estimating optimal shrinkage intensity lambda (correlation matrix): 0.5869 

[1] "Round 8"
Estimating optimal shrinkage intensity lambda.var (variance vector): 0.7572 

Estimating optimal shrinkage intensity lambda (correlation matrix): 0.3789 

Estimating optimal shrinkage intensity lambda.var (variance vector): 1 

Estimating optimal shrinkage intensity lambda (correlation matrix): 0.3729 

[1] "Round 10"
Estimating optimal shrinkage intensity lambda.var (variance vector): 1 

Estimating optimal shrinkage intensity lambda (correlation matrix): 0.4743 

Estimating optimal shrinkage intensity lambda.var (variance vector): 1 

Estimating optimal shrinkage intensity lambda (correlation matrix): 0.5094 

[1] "Round 12"
Estimating optimal shrinkage intensity lambda.var (variance vector): 1 

Estimating optimal shrinkage intensity lambda (correlation matrix): 0.5336 

Estimating optimal shrinkage intensity lambda.var (variance vector): 1 

Estimating optimal shrinkage intensity lambda (correlation matrix): 0.393 

[1] "Round 14"
Estimating optimal shrinkage intensity lambda.var (variance vector): 0.997 

Estimating optimal shrinkage intensity lambda (correlation matrix): 0.4295 

Estimating optimal shrinkage intensity lambda.var (variance vector): 0.9112 

Estimating optimal shrinkage intensity lambda (correlation matrix): 0.4904 

[1] "Round 16"
Estimating optimal shrinkage intensity lambda.var (variance vector): 1 

Estimating optimal shrinkage intensity lambda (correlation matrix): 0.4505 

Estimating optimal shrinkage intensity lambda.var (variance vector): 0.9056 

Estimating optimal shrinkage intensity lambda (correlation matrix): 0.3601 

[1] "Round 18"
Estimating optimal shrinkage intensity lambda.var (variance vector): 0.9141 

Estimating optimal shrinkage intensity lambda (correlation matrix): 0.4438 

Estimating optimal shrinkage intensity lambda.var (variance vector): 1 

Estimating optimal shrinkage intensity lambda (correlation matrix): 0.3481 

[1] "Round 20"
Estimating optimal shrinkage intensity lambda.var (variance vector): 0.9049 

Estimating optimal shrinkage intensity lambda (correlation matrix): 0.4641 

Estimating optimal shrinkage intensity lambda.var (variance vector): 1 

Estimating optimal shrinkage intensity lambda (correlation matrix): 0.4126 

[1] "Round 22"
Estimating optimal shrinkage intensity lambda.var (variance vector): 1 

Estimating optimal shrinkage intensity lambda (correlation matrix): 0.4403 

Estimating optimal shrinkage intensity lambda.var (variance vector): 1 

Estimating optimal shrinkage intensity lambda (correlation matrix): 0.4514 

[1] "Round 24"
Estimating optimal shrinkage intensity lambda.var (variance vector): 1 

Estimating optimal shrinkage intensity lambda (correlation matrix): 0.4819 

Estimating optimal shrinkage intensity lambda.var (variance vector): 1 

Estimating optimal shrinkage intensity lambda (correlation matrix): 0.3314 

[1] "Round 26"
Estimating optimal shrinkage intensity lambda.var (variance vector): 0.8887 

Estimating optimal shrinkage intensity lambda (correlation matrix): 0.6058 

Estimating optimal shrinkage intensity lambda.var (variance vector): 0.7615 

Estimating optimal shrinkage intensity lambda (correlation matrix): 0.4994 

[1] "Round 28"
Estimating optimal shrinkage intensity lambda.var (variance vector): 0.904 

Estimating optimal shrinkage intensity lambda (correlation matrix): 0.5999 

Estimating optimal shrinkage intensity lambda.var (variance vector): 0.9155 

Estimating optimal shrinkage intensity lambda (correlation matrix): 0.5129 

[1] "Round 30"
Estimating optimal shrinkage intensity lambda.var (variance vector): 1 

Estimating optimal shrinkage intensity lambda (correlation matrix): 0.4282 

Estimating optimal shrinkage intensity lambda.var (variance vector): 0.9745 

Estimating optimal shrinkage intensity lambda (correlation matrix): 0.3002 

[1] "Round 32"
Estimating optimal shrinkage intensity lambda.var (variance vector): 1 

Estimating optimal shrinkage intensity lambda (correlation matrix): 0.586 

Estimating optimal shrinkage intensity lambda.var (variance vector): 1 

Estimating optimal shrinkage intensity lambda (correlation matrix): 0.4271 

[1] "Round 34"
Estimating optimal shrinkage intensity lambda.var (variance vector): 0.8274 

Estimating optimal shrinkage intensity lambda (correlation matrix): 0.5112 

Estimating optimal shrinkage intensity lambda.var (variance vector): 0.947 

Estimating optimal shrinkage intensity lambda (correlation matrix): 0.5135 

[1] "Round 36"
Estimating optimal shrinkage intensity lambda.var (variance vector): 0.8392 

Estimating optimal shrinkage intensity lambda (correlation matrix): 0.3371 

Estimating optimal shrinkage intensity lambda.var (variance vector): 1 

Estimating optimal shrinkage intensity lambda (correlation matrix): 0.4065 

[1] "Round 38"
Estimating optimal shrinkage intensity lambda.var (variance vector): 1 

Estimating optimal shrinkage intensity lambda (correlation matrix): 0.3802 

Estimating optimal shrinkage intensity lambda.var (variance vector): 0.824 

Estimating optimal shrinkage intensity lambda (correlation matrix): 0.4481 

[1] "Round 40"
Estimating optimal shrinkage intensity lambda.var (variance vector): 1 

Estimating optimal shrinkage intensity lambda (correlation matrix): 0.4041 

Estimating optimal shrinkage intensity lambda.var (variance vector): 1 

Estimating optimal shrinkage intensity lambda (correlation matrix): 0.4609 

[1] "Round 42"
Estimating optimal shrinkage intensity lambda.var (variance vector): 1 

Estimating optimal shrinkage intensity lambda (correlation matrix): 0.3397 

Estimating optimal shrinkage intensity lambda.var (variance vector): 0.8927 

Estimating optimal shrinkage intensity lambda (correlation matrix): 0.573 

[1] "Round 44"
Estimating optimal shrinkage intensity lambda.var (variance vector): 1 

Estimating optimal shrinkage intensity lambda (correlation matrix): 0.4201 

Estimating optimal shrinkage intensity lambda.var (variance vector): 1 

Estimating optimal shrinkage intensity lambda (correlation matrix): 0.2967 

[1] "Round 46"
Estimating optimal shrinkage intensity lambda.var (variance vector): 0.7444 

Estimating optimal shrinkage intensity lambda (correlation matrix): 0.3808 

Estimating optimal shrinkage intensity lambda.var (variance vector): 1 

Estimating optimal shrinkage intensity lambda (correlation matrix): 0.3958 

[1] "Round 48"
Estimating optimal shrinkage intensity lambda.var (variance vector): 1 

Estimating optimal shrinkage intensity lambda (correlation matrix): 0.3273 

Estimating optimal shrinkage intensity lambda.var (variance vector): 0.8581 

Estimating optimal shrinkage intensity lambda (correlation matrix): 0.4752 

[1] "Round 50"
Estimating optimal shrinkage intensity lambda.var (variance vector): 0.9407 

Estimating optimal shrinkage intensity lambda (correlation matrix): 0.3296 

Estimating optimal shrinkage intensity lambda.var (variance vector): 1 

Estimating optimal shrinkage intensity lambda (correlation matrix): 0.4341 

[1] "Round 52"
Estimating optimal shrinkage intensity lambda.var (variance vector): 1 

Estimating optimal shrinkage intensity lambda (correlation matrix): 0.3271 

Estimating optimal shrinkage intensity lambda.var (variance vector): 0.9449 

Estimating optimal shrinkage intensity lambda (correlation matrix): 0.5616 

[1] "Round 54"
Estimating optimal shrinkage intensity lambda.var (variance vector): 1 

Estimating optimal shrinkage intensity lambda (correlation matrix): 0.352 

Estimating optimal shrinkage intensity lambda.var (variance vector): 1 

Estimating optimal shrinkage intensity lambda (correlation matrix): 0.4281 

[1] "Round 56"
Estimating optimal shrinkage intensity lambda.var (variance vector): 1 

Estimating optimal shrinkage intensity lambda (correlation matrix): 0.462 

Estimating optimal shrinkage intensity lambda.var (variance vector): 1 

Estimating optimal shrinkage intensity lambda (correlation matrix): 0.3613 

[1] "Round 58"
Estimating optimal shrinkage intensity lambda.var (variance vector): 1 

Estimating optimal shrinkage intensity lambda (correlation matrix): 0.2793 

Estimating optimal shrinkage intensity lambda.var (variance vector): 0.9645 

Estimating optimal shrinkage intensity lambda (correlation matrix): 0.5142 

[1] "Round 60"
Estimating optimal shrinkage intensity lambda.var (variance vector): 1 

Estimating optimal shrinkage intensity lambda (correlation matrix): 0.3999 

Estimating optimal shrinkage intensity lambda.var (variance vector): 1 

Estimating optimal shrinkage intensity lambda (correlation matrix): 0.4774 

[1] "Round 62"
Estimating optimal shrinkage intensity lambda.var (variance vector): 0.8798 

Estimating optimal shrinkage intensity lambda (correlation matrix): 0.3706 

Estimating optimal shrinkage intensity lambda.var (variance vector): 1 

Estimating optimal shrinkage intensity lambda (correlation matrix): 0.327 

[1] "Round 64"
Estimating optimal shrinkage intensity lambda.var (variance vector): 1 

Estimating optimal shrinkage intensity lambda (correlation matrix): 0.4489 

Estimating optimal shrinkage intensity lambda.var (variance vector): 1 

Estimating optimal shrinkage intensity lambda (correlation matrix): 0.5775 

[1] "Round 66"
Estimating optimal shrinkage intensity lambda.var (variance vector): 0.792 

Estimating optimal shrinkage intensity lambda (correlation matrix): 0.4592 

Estimating optimal shrinkage intensity lambda.var (variance vector): 1 

Estimating optimal shrinkage intensity lambda (correlation matrix): 0.3554 

[1] "Round 68"
Estimating optimal shrinkage intensity lambda.var (variance vector): 1 

Estimating optimal shrinkage intensity lambda (correlation matrix): 0.3726 

Estimating optimal shrinkage intensity lambda.var (variance vector): 1 

Estimating optimal shrinkage intensity lambda (correlation matrix): 0.313 

[1] "Round 70"
Estimating optimal shrinkage intensity lambda.var (variance vector): 1 

Estimating optimal shrinkage intensity lambda (correlation matrix): 0.4798 

Estimating optimal shrinkage intensity lambda.var (variance vector): 0.9256 

Estimating optimal shrinkage intensity lambda (correlation matrix): 0.29 

[1] "Round 72"
Estimating optimal shrinkage intensity lambda.var (variance vector): 1 

Estimating optimal shrinkage intensity lambda (correlation matrix): 0.4516 

Estimating optimal shrinkage intensity lambda.var (variance vector): 1 

Estimating optimal shrinkage intensity lambda (correlation matrix): 0.3582 

[1] "Round 74"
Estimating optimal shrinkage intensity lambda.var (variance vector): 0.9697 

Estimating optimal shrinkage intensity lambda (correlation matrix): 0.4728 

Estimating optimal shrinkage intensity lambda.var (variance vector): 1 

Estimating optimal shrinkage intensity lambda (correlation matrix): 0.275 

[1] "Round 76"
Estimating optimal shrinkage intensity lambda.var (variance vector): 0.847 

Estimating optimal shrinkage intensity lambda (correlation matrix): 0.313 

Estimating optimal shrinkage intensity lambda.var (variance vector): 1 

Estimating optimal shrinkage intensity lambda (correlation matrix): 0.3809 

[1] "Round 78"
Estimating optimal shrinkage intensity lambda.var (variance vector): 0.8783 

Estimating optimal shrinkage intensity lambda (correlation matrix): 0.4674 

Estimating optimal shrinkage intensity lambda.var (variance vector): 0.8256 

Estimating optimal shrinkage intensity lambda (correlation matrix): 0.4388 

[1] "Round 80"
Estimating optimal shrinkage intensity lambda.var (variance vector): 1 

Estimating optimal shrinkage intensity lambda (correlation matrix): 0.4678 

Estimating optimal shrinkage intensity lambda.var (variance vector): 1 

Estimating optimal shrinkage intensity lambda (correlation matrix): 0.3758 

[1] "Round 82"
Estimating optimal shrinkage intensity lambda.var (variance vector): 1 

Estimating optimal shrinkage intensity lambda (correlation matrix): 0.411 

Estimating optimal shrinkage intensity lambda.var (variance vector): 1 

Estimating optimal shrinkage intensity lambda (correlation matrix): 0.542 

[1] "Round 84"
Estimating optimal shrinkage intensity lambda.var (variance vector): 1 

Estimating optimal shrinkage intensity lambda (correlation matrix): 0.3508 

Estimating optimal shrinkage intensity lambda.var (variance vector): 1 

Estimating optimal shrinkage intensity lambda (correlation matrix): 0.357 

[1] "Round 86"
Estimating optimal shrinkage intensity lambda.var (variance vector): 0.958 

Estimating optimal shrinkage intensity lambda (correlation matrix): 0.3412 

Estimating optimal shrinkage intensity lambda.var (variance vector): 1 

Estimating optimal shrinkage intensity lambda (correlation matrix): 0.3503 

[1] "Round 88"
Estimating optimal shrinkage intensity lambda.var (variance vector): 1 

Estimating optimal shrinkage intensity lambda (correlation matrix): 0.4646 

Estimating optimal shrinkage intensity lambda.var (variance vector): 0.925 

Estimating optimal shrinkage intensity lambda (correlation matrix): 0.3654 

[1] "Round 90"
Estimating optimal shrinkage intensity lambda.var (variance vector): 1 

Estimating optimal shrinkage intensity lambda (correlation matrix): 0.4351 

Estimating optimal shrinkage intensity lambda.var (variance vector): 1 

Estimating optimal shrinkage intensity lambda (correlation matrix): 0.307 

[1] "Round 92"
Estimating optimal shrinkage intensity lambda.var (variance vector): 0.9399 

Estimating optimal shrinkage intensity lambda (correlation matrix): 0.4502 

Estimating optimal shrinkage intensity lambda.var (variance vector): 1 

Estimating optimal shrinkage intensity lambda (correlation matrix): 0.4131 

[1] "Round 94"
Estimating optimal shrinkage intensity lambda.var (variance vector): 1 

Estimating optimal shrinkage intensity lambda (correlation matrix): 0.3709 

Estimating optimal shrinkage intensity lambda.var (variance vector): 1 

Estimating optimal shrinkage intensity lambda (correlation matrix): 0.3547 

[1] "Round 96"
Estimating optimal shrinkage intensity lambda.var (variance vector): 1 

Estimating optimal shrinkage intensity lambda (correlation matrix): 0.3891 

Estimating optimal shrinkage intensity lambda.var (variance vector): 0.8684 

Estimating optimal shrinkage intensity lambda (correlation matrix): 0.3731 

[1] "Round 98"
Estimating optimal shrinkage intensity lambda.var (variance vector): 0.9311 

Estimating optimal shrinkage intensity lambda (correlation matrix): 0.3932 

Estimating optimal shrinkage intensity lambda.var (variance vector): 1 

Estimating optimal shrinkage intensity lambda (correlation matrix): 0.3512 

[1] "Round 100"
Estimating optimal shrinkage intensity lambda.var (variance vector): 0.9427 

Estimating optimal shrinkage intensity lambda (correlation matrix): 0.3806 

[1] "data/Debi+lognormal_n100_p100_tau7.5_rho0.5_sigma0.5_Nsim100"
                       lambda       SE       PE     linf        FPR        FNR
bootstrap_mean     0.43153217 4096.310 7628.992 6.093738 0.18893617 0.83666667
bootstrap_mean_std 0.01369942 3202.408 6046.379 1.957721 0.02238981 0.02427166
                          TPR      sum_beta
bootstrap_mean     0.16333333 -3.837967e-17
bootstrap_mean_std 0.02427166  4.576905e-17
Time difference of 1.433174 mins
Estimating optimal shrinkage intensity lambda.var (variance vector): 0.7951 

Estimating optimal shrinkage intensity lambda (correlation matrix): 0.4304 

[1] "Round 2"
Estimating optimal shrinkage intensity lambda.var (variance vector): 1 

Estimating optimal shrinkage intensity lambda (correlation matrix): 0.3975 

Estimating optimal shrinkage intensity lambda.var (variance vector): 1 

Estimating optimal shrinkage intensity lambda (correlation matrix): 0.3337 

[1] "Round 4"
Estimating optimal shrinkage intensity lambda.var (variance vector): 1 

Estimating optimal shrinkage intensity lambda (correlation matrix): 0.4029 

Estimating optimal shrinkage intensity lambda.var (variance vector): 1 

Estimating optimal shrinkage intensity lambda (correlation matrix): 0.3807 

[1] "Round 6"
Estimating optimal shrinkage intensity lambda.var (variance vector): 1 

Estimating optimal shrinkage intensity lambda (correlation matrix): 0.3692 

Estimating optimal shrinkage intensity lambda.var (variance vector): 1 

Estimating optimal shrinkage intensity lambda (correlation matrix): 0.5751 

[1] "Round 8"
Estimating optimal shrinkage intensity lambda.var (variance vector): 0.7653 

Estimating optimal shrinkage intensity lambda (correlation matrix): 0.3718 

Estimating optimal shrinkage intensity lambda.var (variance vector): 1 

Estimating optimal shrinkage intensity lambda (correlation matrix): 0.3664 

[1] "Round 10"
Estimating optimal shrinkage intensity lambda.var (variance vector): 1 

Estimating optimal shrinkage intensity lambda (correlation matrix): 0.4619 

Estimating optimal shrinkage intensity lambda.var (variance vector): 1 

Estimating optimal shrinkage intensity lambda (correlation matrix): 0.5031 

[1] "Round 12"
Estimating optimal shrinkage intensity lambda.var (variance vector): 1 

Estimating optimal shrinkage intensity lambda (correlation matrix): 0.5187 

Estimating optimal shrinkage intensity lambda.var (variance vector): 1 

Estimating optimal shrinkage intensity lambda (correlation matrix): 0.3807 

[1] "Round 14"
Estimating optimal shrinkage intensity lambda.var (variance vector): 0.9944 

Estimating optimal shrinkage intensity lambda (correlation matrix): 0.4198 

Estimating optimal shrinkage intensity lambda.var (variance vector): 0.9198 

Estimating optimal shrinkage intensity lambda (correlation matrix): 0.4742 

[1] "Round 16"
Estimating optimal shrinkage intensity lambda.var (variance vector): 1 

Estimating optimal shrinkage intensity lambda (correlation matrix): 0.4362 

Estimating optimal shrinkage intensity lambda.var (variance vector): 0.9038 

Estimating optimal shrinkage intensity lambda (correlation matrix): 0.3524 

[1] "Round 18"
Estimating optimal shrinkage intensity lambda.var (variance vector): 0.9048 

Estimating optimal shrinkage intensity lambda (correlation matrix): 0.4347 

Estimating optimal shrinkage intensity lambda.var (variance vector): 1 

Estimating optimal shrinkage intensity lambda (correlation matrix): 0.3402 

[1] "Round 20"
Estimating optimal shrinkage intensity lambda.var (variance vector): 0.9102 

Estimating optimal shrinkage intensity lambda (correlation matrix): 0.4468 

Estimating optimal shrinkage intensity lambda.var (variance vector): 1 

Estimating optimal shrinkage intensity lambda (correlation matrix): 0.3968 

[1] "Round 22"
Estimating optimal shrinkage intensity lambda.var (variance vector): 1 

Estimating optimal shrinkage intensity lambda (correlation matrix): 0.426 

Estimating optimal shrinkage intensity lambda.var (variance vector): 1 

Estimating optimal shrinkage intensity lambda (correlation matrix): 0.4334 

[1] "Round 24"
Estimating optimal shrinkage intensity lambda.var (variance vector): 1 

Estimating optimal shrinkage intensity lambda (correlation matrix): 0.4712 

Estimating optimal shrinkage intensity lambda.var (variance vector): 0.9983 

Estimating optimal shrinkage intensity lambda (correlation matrix): 0.3241 

[1] "Round 26"
Estimating optimal shrinkage intensity lambda.var (variance vector): 0.8869 

Estimating optimal shrinkage intensity lambda (correlation matrix): 0.598 

Estimating optimal shrinkage intensity lambda.var (variance vector): 0.7662 

Estimating optimal shrinkage intensity lambda (correlation matrix): 0.489 

[1] "Round 28"
Estimating optimal shrinkage intensity lambda.var (variance vector): 0.8888 

Estimating optimal shrinkage intensity lambda (correlation matrix): 0.5854 

Estimating optimal shrinkage intensity lambda.var (variance vector): 0.9115 

Estimating optimal shrinkage intensity lambda (correlation matrix): 0.5044 

[1] "Round 30"
Estimating optimal shrinkage intensity lambda.var (variance vector): 1 

Estimating optimal shrinkage intensity lambda (correlation matrix): 0.4206 

Estimating optimal shrinkage intensity lambda.var (variance vector): 0.9827 

Estimating optimal shrinkage intensity lambda (correlation matrix): 0.2897 

[1] "Round 32"
Estimating optimal shrinkage intensity lambda.var (variance vector): 1 

Estimating optimal shrinkage intensity lambda (correlation matrix): 0.5616 

Estimating optimal shrinkage intensity lambda.var (variance vector): 1 

Estimating optimal shrinkage intensity lambda (correlation matrix): 0.4106 

[1] "Round 34"
Estimating optimal shrinkage intensity lambda.var (variance vector): 0.8273 

Estimating optimal shrinkage intensity lambda (correlation matrix): 0.5028 

Estimating optimal shrinkage intensity lambda.var (variance vector): 0.9428 

Estimating optimal shrinkage intensity lambda (correlation matrix): 0.488 

[1] "Round 36"
Estimating optimal shrinkage intensity lambda.var (variance vector): 0.8375 

Estimating optimal shrinkage intensity lambda (correlation matrix): 0.3253 

Estimating optimal shrinkage intensity lambda.var (variance vector): 1 

Estimating optimal shrinkage intensity lambda (correlation matrix): 0.3962 

[1] "Round 38"
Estimating optimal shrinkage intensity lambda.var (variance vector): 1 

Estimating optimal shrinkage intensity lambda (correlation matrix): 0.3718 

Estimating optimal shrinkage intensity lambda.var (variance vector): 0.8282 

Estimating optimal shrinkage intensity lambda (correlation matrix): 0.4314 

[1] "Round 40"
Estimating optimal shrinkage intensity lambda.var (variance vector): 1 

Estimating optimal shrinkage intensity lambda (correlation matrix): 0.398 

Estimating optimal shrinkage intensity lambda.var (variance vector): 1 

Estimating optimal shrinkage intensity lambda (correlation matrix): 0.4499 

[1] "Round 42"
Estimating optimal shrinkage intensity lambda.var (variance vector): 1 

Estimating optimal shrinkage intensity lambda (correlation matrix): 0.3294 

Estimating optimal shrinkage intensity lambda.var (variance vector): 0.905 

Estimating optimal shrinkage intensity lambda (correlation matrix): 0.5678 

[1] "Round 44"
Estimating optimal shrinkage intensity lambda.var (variance vector): 1 

Estimating optimal shrinkage intensity lambda (correlation matrix): 0.4065 

Estimating optimal shrinkage intensity lambda.var (variance vector): 1 

Estimating optimal shrinkage intensity lambda (correlation matrix): 0.2885 

[1] "Round 46"
Estimating optimal shrinkage intensity lambda.var (variance vector): 0.7485 

Estimating optimal shrinkage intensity lambda (correlation matrix): 0.3708 

Estimating optimal shrinkage intensity lambda.var (variance vector): 1 

Estimating optimal shrinkage intensity lambda (correlation matrix): 0.396 

[1] "Round 48"
Estimating optimal shrinkage intensity lambda.var (variance vector): 1 

Estimating optimal shrinkage intensity lambda (correlation matrix): 0.3227 

Estimating optimal shrinkage intensity lambda.var (variance vector): 0.8549 

Estimating optimal shrinkage intensity lambda (correlation matrix): 0.4601 

[1] "Round 50"
Estimating optimal shrinkage intensity lambda.var (variance vector): 0.9402 

Estimating optimal shrinkage intensity lambda (correlation matrix): 0.3161 

Estimating optimal shrinkage intensity lambda.var (variance vector): 1 

Estimating optimal shrinkage intensity lambda (correlation matrix): 0.4318 

[1] "Round 52"
Estimating optimal shrinkage intensity lambda.var (variance vector): 1 

Estimating optimal shrinkage intensity lambda (correlation matrix): 0.3193 

Estimating optimal shrinkage intensity lambda.var (variance vector): 0.9497 

Estimating optimal shrinkage intensity lambda (correlation matrix): 0.5507 

[1] "Round 54"
Estimating optimal shrinkage intensity lambda.var (variance vector): 1 

Estimating optimal shrinkage intensity lambda (correlation matrix): 0.3431 

Estimating optimal shrinkage intensity lambda.var (variance vector): 1 

Estimating optimal shrinkage intensity lambda (correlation matrix): 0.4152 

[1] "Round 56"
Estimating optimal shrinkage intensity lambda.var (variance vector): 1 

Estimating optimal shrinkage intensity lambda (correlation matrix): 0.4422 

Estimating optimal shrinkage intensity lambda.var (variance vector): 1 

Estimating optimal shrinkage intensity lambda (correlation matrix): 0.3549 

[1] "Round 58"
Estimating optimal shrinkage intensity lambda.var (variance vector): 1 

Estimating optimal shrinkage intensity lambda (correlation matrix): 0.2739 

Estimating optimal shrinkage intensity lambda.var (variance vector): 0.9584 

Estimating optimal shrinkage intensity lambda (correlation matrix): 0.5025 

[1] "Round 60"
Estimating optimal shrinkage intensity lambda.var (variance vector): 1 

Estimating optimal shrinkage intensity lambda (correlation matrix): 0.3908 

Estimating optimal shrinkage intensity lambda.var (variance vector): 1 

Estimating optimal shrinkage intensity lambda (correlation matrix): 0.4671 

[1] "Round 62"
Estimating optimal shrinkage intensity lambda.var (variance vector): 0.8774 

Estimating optimal shrinkage intensity lambda (correlation matrix): 0.3542 

Estimating optimal shrinkage intensity lambda.var (variance vector): 1 

Estimating optimal shrinkage intensity lambda (correlation matrix): 0.3135 

[1] "Round 64"
Estimating optimal shrinkage intensity lambda.var (variance vector): 1 

Estimating optimal shrinkage intensity lambda (correlation matrix): 0.4276 

Estimating optimal shrinkage intensity lambda.var (variance vector): 1 

Estimating optimal shrinkage intensity lambda (correlation matrix): 0.5687 

[1] "Round 66"
Estimating optimal shrinkage intensity lambda.var (variance vector): 0.807 

Estimating optimal shrinkage intensity lambda (correlation matrix): 0.4406 

Estimating optimal shrinkage intensity lambda.var (variance vector): 1 

Estimating optimal shrinkage intensity lambda (correlation matrix): 0.3437 

[1] "Round 68"
Estimating optimal shrinkage intensity lambda.var (variance vector): 1 

Estimating optimal shrinkage intensity lambda (correlation matrix): 0.3683 

Estimating optimal shrinkage intensity lambda.var (variance vector): 1 

Estimating optimal shrinkage intensity lambda (correlation matrix): 0.3023 

[1] "Round 70"
Estimating optimal shrinkage intensity lambda.var (variance vector): 1 

Estimating optimal shrinkage intensity lambda (correlation matrix): 0.4695 

Estimating optimal shrinkage intensity lambda.var (variance vector): 0.9269 

Estimating optimal shrinkage intensity lambda (correlation matrix): 0.2824 

[1] "Round 72"
Estimating optimal shrinkage intensity lambda.var (variance vector): 1 

Estimating optimal shrinkage intensity lambda (correlation matrix): 0.4366 

Estimating optimal shrinkage intensity lambda.var (variance vector): 1 

Estimating optimal shrinkage intensity lambda (correlation matrix): 0.3469 

[1] "Round 74"
Estimating optimal shrinkage intensity lambda.var (variance vector): 0.963 

Estimating optimal shrinkage intensity lambda (correlation matrix): 0.4565 

Estimating optimal shrinkage intensity lambda.var (variance vector): 1 

Estimating optimal shrinkage intensity lambda (correlation matrix): 0.2716 

[1] "Round 76"
Estimating optimal shrinkage intensity lambda.var (variance vector): 0.8526 

Estimating optimal shrinkage intensity lambda (correlation matrix): 0.3093 

Estimating optimal shrinkage intensity lambda.var (variance vector): 1 

Estimating optimal shrinkage intensity lambda (correlation matrix): 0.3674 

[1] "Round 78"
Estimating optimal shrinkage intensity lambda.var (variance vector): 0.8836 

Estimating optimal shrinkage intensity lambda (correlation matrix): 0.4577 

Estimating optimal shrinkage intensity lambda.var (variance vector): 0.8277 

Estimating optimal shrinkage intensity lambda (correlation matrix): 0.4383 

[1] "Round 80"
Estimating optimal shrinkage intensity lambda.var (variance vector): 1 

Estimating optimal shrinkage intensity lambda (correlation matrix): 0.4532 

Estimating optimal shrinkage intensity lambda.var (variance vector): 1 

Estimating optimal shrinkage intensity lambda (correlation matrix): 0.3715 

[1] "Round 82"
Estimating optimal shrinkage intensity lambda.var (variance vector): 1 

Estimating optimal shrinkage intensity lambda (correlation matrix): 0.3939 

Estimating optimal shrinkage intensity lambda.var (variance vector): 1 

Estimating optimal shrinkage intensity lambda (correlation matrix): 0.5338 

[1] "Round 84"
Estimating optimal shrinkage intensity lambda.var (variance vector): 1 

Estimating optimal shrinkage intensity lambda (correlation matrix): 0.3493 

Estimating optimal shrinkage intensity lambda.var (variance vector): 1 

Estimating optimal shrinkage intensity lambda (correlation matrix): 0.3469 

[1] "Round 86"
Estimating optimal shrinkage intensity lambda.var (variance vector): 0.9489 

Estimating optimal shrinkage intensity lambda (correlation matrix): 0.3382 

Estimating optimal shrinkage intensity lambda.var (variance vector): 1 

Estimating optimal shrinkage intensity lambda (correlation matrix): 0.3395 

[1] "Round 88"
Estimating optimal shrinkage intensity lambda.var (variance vector): 1 

Estimating optimal shrinkage intensity lambda (correlation matrix): 0.4617 

Estimating optimal shrinkage intensity lambda.var (variance vector): 0.9235 

Estimating optimal shrinkage intensity lambda (correlation matrix): 0.3535 

[1] "Round 90"
Estimating optimal shrinkage intensity lambda.var (variance vector): 1 

Estimating optimal shrinkage intensity lambda (correlation matrix): 0.4265 

Estimating optimal shrinkage intensity lambda.var (variance vector): 1 

Estimating optimal shrinkage intensity lambda (correlation matrix): 0.3045 

[1] "Round 92"
Estimating optimal shrinkage intensity lambda.var (variance vector): 0.9386 

Estimating optimal shrinkage intensity lambda (correlation matrix): 0.4378 

Estimating optimal shrinkage intensity lambda.var (variance vector): 1 

Estimating optimal shrinkage intensity lambda (correlation matrix): 0.4068 

[1] "Round 94"
Estimating optimal shrinkage intensity lambda.var (variance vector): 1 

Estimating optimal shrinkage intensity lambda (correlation matrix): 0.3683 

Estimating optimal shrinkage intensity lambda.var (variance vector): 1 

Estimating optimal shrinkage intensity lambda (correlation matrix): 0.3428 

[1] "Round 96"
Estimating optimal shrinkage intensity lambda.var (variance vector): 1 

Estimating optimal shrinkage intensity lambda (correlation matrix): 0.3768 

Estimating optimal shrinkage intensity lambda.var (variance vector): 0.8669 

Estimating optimal shrinkage intensity lambda (correlation matrix): 0.3664 

[1] "Round 98"
Estimating optimal shrinkage intensity lambda.var (variance vector): 0.9305 

Estimating optimal shrinkage intensity lambda (correlation matrix): 0.3828 

Estimating optimal shrinkage intensity lambda.var (variance vector): 1 

Estimating optimal shrinkage intensity lambda (correlation matrix): 0.3389 

[1] "Round 100"
Estimating optimal shrinkage intensity lambda.var (variance vector): 0.9427 

Estimating optimal shrinkage intensity lambda (correlation matrix): 0.3731 

[1] "data/Debi+lognormal_n100_p100_tau8.5_rho0.5_sigma0.5_Nsim100"
                       lambda       SE       PE     linf        FPR        FNR
bootstrap_mean     0.43172577 488706.2 513015.1 23.92899 0.25797872 0.75333333
bootstrap_mean_std 0.01343213 487989.2 512105.1 20.81662 0.02399341 0.02621674
                          TPR     sum_beta
bootstrap_mean     0.24666667 1.184654e-17
bootstrap_mean_std 0.02621674 1.436660e-17
Time difference of 2.214796 mins
Estimating optimal shrinkage intensity lambda.var (variance vector): 0.7964 

Estimating optimal shrinkage intensity lambda (correlation matrix): 0.4143 

[1] "Round 2"
Estimating optimal shrinkage intensity lambda.var (variance vector): 1 

Estimating optimal shrinkage intensity lambda (correlation matrix): 0.3894 

Estimating optimal shrinkage intensity lambda.var (variance vector): 1 

Estimating optimal shrinkage intensity lambda (correlation matrix): 0.3281 

[1] "Round 4"
Estimating optimal shrinkage intensity lambda.var (variance vector): 1 

Estimating optimal shrinkage intensity lambda (correlation matrix): 0.3966 

Estimating optimal shrinkage intensity lambda.var (variance vector): 1 

Estimating optimal shrinkage intensity lambda (correlation matrix): 0.3696 

[1] "Round 6"
Estimating optimal shrinkage intensity lambda.var (variance vector): 1 

Estimating optimal shrinkage intensity lambda (correlation matrix): 0.3566 

Estimating optimal shrinkage intensity lambda.var (variance vector): 1 

Estimating optimal shrinkage intensity lambda (correlation matrix): 0.5662 

[1] "Round 8"
Estimating optimal shrinkage intensity lambda.var (variance vector): 0.7718 

Estimating optimal shrinkage intensity lambda (correlation matrix): 0.3668 

Estimating optimal shrinkage intensity lambda.var (variance vector): 1 

Estimating optimal shrinkage intensity lambda (correlation matrix): 0.3619 

[1] "Round 10"
Estimating optimal shrinkage intensity lambda.var (variance vector): 1 

Estimating optimal shrinkage intensity lambda (correlation matrix): 0.4525 

Estimating optimal shrinkage intensity lambda.var (variance vector): 1 

Estimating optimal shrinkage intensity lambda (correlation matrix): 0.4976 

[1] "Round 12"
Estimating optimal shrinkage intensity lambda.var (variance vector): 1 

Estimating optimal shrinkage intensity lambda (correlation matrix): 0.5072 

Estimating optimal shrinkage intensity lambda.var (variance vector): 1 

Estimating optimal shrinkage intensity lambda (correlation matrix): 0.372 

[1] "Round 14"
Estimating optimal shrinkage intensity lambda.var (variance vector): 0.9923 

Estimating optimal shrinkage intensity lambda (correlation matrix): 0.4129 

Estimating optimal shrinkage intensity lambda.var (variance vector): 0.9246 

Estimating optimal shrinkage intensity lambda (correlation matrix): 0.4621 

[1] "Round 16"
Estimating optimal shrinkage intensity lambda.var (variance vector): 1 

Estimating optimal shrinkage intensity lambda (correlation matrix): 0.4258 

Estimating optimal shrinkage intensity lambda.var (variance vector): 0.9015 

Estimating optimal shrinkage intensity lambda (correlation matrix): 0.3471 

[1] "Round 18"
Estimating optimal shrinkage intensity lambda.var (variance vector): 0.9009 

Estimating optimal shrinkage intensity lambda (correlation matrix): 0.4283 

Estimating optimal shrinkage intensity lambda.var (variance vector): 1 

Estimating optimal shrinkage intensity lambda (correlation matrix): 0.3352 

[1] "Round 20"
Estimating optimal shrinkage intensity lambda.var (variance vector): 0.9143 

Estimating optimal shrinkage intensity lambda (correlation matrix): 0.4345 

Estimating optimal shrinkage intensity lambda.var (variance vector): 1 

Estimating optimal shrinkage intensity lambda (correlation matrix): 0.3856 

[1] "Round 22"
Estimating optimal shrinkage intensity lambda.var (variance vector): 1 

Estimating optimal shrinkage intensity lambda (correlation matrix): 0.4155 

Estimating optimal shrinkage intensity lambda.var (variance vector): 1 

Estimating optimal shrinkage intensity lambda (correlation matrix): 0.4206 

[1] "Round 24"
Estimating optimal shrinkage intensity lambda.var (variance vector): 1 

Estimating optimal shrinkage intensity lambda (correlation matrix): 0.4636 

Estimating optimal shrinkage intensity lambda.var (variance vector): 0.9936 

Estimating optimal shrinkage intensity lambda (correlation matrix): 0.3187 

[1] "Round 26"
Estimating optimal shrinkage intensity lambda.var (variance vector): 0.8856 

Estimating optimal shrinkage intensity lambda (correlation matrix): 0.5922 

Estimating optimal shrinkage intensity lambda.var (variance vector): 0.7723 

Estimating optimal shrinkage intensity lambda (correlation matrix): 0.4812 

[1] "Round 28"
Estimating optimal shrinkage intensity lambda.var (variance vector): 0.878 

Estimating optimal shrinkage intensity lambda (correlation matrix): 0.5738 

Estimating optimal shrinkage intensity lambda.var (variance vector): 0.908 

Estimating optimal shrinkage intensity lambda (correlation matrix): 0.4982 

[1] "Round 30"
Estimating optimal shrinkage intensity lambda.var (variance vector): 1 

Estimating optimal shrinkage intensity lambda (correlation matrix): 0.4155 

Estimating optimal shrinkage intensity lambda.var (variance vector): 0.9879 

Estimating optimal shrinkage intensity lambda (correlation matrix): 0.2826 

[1] "Round 32"
Estimating optimal shrinkage intensity lambda.var (variance vector): 1 

Estimating optimal shrinkage intensity lambda (correlation matrix): 0.5423 

Estimating optimal shrinkage intensity lambda.var (variance vector): 1 

Estimating optimal shrinkage intensity lambda (correlation matrix): 0.3985 

[1] "Round 34"
Estimating optimal shrinkage intensity lambda.var (variance vector): 0.8295 

Estimating optimal shrinkage intensity lambda (correlation matrix): 0.4971 

Estimating optimal shrinkage intensity lambda.var (variance vector): 0.9391 

Estimating optimal shrinkage intensity lambda (correlation matrix): 0.4689 

[1] "Round 36"
Estimating optimal shrinkage intensity lambda.var (variance vector): 0.8376 

Estimating optimal shrinkage intensity lambda (correlation matrix): 0.3168 

Estimating optimal shrinkage intensity lambda.var (variance vector): 1 

Estimating optimal shrinkage intensity lambda (correlation matrix): 0.3889 

[1] "Round 38"
Estimating optimal shrinkage intensity lambda.var (variance vector): 1 

Estimating optimal shrinkage intensity lambda (correlation matrix): 0.3661 

Estimating optimal shrinkage intensity lambda.var (variance vector): 0.8318 

Estimating optimal shrinkage intensity lambda (correlation matrix): 0.4198 

[1] "Round 40"
Estimating optimal shrinkage intensity lambda.var (variance vector): 1 

Estimating optimal shrinkage intensity lambda (correlation matrix): 0.3946 

Estimating optimal shrinkage intensity lambda.var (variance vector): 1 

Estimating optimal shrinkage intensity lambda (correlation matrix): 0.4417 

[1] "Round 42"
Estimating optimal shrinkage intensity lambda.var (variance vector): 1 

Estimating optimal shrinkage intensity lambda (correlation matrix): 0.322 

Estimating optimal shrinkage intensity lambda.var (variance vector): 0.9123 

Estimating optimal shrinkage intensity lambda (correlation matrix): 0.5643 

[1] "Round 44"
Estimating optimal shrinkage intensity lambda.var (variance vector): 1 

Estimating optimal shrinkage intensity lambda (correlation matrix): 0.3969 

Estimating optimal shrinkage intensity lambda.var (variance vector): 1 

Estimating optimal shrinkage intensity lambda (correlation matrix): 0.2828 

[1] "Round 46"
Estimating optimal shrinkage intensity lambda.var (variance vector): 0.7526 

Estimating optimal shrinkage intensity lambda (correlation matrix): 0.3634 

Estimating optimal shrinkage intensity lambda.var (variance vector): 1 

Estimating optimal shrinkage intensity lambda (correlation matrix): 0.3963 

[1] "Round 48"
Estimating optimal shrinkage intensity lambda.var (variance vector): 1 

Estimating optimal shrinkage intensity lambda (correlation matrix): 0.3199 

Estimating optimal shrinkage intensity lambda.var (variance vector): 0.8572 

Estimating optimal shrinkage intensity lambda (correlation matrix): 0.4482 

[1] "Round 50"
Estimating optimal shrinkage intensity lambda.var (variance vector): 0.9389 

Estimating optimal shrinkage intensity lambda (correlation matrix): 0.3064 

Estimating optimal shrinkage intensity lambda.var (variance vector): 1 

Estimating optimal shrinkage intensity lambda (correlation matrix): 0.4308 

[1] "Round 52"
Estimating optimal shrinkage intensity lambda.var (variance vector): 1 

Estimating optimal shrinkage intensity lambda (correlation matrix): 0.3136 

Estimating optimal shrinkage intensity lambda.var (variance vector): 0.9569 

Estimating optimal shrinkage intensity lambda (correlation matrix): 0.5417 

[1] "Round 54"
Estimating optimal shrinkage intensity lambda.var (variance vector): 1 

Estimating optimal shrinkage intensity lambda (correlation matrix): 0.3364 

Estimating optimal shrinkage intensity lambda.var (variance vector): 1 

Estimating optimal shrinkage intensity lambda (correlation matrix): 0.4061 

[1] "Round 56"
Estimating optimal shrinkage intensity lambda.var (variance vector): 1 

Estimating optimal shrinkage intensity lambda (correlation matrix): 0.4272 

Estimating optimal shrinkage intensity lambda.var (variance vector): 1 

Estimating optimal shrinkage intensity lambda (correlation matrix): 0.3507 

[1] "Round 58"
Estimating optimal shrinkage intensity lambda.var (variance vector): 1 

Estimating optimal shrinkage intensity lambda (correlation matrix): 0.2703 

Estimating optimal shrinkage intensity lambda.var (variance vector): 0.9529 

Estimating optimal shrinkage intensity lambda (correlation matrix): 0.4931 

[1] "Round 60"
Estimating optimal shrinkage intensity lambda.var (variance vector): 1 

Estimating optimal shrinkage intensity lambda (correlation matrix): 0.3847 

Estimating optimal shrinkage intensity lambda.var (variance vector): 1 

Estimating optimal shrinkage intensity lambda (correlation matrix): 0.4596 

[1] "Round 62"
Estimating optimal shrinkage intensity lambda.var (variance vector): 0.8768 

Estimating optimal shrinkage intensity lambda (correlation matrix): 0.3422 

Estimating optimal shrinkage intensity lambda.var (variance vector): 1 

Estimating optimal shrinkage intensity lambda (correlation matrix): 0.3043 

[1] "Round 64"
Estimating optimal shrinkage intensity lambda.var (variance vector): 1 

Estimating optimal shrinkage intensity lambda (correlation matrix): 0.412 

Estimating optimal shrinkage intensity lambda.var (variance vector): 1 

Estimating optimal shrinkage intensity lambda (correlation matrix): 0.562 

[1] "Round 66"
Estimating optimal shrinkage intensity lambda.var (variance vector): 0.8167 

Estimating optimal shrinkage intensity lambda (correlation matrix): 0.4275 

Estimating optimal shrinkage intensity lambda.var (variance vector): 1 

Estimating optimal shrinkage intensity lambda (correlation matrix): 0.3353 

[1] "Round 68"
Estimating optimal shrinkage intensity lambda.var (variance vector): 1 

Estimating optimal shrinkage intensity lambda (correlation matrix): 0.3655 

Estimating optimal shrinkage intensity lambda.var (variance vector): 1 

Estimating optimal shrinkage intensity lambda (correlation matrix): 0.2952 

[1] "Round 70"
Estimating optimal shrinkage intensity lambda.var (variance vector): 1 

Estimating optimal shrinkage intensity lambda (correlation matrix): 0.4618 

Estimating optimal shrinkage intensity lambda.var (variance vector): 0.928 

Estimating optimal shrinkage intensity lambda (correlation matrix): 0.2769 

[1] "Round 72"
Estimating optimal shrinkage intensity lambda.var (variance vector): 1 

Estimating optimal shrinkage intensity lambda (correlation matrix): 0.4263 

Estimating optimal shrinkage intensity lambda.var (variance vector): 1 

Estimating optimal shrinkage intensity lambda (correlation matrix): 0.3387 

[1] "Round 74"
Estimating optimal shrinkage intensity lambda.var (variance vector): 0.9581 

Estimating optimal shrinkage intensity lambda (correlation matrix): 0.4441 

Estimating optimal shrinkage intensity lambda.var (variance vector): 1 

Estimating optimal shrinkage intensity lambda (correlation matrix): 0.2694 

[1] "Round 76"
Estimating optimal shrinkage intensity lambda.var (variance vector): 0.8551 

Estimating optimal shrinkage intensity lambda (correlation matrix): 0.3071 

Estimating optimal shrinkage intensity lambda.var (variance vector): 1 

Estimating optimal shrinkage intensity lambda (correlation matrix): 0.3577 

[1] "Round 78"
Estimating optimal shrinkage intensity lambda.var (variance vector): 0.8877 

Estimating optimal shrinkage intensity lambda (correlation matrix): 0.4509 

Estimating optimal shrinkage intensity lambda.var (variance vector): 0.8309 

Estimating optimal shrinkage intensity lambda (correlation matrix): 0.4384 

[1] "Round 80"
Estimating optimal shrinkage intensity lambda.var (variance vector): 1 

Estimating optimal shrinkage intensity lambda (correlation matrix): 0.4427 

Estimating optimal shrinkage intensity lambda.var (variance vector): 1 

Estimating optimal shrinkage intensity lambda (correlation matrix): 0.3683 

[1] "Round 82"
Estimating optimal shrinkage intensity lambda.var (variance vector): 1 

Estimating optimal shrinkage intensity lambda (correlation matrix): 0.3812 

Estimating optimal shrinkage intensity lambda.var (variance vector): 1 

Estimating optimal shrinkage intensity lambda (correlation matrix): 0.5274 

[1] "Round 84"
Estimating optimal shrinkage intensity lambda.var (variance vector): 1 

Estimating optimal shrinkage intensity lambda (correlation matrix): 0.3486 

Estimating optimal shrinkage intensity lambda.var (variance vector): 1 

Estimating optimal shrinkage intensity lambda (correlation matrix): 0.3396 

[1] "Round 86"
Estimating optimal shrinkage intensity lambda.var (variance vector): 0.9361 

Estimating optimal shrinkage intensity lambda (correlation matrix): 0.3359 

Estimating optimal shrinkage intensity lambda.var (variance vector): 0.9976 

Estimating optimal shrinkage intensity lambda (correlation matrix): 0.3318 

[1] "Round 88"
Estimating optimal shrinkage intensity lambda.var (variance vector): 1 

Estimating optimal shrinkage intensity lambda (correlation matrix): 0.4592 

Estimating optimal shrinkage intensity lambda.var (variance vector): 0.9239 

Estimating optimal shrinkage intensity lambda (correlation matrix): 0.3448 

[1] "Round 90"
Estimating optimal shrinkage intensity lambda.var (variance vector): 1 

Estimating optimal shrinkage intensity lambda (correlation matrix): 0.4202 

Estimating optimal shrinkage intensity lambda.var (variance vector): 1 

Estimating optimal shrinkage intensity lambda (correlation matrix): 0.303 

[1] "Round 92"
Estimating optimal shrinkage intensity lambda.var (variance vector): 0.94 

Estimating optimal shrinkage intensity lambda (correlation matrix): 0.4293 

Estimating optimal shrinkage intensity lambda.var (variance vector): 1 

Estimating optimal shrinkage intensity lambda (correlation matrix): 0.403 

[1] "Round 94"
Estimating optimal shrinkage intensity lambda.var (variance vector): 1 

Estimating optimal shrinkage intensity lambda (correlation matrix): 0.367 

Estimating optimal shrinkage intensity lambda.var (variance vector): 1 

Estimating optimal shrinkage intensity lambda (correlation matrix): 0.3345 

[1] "Round 96"
Estimating optimal shrinkage intensity lambda.var (variance vector): 1 

Estimating optimal shrinkage intensity lambda (correlation matrix): 0.3682 

Estimating optimal shrinkage intensity lambda.var (variance vector): 0.8674 

Estimating optimal shrinkage intensity lambda (correlation matrix): 0.3613 

[1] "Round 98"
Estimating optimal shrinkage intensity lambda.var (variance vector): 0.9326 

Estimating optimal shrinkage intensity lambda (correlation matrix): 0.3753 

Estimating optimal shrinkage intensity lambda.var (variance vector): 1 

Estimating optimal shrinkage intensity lambda (correlation matrix): 0.3307 

[1] "Round 100"
Estimating optimal shrinkage intensity lambda.var (variance vector): 0.9405 

Estimating optimal shrinkage intensity lambda (correlation matrix): 0.3678 

[1] "data/Debi+lognormal_n100_p100_tau9.5_rho0.5_sigma0.5_Nsim100"
                       lambda       SE       PE     linf        FPR        FNR
bootstrap_mean     0.43334433 2530.547 2577.922 4.018199 0.31255319 0.68333333
bootstrap_mean_std 0.01314642 2281.241 2210.506 1.462344 0.02469007 0.02797907
                          TPR      sum_beta
bootstrap_mean     0.31666667 -3.480289e-18
bootstrap_mean_std 0.02797907  2.741026e-18
Time difference of 1.426126 mins
Estimating optimal shrinkage intensity lambda.var (variance vector): 0.7979 

Estimating optimal shrinkage intensity lambda (correlation matrix): 0.4017 

[1] "Round 2"
Estimating optimal shrinkage intensity lambda.var (variance vector): 1 

Estimating optimal shrinkage intensity lambda (correlation matrix): 0.383 

Estimating optimal shrinkage intensity lambda.var (variance vector): 1 

Estimating optimal shrinkage intensity lambda (correlation matrix): 0.3243 

[1] "Round 4"
Estimating optimal shrinkage intensity lambda.var (variance vector): 1 

Estimating optimal shrinkage intensity lambda (correlation matrix): 0.3919 

Estimating optimal shrinkage intensity lambda.var (variance vector): 1 

Estimating optimal shrinkage intensity lambda (correlation matrix): 0.3612 

[1] "Round 6"
Estimating optimal shrinkage intensity lambda.var (variance vector): 1 

Estimating optimal shrinkage intensity lambda (correlation matrix): 0.3471 

Estimating optimal shrinkage intensity lambda.var (variance vector): 1 

Estimating optimal shrinkage intensity lambda (correlation matrix): 0.5594 

[1] "Round 8"
Estimating optimal shrinkage intensity lambda.var (variance vector): 0.7774 

Estimating optimal shrinkage intensity lambda (correlation matrix): 0.363 

Estimating optimal shrinkage intensity lambda.var (variance vector): 1 

Estimating optimal shrinkage intensity lambda (correlation matrix): 0.3587 

[1] "Round 10"
Estimating optimal shrinkage intensity lambda.var (variance vector): 1 

Estimating optimal shrinkage intensity lambda (correlation matrix): 0.4453 

Estimating optimal shrinkage intensity lambda.var (variance vector): 1 

Estimating optimal shrinkage intensity lambda (correlation matrix): 0.493 

[1] "Round 12"
Estimating optimal shrinkage intensity lambda.var (variance vector): 1 

Estimating optimal shrinkage intensity lambda (correlation matrix): 0.4984 

Estimating optimal shrinkage intensity lambda.var (variance vector): 1 

Estimating optimal shrinkage intensity lambda (correlation matrix): 0.3657 

[1] "Round 14"
Estimating optimal shrinkage intensity lambda.var (variance vector): 0.9895 

Estimating optimal shrinkage intensity lambda (correlation matrix): 0.4079 

Estimating optimal shrinkage intensity lambda.var (variance vector): 0.9283 

Estimating optimal shrinkage intensity lambda (correlation matrix): 0.4528 

[1] "Round 16"
Estimating optimal shrinkage intensity lambda.var (variance vector): 1 

Estimating optimal shrinkage intensity lambda (correlation matrix): 0.418 

Estimating optimal shrinkage intensity lambda.var (variance vector): 0.8992 

Estimating optimal shrinkage intensity lambda (correlation matrix): 0.3433 

[1] "Round 18"
Estimating optimal shrinkage intensity lambda.var (variance vector): 0.8974 

Estimating optimal shrinkage intensity lambda (correlation matrix): 0.4238 

Estimating optimal shrinkage intensity lambda.var (variance vector): 1 

Estimating optimal shrinkage intensity lambda (correlation matrix): 0.3318 

[1] "Round 20"
Estimating optimal shrinkage intensity lambda.var (variance vector): 0.9175 

Estimating optimal shrinkage intensity lambda (correlation matrix): 0.4253 

Estimating optimal shrinkage intensity lambda.var (variance vector): 1 

Estimating optimal shrinkage intensity lambda (correlation matrix): 0.3776 

[1] "Round 22"
Estimating optimal shrinkage intensity lambda.var (variance vector): 1 

Estimating optimal shrinkage intensity lambda (correlation matrix): 0.4075 

Estimating optimal shrinkage intensity lambda.var (variance vector): 1 

Estimating optimal shrinkage intensity lambda (correlation matrix): 0.411 

[1] "Round 24"
Estimating optimal shrinkage intensity lambda.var (variance vector): 1 

Estimating optimal shrinkage intensity lambda (correlation matrix): 0.4581 

Estimating optimal shrinkage intensity lambda.var (variance vector): 0.9896 

Estimating optimal shrinkage intensity lambda (correlation matrix): 0.3146 

[1] "Round 26"
Estimating optimal shrinkage intensity lambda.var (variance vector): 0.8845 

Estimating optimal shrinkage intensity lambda (correlation matrix): 0.588 

Estimating optimal shrinkage intensity lambda.var (variance vector): 0.7771 

Estimating optimal shrinkage intensity lambda (correlation matrix): 0.4753 

[1] "Round 28"
Estimating optimal shrinkage intensity lambda.var (variance vector): 0.8691 

Estimating optimal shrinkage intensity lambda (correlation matrix): 0.5645 

Estimating optimal shrinkage intensity lambda.var (variance vector): 0.9053 

Estimating optimal shrinkage intensity lambda (correlation matrix): 0.4936 

[1] "Round 30"
Estimating optimal shrinkage intensity lambda.var (variance vector): 1 

Estimating optimal shrinkage intensity lambda (correlation matrix): 0.4118 

Estimating optimal shrinkage intensity lambda.var (variance vector): 0.9917 

Estimating optimal shrinkage intensity lambda (correlation matrix): 0.2776 

[1] "Round 32"
Estimating optimal shrinkage intensity lambda.var (variance vector): 1 

Estimating optimal shrinkage intensity lambda (correlation matrix): 0.527 

Estimating optimal shrinkage intensity lambda.var (variance vector): 1 

Estimating optimal shrinkage intensity lambda (correlation matrix): 0.3892 

[1] "Round 34"
Estimating optimal shrinkage intensity lambda.var (variance vector): 0.832 

Estimating optimal shrinkage intensity lambda (correlation matrix): 0.493 

Estimating optimal shrinkage intensity lambda.var (variance vector): 0.9354 

Estimating optimal shrinkage intensity lambda (correlation matrix): 0.4541 

[1] "Round 36"
Estimating optimal shrinkage intensity lambda.var (variance vector): 0.838 

Estimating optimal shrinkage intensity lambda (correlation matrix): 0.3105 

Estimating optimal shrinkage intensity lambda.var (variance vector): 1 

Estimating optimal shrinkage intensity lambda (correlation matrix): 0.3835 

[1] "Round 38"
Estimating optimal shrinkage intensity lambda.var (variance vector): 1 

Estimating optimal shrinkage intensity lambda (correlation matrix): 0.3621 

Estimating optimal shrinkage intensity lambda.var (variance vector): 0.8348 

Estimating optimal shrinkage intensity lambda (correlation matrix): 0.4115 

[1] "Round 40"
Estimating optimal shrinkage intensity lambda.var (variance vector): 1 

Estimating optimal shrinkage intensity lambda (correlation matrix): 0.3927 

Estimating optimal shrinkage intensity lambda.var (variance vector): 1 

Estimating optimal shrinkage intensity lambda (correlation matrix): 0.4353 

[1] "Round 42"
Estimating optimal shrinkage intensity lambda.var (variance vector): 1 

Estimating optimal shrinkage intensity lambda (correlation matrix): 0.3166 

Estimating optimal shrinkage intensity lambda.var (variance vector): 0.9222 

Estimating optimal shrinkage intensity lambda (correlation matrix): 0.5618 

[1] "Round 44"
Estimating optimal shrinkage intensity lambda.var (variance vector): 1 

Estimating optimal shrinkage intensity lambda (correlation matrix): 0.3899 

Estimating optimal shrinkage intensity lambda.var (variance vector): 1 

Estimating optimal shrinkage intensity lambda (correlation matrix): 0.2788 

[1] "Round 46"
Estimating optimal shrinkage intensity lambda.var (variance vector): 0.7553 

Estimating optimal shrinkage intensity lambda (correlation matrix): 0.3579 

Estimating optimal shrinkage intensity lambda.var (variance vector): 1 

Estimating optimal shrinkage intensity lambda (correlation matrix): 0.3965 

[1] "Round 48"
Estimating optimal shrinkage intensity lambda.var (variance vector): 1 

Estimating optimal shrinkage intensity lambda (correlation matrix): 0.3179 

Estimating optimal shrinkage intensity lambda.var (variance vector): 0.8572 

Estimating optimal shrinkage intensity lambda (correlation matrix): 0.4387 

[1] "Round 50"
Estimating optimal shrinkage intensity lambda.var (variance vector): 0.9377 

Estimating optimal shrinkage intensity lambda (correlation matrix): 0.2991 

Estimating optimal shrinkage intensity lambda.var (variance vector): 1 

Estimating optimal shrinkage intensity lambda (correlation matrix): 0.4306 

[1] "Round 52"
Estimating optimal shrinkage intensity lambda.var (variance vector): 1 

Estimating optimal shrinkage intensity lambda (correlation matrix): 0.3093 

Estimating optimal shrinkage intensity lambda.var (variance vector): 0.9611 

Estimating optimal shrinkage intensity lambda (correlation matrix): 0.534 

[1] "Round 54"
Estimating optimal shrinkage intensity lambda.var (variance vector): 1 

Estimating optimal shrinkage intensity lambda (correlation matrix): 0.3311 

Estimating optimal shrinkage intensity lambda.var (variance vector): 1 

Estimating optimal shrinkage intensity lambda (correlation matrix): 0.3995 

[1] "Round 56"
Estimating optimal shrinkage intensity lambda.var (variance vector): 1 

Estimating optimal shrinkage intensity lambda (correlation matrix): 0.4156 

Estimating optimal shrinkage intensity lambda.var (variance vector): 1 

Estimating optimal shrinkage intensity lambda (correlation matrix): 0.3477 

[1] "Round 58"
Estimating optimal shrinkage intensity lambda.var (variance vector): 1 

Estimating optimal shrinkage intensity lambda (correlation matrix): 0.2679 

Estimating optimal shrinkage intensity lambda.var (variance vector): 0.9498 

Estimating optimal shrinkage intensity lambda (correlation matrix): 0.4856 

[1] "Round 60"
Estimating optimal shrinkage intensity lambda.var (variance vector): 1 

Estimating optimal shrinkage intensity lambda (correlation matrix): 0.3806 

Estimating optimal shrinkage intensity lambda.var (variance vector): 1 

Estimating optimal shrinkage intensity lambda (correlation matrix): 0.4541 

[1] "Round 62"
Estimating optimal shrinkage intensity lambda.var (variance vector): 0.8764 

Estimating optimal shrinkage intensity lambda (correlation matrix): 0.3332 

Estimating optimal shrinkage intensity lambda.var (variance vector): 1 

Estimating optimal shrinkage intensity lambda (correlation matrix): 0.2976 

[1] "Round 64"
Estimating optimal shrinkage intensity lambda.var (variance vector): 1 

Estimating optimal shrinkage intensity lambda (correlation matrix): 0.4004 

Estimating optimal shrinkage intensity lambda.var (variance vector): 1 

Estimating optimal shrinkage intensity lambda (correlation matrix): 0.5568 

[1] "Round 66"
Estimating optimal shrinkage intensity lambda.var (variance vector): 0.8239 

Estimating optimal shrinkage intensity lambda (correlation matrix): 0.4179 

Estimating optimal shrinkage intensity lambda.var (variance vector): 1 

Estimating optimal shrinkage intensity lambda (correlation matrix): 0.329 

[1] "Round 68"
Estimating optimal shrinkage intensity lambda.var (variance vector): 1 

Estimating optimal shrinkage intensity lambda (correlation matrix): 0.3635 

Estimating optimal shrinkage intensity lambda.var (variance vector): 1 

Estimating optimal shrinkage intensity lambda (correlation matrix): 0.2903 

[1] "Round 70"
Estimating optimal shrinkage intensity lambda.var (variance vector): 1 

Estimating optimal shrinkage intensity lambda (correlation matrix): 0.4558 

Estimating optimal shrinkage intensity lambda.var (variance vector): 0.9283 

Estimating optimal shrinkage intensity lambda (correlation matrix): 0.2727 

[1] "Round 72"
Estimating optimal shrinkage intensity lambda.var (variance vector): 1 

Estimating optimal shrinkage intensity lambda (correlation matrix): 0.419 

Estimating optimal shrinkage intensity lambda.var (variance vector): 1 

Estimating optimal shrinkage intensity lambda (correlation matrix): 0.3324 

[1] "Round 74"
Estimating optimal shrinkage intensity lambda.var (variance vector): 0.9548 

Estimating optimal shrinkage intensity lambda (correlation matrix): 0.4345 

Estimating optimal shrinkage intensity lambda.var (variance vector): 1 

Estimating optimal shrinkage intensity lambda (correlation matrix): 0.2679 

[1] "Round 76"
Estimating optimal shrinkage intensity lambda.var (variance vector): 0.8603 

Estimating optimal shrinkage intensity lambda (correlation matrix): 0.3059 

Estimating optimal shrinkage intensity lambda.var (variance vector): 1 

Estimating optimal shrinkage intensity lambda (correlation matrix): 0.3505 

[1] "Round 78"
Estimating optimal shrinkage intensity lambda.var (variance vector): 0.891 

Estimating optimal shrinkage intensity lambda (correlation matrix): 0.4459 

Estimating optimal shrinkage intensity lambda.var (variance vector): 0.8328 

Estimating optimal shrinkage intensity lambda (correlation matrix): 0.4388 

[1] "Round 80"
Estimating optimal shrinkage intensity lambda.var (variance vector): 1 

Estimating optimal shrinkage intensity lambda (correlation matrix): 0.4351 

Estimating optimal shrinkage intensity lambda.var (variance vector): 1 

Estimating optimal shrinkage intensity lambda (correlation matrix): 0.3659 

[1] "Round 82"
Estimating optimal shrinkage intensity lambda.var (variance vector): 1 

Estimating optimal shrinkage intensity lambda (correlation matrix): 0.3715 

Estimating optimal shrinkage intensity lambda.var (variance vector): 1 

Estimating optimal shrinkage intensity lambda (correlation matrix): 0.5223 

[1] "Round 84"
Estimating optimal shrinkage intensity lambda.var (variance vector): 1 

Estimating optimal shrinkage intensity lambda (correlation matrix): 0.3483 

Estimating optimal shrinkage intensity lambda.var (variance vector): 1 

Estimating optimal shrinkage intensity lambda (correlation matrix): 0.334 

[1] "Round 86"
Estimating optimal shrinkage intensity lambda.var (variance vector): 0.9267 

Estimating optimal shrinkage intensity lambda (correlation matrix): 0.3342 

Estimating optimal shrinkage intensity lambda.var (variance vector): 0.9955 

Estimating optimal shrinkage intensity lambda (correlation matrix): 0.326 

[1] "Round 88"
Estimating optimal shrinkage intensity lambda.var (variance vector): 1 

Estimating optimal shrinkage intensity lambda (correlation matrix): 0.4571 

Estimating optimal shrinkage intensity lambda.var (variance vector): 0.9236 

Estimating optimal shrinkage intensity lambda (correlation matrix): 0.3384 

[1] "Round 90"
Estimating optimal shrinkage intensity lambda.var (variance vector): 1 

Estimating optimal shrinkage intensity lambda (correlation matrix): 0.4157 

Estimating optimal shrinkage intensity lambda.var (variance vector): 1 

Estimating optimal shrinkage intensity lambda (correlation matrix): 0.302 

[1] "Round 92"
Estimating optimal shrinkage intensity lambda.var (variance vector): 0.9411 

Estimating optimal shrinkage intensity lambda (correlation matrix): 0.4232 

Estimating optimal shrinkage intensity lambda.var (variance vector): 1 

Estimating optimal shrinkage intensity lambda (correlation matrix): 0.4006 

[1] "Round 94"
Estimating optimal shrinkage intensity lambda.var (variance vector): 1 

Estimating optimal shrinkage intensity lambda (correlation matrix): 0.3663 

Estimating optimal shrinkage intensity lambda.var (variance vector): 1 

Estimating optimal shrinkage intensity lambda (correlation matrix): 0.3285 

[1] "Round 96"
Estimating optimal shrinkage intensity lambda.var (variance vector): 1 

Estimating optimal shrinkage intensity lambda (correlation matrix): 0.362 

Estimating optimal shrinkage intensity lambda.var (variance vector): 0.8683 

Estimating optimal shrinkage intensity lambda (correlation matrix): 0.3574 

[1] "Round 98"
Estimating optimal shrinkage intensity lambda.var (variance vector): 0.9343 

Estimating optimal shrinkage intensity lambda (correlation matrix): 0.3698 

Estimating optimal shrinkage intensity lambda.var (variance vector): 1 

Estimating optimal shrinkage intensity lambda (correlation matrix): 0.3251 

[1] "Round 100"
Estimating optimal shrinkage intensity lambda.var (variance vector): 0.9386 

Estimating optimal shrinkage intensity lambda (correlation matrix): 0.3638 

[1] "data/Debi+lognormal_n100_p100_tau10.5_rho0.5_sigma0.5_Nsim100"
                       lambda       SE       PE     linf        FPR        FNR
bootstrap_mean     0.43301565 15620.78 23118.14 5.769709 0.35276596 0.63333333
bootstrap_mean_std 0.01324019 15444.88 22868.51 3.320609 0.02496996 0.02987065
                          TPR     sum_beta
bootstrap_mean     0.36666667 2.374349e-17
bootstrap_mean_std 0.02987065 1.864903e-17
Time difference of 1.391443 mins
Estimating optimal shrinkage intensity lambda.var (variance vector): 0.7999 

Estimating optimal shrinkage intensity lambda (correlation matrix): 0.3916 

[1] "Round 2"
Estimating optimal shrinkage intensity lambda.var (variance vector): 1 

Estimating optimal shrinkage intensity lambda (correlation matrix): 0.3778 

Estimating optimal shrinkage intensity lambda.var (variance vector): 1 

Estimating optimal shrinkage intensity lambda (correlation matrix): 0.3217 

[1] "Round 4"
Estimating optimal shrinkage intensity lambda.var (variance vector): 1 

Estimating optimal shrinkage intensity lambda (correlation matrix): 0.3883 

Estimating optimal shrinkage intensity lambda.var (variance vector): 1 

Estimating optimal shrinkage intensity lambda (correlation matrix): 0.3547 

[1] "Round 6"
Estimating optimal shrinkage intensity lambda.var (variance vector): 1 

Estimating optimal shrinkage intensity lambda (correlation matrix): 0.3397 

Estimating optimal shrinkage intensity lambda.var (variance vector): 1 

Estimating optimal shrinkage intensity lambda (correlation matrix): 0.554 

[1] "Round 8"
Estimating optimal shrinkage intensity lambda.var (variance vector): 0.7821 

Estimating optimal shrinkage intensity lambda (correlation matrix): 0.3601 

Estimating optimal shrinkage intensity lambda.var (variance vector): 1 

Estimating optimal shrinkage intensity lambda (correlation matrix): 0.3563 

[1] "Round 10"
Estimating optimal shrinkage intensity lambda.var (variance vector): 1 

Estimating optimal shrinkage intensity lambda (correlation matrix): 0.4395 

Estimating optimal shrinkage intensity lambda.var (variance vector): 1 

Estimating optimal shrinkage intensity lambda (correlation matrix): 0.489 

[1] "Round 12"
Estimating optimal shrinkage intensity lambda.var (variance vector): 1 

Estimating optimal shrinkage intensity lambda (correlation matrix): 0.4916 

Estimating optimal shrinkage intensity lambda.var (variance vector): 1 

Estimating optimal shrinkage intensity lambda (correlation matrix): 0.3609 

[1] "Round 14"
Estimating optimal shrinkage intensity lambda.var (variance vector): 0.9869 

Estimating optimal shrinkage intensity lambda (correlation matrix): 0.4043 

Estimating optimal shrinkage intensity lambda.var (variance vector): 0.931 

Estimating optimal shrinkage intensity lambda (correlation matrix): 0.4456 

[1] "Round 16"
Estimating optimal shrinkage intensity lambda.var (variance vector): 1 

Estimating optimal shrinkage intensity lambda (correlation matrix): 0.412 

Estimating optimal shrinkage intensity lambda.var (variance vector): 0.8971 

Estimating optimal shrinkage intensity lambda (correlation matrix): 0.3406 

[1] "Round 18"
Estimating optimal shrinkage intensity lambda.var (variance vector): 0.8931 

Estimating optimal shrinkage intensity lambda (correlation matrix): 0.4205 

Estimating optimal shrinkage intensity lambda.var (variance vector): 1 

Estimating optimal shrinkage intensity lambda (correlation matrix): 0.3294 

[1] "Round 20"
Estimating optimal shrinkage intensity lambda.var (variance vector): 0.9203 

Estimating optimal shrinkage intensity lambda (correlation matrix): 0.4182 

Estimating optimal shrinkage intensity lambda.var (variance vector): 1 

Estimating optimal shrinkage intensity lambda (correlation matrix): 0.3715 

[1] "Round 22"
Estimating optimal shrinkage intensity lambda.var (variance vector): 1 

Estimating optimal shrinkage intensity lambda (correlation matrix): 0.4015 

Estimating optimal shrinkage intensity lambda.var (variance vector): 1 

Estimating optimal shrinkage intensity lambda (correlation matrix): 0.4038 

[1] "Round 24"
Estimating optimal shrinkage intensity lambda.var (variance vector): 1 

Estimating optimal shrinkage intensity lambda (correlation matrix): 0.4541 

Estimating optimal shrinkage intensity lambda.var (variance vector): 0.9857 

Estimating optimal shrinkage intensity lambda (correlation matrix): 0.3114 

[1] "Round 26"
Estimating optimal shrinkage intensity lambda.var (variance vector): 0.8836 

Estimating optimal shrinkage intensity lambda (correlation matrix): 0.585 

Estimating optimal shrinkage intensity lambda.var (variance vector): 0.7783 

Estimating optimal shrinkage intensity lambda (correlation matrix): 0.4707 

[1] "Round 28"
Estimating optimal shrinkage intensity lambda.var (variance vector): 0.8618 

Estimating optimal shrinkage intensity lambda (correlation matrix): 0.5569 

Estimating optimal shrinkage intensity lambda.var (variance vector): 0.9032 

Estimating optimal shrinkage intensity lambda (correlation matrix): 0.4902 

[1] "Round 30"
Estimating optimal shrinkage intensity lambda.var (variance vector): 1 

Estimating optimal shrinkage intensity lambda (correlation matrix): 0.409 

Estimating optimal shrinkage intensity lambda.var (variance vector): 0.9932 

Estimating optimal shrinkage intensity lambda (correlation matrix): 0.2741 

[1] "Round 32"
Estimating optimal shrinkage intensity lambda.var (variance vector): 1 

Estimating optimal shrinkage intensity lambda (correlation matrix): 0.5148 

Estimating optimal shrinkage intensity lambda.var (variance vector): 1 

Estimating optimal shrinkage intensity lambda (correlation matrix): 0.3819 

[1] "Round 34"
Estimating optimal shrinkage intensity lambda.var (variance vector): 0.8344 

Estimating optimal shrinkage intensity lambda (correlation matrix): 0.4899 

Estimating optimal shrinkage intensity lambda.var (variance vector): 0.9336 

Estimating optimal shrinkage intensity lambda (correlation matrix): 0.4424 

[1] "Round 36"
Estimating optimal shrinkage intensity lambda.var (variance vector): 0.8383 

Estimating optimal shrinkage intensity lambda (correlation matrix): 0.3056 

Estimating optimal shrinkage intensity lambda.var (variance vector): 1 

Estimating optimal shrinkage intensity lambda (correlation matrix): 0.3795 

[1] "Round 38"
Estimating optimal shrinkage intensity lambda.var (variance vector): 1 

Estimating optimal shrinkage intensity lambda (correlation matrix): 0.3593 

Estimating optimal shrinkage intensity lambda.var (variance vector): 0.8372 

Estimating optimal shrinkage intensity lambda (correlation matrix): 0.4055 

[1] "Round 40"
Estimating optimal shrinkage intensity lambda.var (variance vector): 1 

Estimating optimal shrinkage intensity lambda (correlation matrix): 0.3918 

Estimating optimal shrinkage intensity lambda.var (variance vector): 0.9994 

Estimating optimal shrinkage intensity lambda (correlation matrix): 0.4302 

[1] "Round 42"
Estimating optimal shrinkage intensity lambda.var (variance vector): 1 

Estimating optimal shrinkage intensity lambda (correlation matrix): 0.3124 

Estimating optimal shrinkage intensity lambda.var (variance vector): 0.9263 

Estimating optimal shrinkage intensity lambda (correlation matrix): 0.5599 

[1] "Round 44"
Estimating optimal shrinkage intensity lambda.var (variance vector): 1 

Estimating optimal shrinkage intensity lambda (correlation matrix): 0.3846 

Estimating optimal shrinkage intensity lambda.var (variance vector): 1 

Estimating optimal shrinkage intensity lambda (correlation matrix): 0.2759 

[1] "Round 46"
Estimating optimal shrinkage intensity lambda.var (variance vector): 0.7576 

Estimating optimal shrinkage intensity lambda (correlation matrix): 0.3536 

Estimating optimal shrinkage intensity lambda.var (variance vector): 1 

Estimating optimal shrinkage intensity lambda (correlation matrix): 0.3966 

[1] "Round 48"
Estimating optimal shrinkage intensity lambda.var (variance vector): 1 

Estimating optimal shrinkage intensity lambda (correlation matrix): 0.3166 

Estimating optimal shrinkage intensity lambda.var (variance vector): 0.8584 

Estimating optimal shrinkage intensity lambda (correlation matrix): 0.431 

[1] "Round 50"
Estimating optimal shrinkage intensity lambda.var (variance vector): 0.9368 

Estimating optimal shrinkage intensity lambda (correlation matrix): 0.2935 

Estimating optimal shrinkage intensity lambda.var (variance vector): 1 

Estimating optimal shrinkage intensity lambda (correlation matrix): 0.4307 

[1] "Round 52"
Estimating optimal shrinkage intensity lambda.var (variance vector): 1 

Estimating optimal shrinkage intensity lambda (correlation matrix): 0.306 

Estimating optimal shrinkage intensity lambda.var (variance vector): 0.964 

Estimating optimal shrinkage intensity lambda (correlation matrix): 0.5276 

[1] "Round 54"
Estimating optimal shrinkage intensity lambda.var (variance vector): 1 

Estimating optimal shrinkage intensity lambda (correlation matrix): 0.3268 

Estimating optimal shrinkage intensity lambda.var (variance vector): 1 

Estimating optimal shrinkage intensity lambda (correlation matrix): 0.3945 

[1] "Round 56"
Estimating optimal shrinkage intensity lambda.var (variance vector): 1 

Estimating optimal shrinkage intensity lambda (correlation matrix): 0.4063 

Estimating optimal shrinkage intensity lambda.var (variance vector): 1 

Estimating optimal shrinkage intensity lambda (correlation matrix): 0.3456 

[1] "Round 58"
Estimating optimal shrinkage intensity lambda.var (variance vector): 1 

Estimating optimal shrinkage intensity lambda (correlation matrix): 0.2662 

Estimating optimal shrinkage intensity lambda.var (variance vector): 0.9481 

Estimating optimal shrinkage intensity lambda (correlation matrix): 0.4793 

[1] "Round 60"
Estimating optimal shrinkage intensity lambda.var (variance vector): 1 

Estimating optimal shrinkage intensity lambda (correlation matrix): 0.3777 

Estimating optimal shrinkage intensity lambda.var (variance vector): 1 

Estimating optimal shrinkage intensity lambda (correlation matrix): 0.4499 

[1] "Round 62"
Estimating optimal shrinkage intensity lambda.var (variance vector): 0.8762 

Estimating optimal shrinkage intensity lambda (correlation matrix): 0.3264 

Estimating optimal shrinkage intensity lambda.var (variance vector): 1 

Estimating optimal shrinkage intensity lambda (correlation matrix): 0.2926 

[1] "Round 64"
Estimating optimal shrinkage intensity lambda.var (variance vector): 1 

Estimating optimal shrinkage intensity lambda (correlation matrix): 0.3913 

Estimating optimal shrinkage intensity lambda.var (variance vector): 1 

Estimating optimal shrinkage intensity lambda (correlation matrix): 0.5527 

[1] "Round 66"
Estimating optimal shrinkage intensity lambda.var (variance vector): 0.8321 

Estimating optimal shrinkage intensity lambda (correlation matrix): 0.4107 

Estimating optimal shrinkage intensity lambda.var (variance vector): 1 

Estimating optimal shrinkage intensity lambda (correlation matrix): 0.324 

[1] "Round 68"
Estimating optimal shrinkage intensity lambda.var (variance vector): 1 

Estimating optimal shrinkage intensity lambda (correlation matrix): 0.362 

Estimating optimal shrinkage intensity lambda.var (variance vector): 1 

Estimating optimal shrinkage intensity lambda (correlation matrix): 0.2869 

[1] "Round 70"
Estimating optimal shrinkage intensity lambda.var (variance vector): 1 

Estimating optimal shrinkage intensity lambda (correlation matrix): 0.4513 

Estimating optimal shrinkage intensity lambda.var (variance vector): 0.9285 

Estimating optimal shrinkage intensity lambda (correlation matrix): 0.2695 

[1] "Round 72"
Estimating optimal shrinkage intensity lambda.var (variance vector): 1 

Estimating optimal shrinkage intensity lambda (correlation matrix): 0.4137 

Estimating optimal shrinkage intensity lambda.var (variance vector): 1 

Estimating optimal shrinkage intensity lambda (correlation matrix): 0.3274 

[1] "Round 74"
Estimating optimal shrinkage intensity lambda.var (variance vector): 0.9525 

Estimating optimal shrinkage intensity lambda (correlation matrix): 0.4271 

Estimating optimal shrinkage intensity lambda.var (variance vector): 1 

Estimating optimal shrinkage intensity lambda (correlation matrix): 0.2669 

[1] "Round 76"
Estimating optimal shrinkage intensity lambda.var (variance vector): 0.8641 

Estimating optimal shrinkage intensity lambda (correlation matrix): 0.3052 

Estimating optimal shrinkage intensity lambda.var (variance vector): 1 

Estimating optimal shrinkage intensity lambda (correlation matrix): 0.3448 

[1] "Round 78"
Estimating optimal shrinkage intensity lambda.var (variance vector): 0.8937 

Estimating optimal shrinkage intensity lambda (correlation matrix): 0.4423 

Estimating optimal shrinkage intensity lambda.var (variance vector): 0.8338 

Estimating optimal shrinkage intensity lambda (correlation matrix): 0.4394 

[1] "Round 80"
Estimating optimal shrinkage intensity lambda.var (variance vector): 1 

Estimating optimal shrinkage intensity lambda (correlation matrix): 0.4295 

Estimating optimal shrinkage intensity lambda.var (variance vector): 1 

Estimating optimal shrinkage intensity lambda (correlation matrix): 0.3639 

[1] "Round 82"
Estimating optimal shrinkage intensity lambda.var (variance vector): 1 

Estimating optimal shrinkage intensity lambda (correlation matrix): 0.3639 

Estimating optimal shrinkage intensity lambda.var (variance vector): 1 

Estimating optimal shrinkage intensity lambda (correlation matrix): 0.5183 

[1] "Round 84"
Estimating optimal shrinkage intensity lambda.var (variance vector): 1 

Estimating optimal shrinkage intensity lambda (correlation matrix): 0.3482 

Estimating optimal shrinkage intensity lambda.var (variance vector): 1 

Estimating optimal shrinkage intensity lambda (correlation matrix): 0.3297 

[1] "Round 86"
Estimating optimal shrinkage intensity lambda.var (variance vector): 0.9182 

Estimating optimal shrinkage intensity lambda (correlation matrix): 0.3329 

Estimating optimal shrinkage intensity lambda.var (variance vector): 0.997 

Estimating optimal shrinkage intensity lambda (correlation matrix): 0.3218 

[1] "Round 88"
Estimating optimal shrinkage intensity lambda.var (variance vector): 1 

Estimating optimal shrinkage intensity lambda (correlation matrix): 0.4552 

Estimating optimal shrinkage intensity lambda.var (variance vector): 0.9225 

Estimating optimal shrinkage intensity lambda (correlation matrix): 0.3335 

[1] "Round 90"
Estimating optimal shrinkage intensity lambda.var (variance vector): 1 

Estimating optimal shrinkage intensity lambda (correlation matrix): 0.4122 

Estimating optimal shrinkage intensity lambda.var (variance vector): 1 

Estimating optimal shrinkage intensity lambda (correlation matrix): 0.3014 

[1] "Round 92"
Estimating optimal shrinkage intensity lambda.var (variance vector): 0.9417 

Estimating optimal shrinkage intensity lambda (correlation matrix): 0.4189 

Estimating optimal shrinkage intensity lambda.var (variance vector): 1 

Estimating optimal shrinkage intensity lambda (correlation matrix): 0.399 

[1] "Round 94"
Estimating optimal shrinkage intensity lambda.var (variance vector): 1 

Estimating optimal shrinkage intensity lambda (correlation matrix): 0.366 

Estimating optimal shrinkage intensity lambda.var (variance vector): 1 

Estimating optimal shrinkage intensity lambda (correlation matrix): 0.324 

[1] "Round 96"
Estimating optimal shrinkage intensity lambda.var (variance vector): 1 

Estimating optimal shrinkage intensity lambda (correlation matrix): 0.3572 

Estimating optimal shrinkage intensity lambda.var (variance vector): 0.8699 

Estimating optimal shrinkage intensity lambda (correlation matrix): 0.3543 

[1] "Round 98"
Estimating optimal shrinkage intensity lambda.var (variance vector): 0.936 

Estimating optimal shrinkage intensity lambda (correlation matrix): 0.3655 

Estimating optimal shrinkage intensity lambda.var (variance vector): 1 

Estimating optimal shrinkage intensity lambda (correlation matrix): 0.3211 

[1] "Round 100"
Estimating optimal shrinkage intensity lambda.var (variance vector): 0.937 

Estimating optimal shrinkage intensity lambda (correlation matrix): 0.3607 

[1] "data/Debi+lognormal_n100_p100_tau11.5_rho0.5_sigma0.5_Nsim100"
                      lambda       SE       PE     linf        FPR        FNR
bootstrap_mean     0.4324959 11801.84 18839.48 4.570441 0.36808511 0.59833333
bootstrap_mean_std 0.0130512 11714.54 18703.89 2.323746 0.02578498 0.03152458
                          TPR     sum_beta
bootstrap_mean     0.40166667 1.767575e-17
bootstrap_mean_std 0.03152458 2.706851e-17
Time difference of 1.426298 mins
Estimating optimal shrinkage intensity lambda.var (variance vector): 0.8014 

Estimating optimal shrinkage intensity lambda (correlation matrix): 0.3834 

[1] "Round 2"
Estimating optimal shrinkage intensity lambda.var (variance vector): 1 

Estimating optimal shrinkage intensity lambda (correlation matrix): 0.3735 

Estimating optimal shrinkage intensity lambda.var (variance vector): 1 

Estimating optimal shrinkage intensity lambda (correlation matrix): 0.3198 

[1] "Round 4"
Estimating optimal shrinkage intensity lambda.var (variance vector): 1 

Estimating optimal shrinkage intensity lambda (correlation matrix): 0.3855 

Estimating optimal shrinkage intensity lambda.var (variance vector): 1 

Estimating optimal shrinkage intensity lambda (correlation matrix): 0.3495 

[1] "Round 6"
Estimating optimal shrinkage intensity lambda.var (variance vector): 1 

Estimating optimal shrinkage intensity lambda (correlation matrix): 0.3339 

Estimating optimal shrinkage intensity lambda.var (variance vector): 1 

Estimating optimal shrinkage intensity lambda (correlation matrix): 0.5497 

[1] "Round 8"
Estimating optimal shrinkage intensity lambda.var (variance vector): 0.7861 

Estimating optimal shrinkage intensity lambda (correlation matrix): 0.3577 

Estimating optimal shrinkage intensity lambda.var (variance vector): 1 

Estimating optimal shrinkage intensity lambda (correlation matrix): 0.3544 

[1] "Round 10"
Estimating optimal shrinkage intensity lambda.var (variance vector): 1 

Estimating optimal shrinkage intensity lambda (correlation matrix): 0.4348 

Estimating optimal shrinkage intensity lambda.var (variance vector): 1 

Estimating optimal shrinkage intensity lambda (correlation matrix): 0.4856 

[1] "Round 12"
Estimating optimal shrinkage intensity lambda.var (variance vector): 1 

Estimating optimal shrinkage intensity lambda (correlation matrix): 0.4863 

Estimating optimal shrinkage intensity lambda.var (variance vector): 1 

Estimating optimal shrinkage intensity lambda (correlation matrix): 0.3572 

[1] "Round 14"
Estimating optimal shrinkage intensity lambda.var (variance vector): 0.9845 

Estimating optimal shrinkage intensity lambda (correlation matrix): 0.4016 

Estimating optimal shrinkage intensity lambda.var (variance vector): 0.933 

Estimating optimal shrinkage intensity lambda (correlation matrix): 0.44 

[1] "Round 16"
Estimating optimal shrinkage intensity lambda.var (variance vector): 1 

Estimating optimal shrinkage intensity lambda (correlation matrix): 0.4073 

Estimating optimal shrinkage intensity lambda.var (variance vector): 0.8951 

Estimating optimal shrinkage intensity lambda (correlation matrix): 0.3387 

[1] "Round 18"
Estimating optimal shrinkage intensity lambda.var (variance vector): 0.8908 

Estimating optimal shrinkage intensity lambda (correlation matrix): 0.4182 

Estimating optimal shrinkage intensity lambda.var (variance vector): 1 

Estimating optimal shrinkage intensity lambda (correlation matrix): 0.3277 

[1] "Round 20"
Estimating optimal shrinkage intensity lambda.var (variance vector): 0.9233 

Estimating optimal shrinkage intensity lambda (correlation matrix): 0.4126 

Estimating optimal shrinkage intensity lambda.var (variance vector): 1 

Estimating optimal shrinkage intensity lambda (correlation matrix): 0.3669 

[1] "Round 22"
Estimating optimal shrinkage intensity lambda.var (variance vector): 1 

Estimating optimal shrinkage intensity lambda (correlation matrix): 0.3968 

Estimating optimal shrinkage intensity lambda.var (variance vector): 1 

Estimating optimal shrinkage intensity lambda (correlation matrix): 0.3982 

[1] "Round 24"
Estimating optimal shrinkage intensity lambda.var (variance vector): 1 

Estimating optimal shrinkage intensity lambda (correlation matrix): 0.4512 

Estimating optimal shrinkage intensity lambda.var (variance vector): 0.9814 

Estimating optimal shrinkage intensity lambda (correlation matrix): 0.3088 

[1] "Round 26"
Estimating optimal shrinkage intensity lambda.var (variance vector): 0.8827 

Estimating optimal shrinkage intensity lambda (correlation matrix): 0.5827 

Estimating optimal shrinkage intensity lambda.var (variance vector): 0.7791 

Estimating optimal shrinkage intensity lambda (correlation matrix): 0.4672 

[1] "Round 28"
Estimating optimal shrinkage intensity lambda.var (variance vector): 0.8558 

Estimating optimal shrinkage intensity lambda (correlation matrix): 0.5507 

Estimating optimal shrinkage intensity lambda.var (variance vector): 0.9014 

Estimating optimal shrinkage intensity lambda (correlation matrix): 0.4877 

[1] "Round 30"
Estimating optimal shrinkage intensity lambda.var (variance vector): 1 

Estimating optimal shrinkage intensity lambda (correlation matrix): 0.4067 

Estimating optimal shrinkage intensity lambda.var (variance vector): 0.9965 

Estimating optimal shrinkage intensity lambda (correlation matrix): 0.2714 

[1] "Round 32"
Estimating optimal shrinkage intensity lambda.var (variance vector): 1 

Estimating optimal shrinkage intensity lambda (correlation matrix): 0.505 

Estimating optimal shrinkage intensity lambda.var (variance vector): 1 

Estimating optimal shrinkage intensity lambda (correlation matrix): 0.376 

[1] "Round 34"
Estimating optimal shrinkage intensity lambda.var (variance vector): 0.8367 

Estimating optimal shrinkage intensity lambda (correlation matrix): 0.4875 

Estimating optimal shrinkage intensity lambda.var (variance vector): 0.9327 

Estimating optimal shrinkage intensity lambda (correlation matrix): 0.433 

[1] "Round 36"
Estimating optimal shrinkage intensity lambda.var (variance vector): 0.8388 

Estimating optimal shrinkage intensity lambda (correlation matrix): 0.3018 

Estimating optimal shrinkage intensity lambda.var (variance vector): 1 

Estimating optimal shrinkage intensity lambda (correlation matrix): 0.3764 

[1] "Round 38"
Estimating optimal shrinkage intensity lambda.var (variance vector): 1 

Estimating optimal shrinkage intensity lambda (correlation matrix): 0.3572 

Estimating optimal shrinkage intensity lambda.var (variance vector): 0.8394 

Estimating optimal shrinkage intensity lambda (correlation matrix): 0.401 

[1] "Round 40"
Estimating optimal shrinkage intensity lambda.var (variance vector): 1 

Estimating optimal shrinkage intensity lambda (correlation matrix): 0.3914 

Estimating optimal shrinkage intensity lambda.var (variance vector): 0.996 

Estimating optimal shrinkage intensity lambda (correlation matrix): 0.426 

[1] "Round 42"
Estimating optimal shrinkage intensity lambda.var (variance vector): 1 

Estimating optimal shrinkage intensity lambda (correlation matrix): 0.3092 

Estimating optimal shrinkage intensity lambda.var (variance vector): 0.9292 

Estimating optimal shrinkage intensity lambda (correlation matrix): 0.5585 

[1] "Round 44"
Estimating optimal shrinkage intensity lambda.var (variance vector): 1 

Estimating optimal shrinkage intensity lambda (correlation matrix): 0.3806 

Estimating optimal shrinkage intensity lambda.var (variance vector): 1 

Estimating optimal shrinkage intensity lambda (correlation matrix): 0.2738 

[1] "Round 46"
Estimating optimal shrinkage intensity lambda.var (variance vector): 0.7588 

Estimating optimal shrinkage intensity lambda (correlation matrix): 0.3502 

Estimating optimal shrinkage intensity lambda.var (variance vector): 1 

Estimating optimal shrinkage intensity lambda (correlation matrix): 0.3966 

[1] "Round 48"
Estimating optimal shrinkage intensity lambda.var (variance vector): 1 

Estimating optimal shrinkage intensity lambda (correlation matrix): 0.3156 

Estimating optimal shrinkage intensity lambda.var (variance vector): 0.8586 

Estimating optimal shrinkage intensity lambda (correlation matrix): 0.4247 

[1] "Round 50"
Estimating optimal shrinkage intensity lambda.var (variance vector): 0.9356 

Estimating optimal shrinkage intensity lambda (correlation matrix): 0.2891 

Estimating optimal shrinkage intensity lambda.var (variance vector): 1 

Estimating optimal shrinkage intensity lambda (correlation matrix): 0.4311 

[1] "Round 52"
Estimating optimal shrinkage intensity lambda.var (variance vector): 1 

Estimating optimal shrinkage intensity lambda (correlation matrix): 0.3033 

Estimating optimal shrinkage intensity lambda.var (variance vector): 0.9658 

Estimating optimal shrinkage intensity lambda (correlation matrix): 0.5221 

[1] "Round 54"
Estimating optimal shrinkage intensity lambda.var (variance vector): 1 

Estimating optimal shrinkage intensity lambda (correlation matrix): 0.3232 

Estimating optimal shrinkage intensity lambda.var (variance vector): 1 

Estimating optimal shrinkage intensity lambda (correlation matrix): 0.3908 

[1] "Round 56"
Estimating optimal shrinkage intensity lambda.var (variance vector): 1 

Estimating optimal shrinkage intensity lambda (correlation matrix): 0.3989 

Estimating optimal shrinkage intensity lambda.var (variance vector): 1 

Estimating optimal shrinkage intensity lambda (correlation matrix): 0.344 

[1] "Round 58"
Estimating optimal shrinkage intensity lambda.var (variance vector): 1 

Estimating optimal shrinkage intensity lambda (correlation matrix): 0.265 

Estimating optimal shrinkage intensity lambda.var (variance vector): 0.9468 

Estimating optimal shrinkage intensity lambda (correlation matrix): 0.4742 

[1] "Round 60"
Estimating optimal shrinkage intensity lambda.var (variance vector): 1 

Estimating optimal shrinkage intensity lambda (correlation matrix): 0.3757 

Estimating optimal shrinkage intensity lambda.var (variance vector): 1 

Estimating optimal shrinkage intensity lambda (correlation matrix): 0.4467 

[1] "Round 62"
Estimating optimal shrinkage intensity lambda.var (variance vector): 0.8761 

Estimating optimal shrinkage intensity lambda (correlation matrix): 0.321 

Estimating optimal shrinkage intensity lambda.var (variance vector): 1 

Estimating optimal shrinkage intensity lambda (correlation matrix): 0.2888 

[1] "Round 64"
Estimating optimal shrinkage intensity lambda.var (variance vector): 1 

Estimating optimal shrinkage intensity lambda (correlation matrix): 0.3842 

Estimating optimal shrinkage intensity lambda.var (variance vector): 1 

Estimating optimal shrinkage intensity lambda (correlation matrix): 0.5494 

[1] "Round 66"
Estimating optimal shrinkage intensity lambda.var (variance vector): 0.8389 

Estimating optimal shrinkage intensity lambda (correlation matrix): 0.4052 

Estimating optimal shrinkage intensity lambda.var (variance vector): 1 

Estimating optimal shrinkage intensity lambda (correlation matrix): 0.32 

[1] "Round 68"
Estimating optimal shrinkage intensity lambda.var (variance vector): 1 

Estimating optimal shrinkage intensity lambda (correlation matrix): 0.3607 

Estimating optimal shrinkage intensity lambda.var (variance vector): 1 

Estimating optimal shrinkage intensity lambda (correlation matrix): 0.2844 

[1] "Round 70"
Estimating optimal shrinkage intensity lambda.var (variance vector): 1 

Estimating optimal shrinkage intensity lambda (correlation matrix): 0.4477 

Estimating optimal shrinkage intensity lambda.var (variance vector): 0.9292 

Estimating optimal shrinkage intensity lambda (correlation matrix): 0.267 

[1] "Round 72"
Estimating optimal shrinkage intensity lambda.var (variance vector): 1 

Estimating optimal shrinkage intensity lambda (correlation matrix): 0.4099 

Estimating optimal shrinkage intensity lambda.var (variance vector): 1 

Estimating optimal shrinkage intensity lambda (correlation matrix): 0.3235 

[1] "Round 74"
Estimating optimal shrinkage intensity lambda.var (variance vector): 0.9503 

Estimating optimal shrinkage intensity lambda (correlation matrix): 0.4213 

Estimating optimal shrinkage intensity lambda.var (variance vector): 1 

Estimating optimal shrinkage intensity lambda (correlation matrix): 0.2662 

[1] "Round 76"
Estimating optimal shrinkage intensity lambda.var (variance vector): 0.8656 

Estimating optimal shrinkage intensity lambda (correlation matrix): 0.3049 

Estimating optimal shrinkage intensity lambda.var (variance vector): 1 

Estimating optimal shrinkage intensity lambda (correlation matrix): 0.3404 

[1] "Round 78"
Estimating optimal shrinkage intensity lambda.var (variance vector): 0.8964 

Estimating optimal shrinkage intensity lambda (correlation matrix): 0.4395 

Estimating optimal shrinkage intensity lambda.var (variance vector): 0.8345 

Estimating optimal shrinkage intensity lambda (correlation matrix): 0.4401 

[1] "Round 80"
Estimating optimal shrinkage intensity lambda.var (variance vector): 1 

Estimating optimal shrinkage intensity lambda (correlation matrix): 0.4251 

Estimating optimal shrinkage intensity lambda.var (variance vector): 1 

Estimating optimal shrinkage intensity lambda (correlation matrix): 0.3622 

[1] "Round 82"
Estimating optimal shrinkage intensity lambda.var (variance vector): 1 

Estimating optimal shrinkage intensity lambda (correlation matrix): 0.3579 

Estimating optimal shrinkage intensity lambda.var (variance vector): 1 

Estimating optimal shrinkage intensity lambda (correlation matrix): 0.515 

[1] "Round 84"
Estimating optimal shrinkage intensity lambda.var (variance vector): 1 

Estimating optimal shrinkage intensity lambda (correlation matrix): 0.3483 

Estimating optimal shrinkage intensity lambda.var (variance vector): 1 

Estimating optimal shrinkage intensity lambda (correlation matrix): 0.3264 

[1] "Round 86"
Estimating optimal shrinkage intensity lambda.var (variance vector): 0.9098 

Estimating optimal shrinkage intensity lambda (correlation matrix): 0.3318 

Estimating optimal shrinkage intensity lambda.var (variance vector): 0.9973 

Estimating optimal shrinkage intensity lambda (correlation matrix): 0.3185 

[1] "Round 88"
Estimating optimal shrinkage intensity lambda.var (variance vector): 1 

Estimating optimal shrinkage intensity lambda (correlation matrix): 0.4535 

Estimating optimal shrinkage intensity lambda.var (variance vector): 0.9211 

Estimating optimal shrinkage intensity lambda (correlation matrix): 0.3298 

[1] "Round 90"
Estimating optimal shrinkage intensity lambda.var (variance vector): 1 

Estimating optimal shrinkage intensity lambda (correlation matrix): 0.4096 

Estimating optimal shrinkage intensity lambda.var (variance vector): 1 

Estimating optimal shrinkage intensity lambda (correlation matrix): 0.3011 

[1] "Round 92"
Estimating optimal shrinkage intensity lambda.var (variance vector): 0.9423 

Estimating optimal shrinkage intensity lambda (correlation matrix): 0.4157 

Estimating optimal shrinkage intensity lambda.var (variance vector): 1 

Estimating optimal shrinkage intensity lambda (correlation matrix): 0.398 

[1] "Round 94"
Estimating optimal shrinkage intensity lambda.var (variance vector): 1 

Estimating optimal shrinkage intensity lambda (correlation matrix): 0.3658 

Estimating optimal shrinkage intensity lambda.var (variance vector): 1 

Estimating optimal shrinkage intensity lambda (correlation matrix): 0.3205 

[1] "Round 96"
Estimating optimal shrinkage intensity lambda.var (variance vector): 1 

Estimating optimal shrinkage intensity lambda (correlation matrix): 0.3535 

Estimating optimal shrinkage intensity lambda.var (variance vector): 0.872 

Estimating optimal shrinkage intensity lambda (correlation matrix): 0.3518 

[1] "Round 98"
Estimating optimal shrinkage intensity lambda.var (variance vector): 0.9368 

Estimating optimal shrinkage intensity lambda (correlation matrix): 0.3622 

Estimating optimal shrinkage intensity lambda.var (variance vector): 1 

Estimating optimal shrinkage intensity lambda (correlation matrix): 0.3181 

[1] "Round 100"
Estimating optimal shrinkage intensity lambda.var (variance vector): 0.9363 

Estimating optimal shrinkage intensity lambda (correlation matrix): 0.3582 

[1] "data/Debi+lognormal_n100_p100_tau12.5_rho0.5_sigma0.5_Nsim100"
                       lambda       SE       PE      linf        FPR       FNR
bootstrap_mean     0.43111705 176.4857 270.2319 2.3852499 0.38585106 0.5900000
bootstrap_mean_std 0.01292031 113.8652 176.3564 0.3148905 0.02575075 0.0311057
                         TPR      sum_beta
bootstrap_mean     0.4100000 -2.086005e-18
bootstrap_mean_std 0.0311057  3.105366e-18
Time difference of 1.491408 mins
