Loading required package: Matrix
Loaded glmnet 4.1-8
Loaded lars 1.3

Estimating optimal shrinkage intensity lambda.var (variance vector): 0.8245 

Estimating optimal shrinkage intensity lambda (correlation matrix): 0.39 

[1] "Round 2"
Estimating optimal shrinkage intensity lambda.var (variance vector): 0.7387 

Estimating optimal shrinkage intensity lambda (correlation matrix): 0.3686 

Estimating optimal shrinkage intensity lambda.var (variance vector): 0.9168 

Estimating optimal shrinkage intensity lambda (correlation matrix): 0.3782 

[1] "Round 4"
Estimating optimal shrinkage intensity lambda.var (variance vector): 0.8019 

Estimating optimal shrinkage intensity lambda (correlation matrix): 0.3656 

Estimating optimal shrinkage intensity lambda.var (variance vector): 0.7531 

Estimating optimal shrinkage intensity lambda (correlation matrix): 0.4181 

[1] "Round 6"
Estimating optimal shrinkage intensity lambda.var (variance vector): 0.861 

Estimating optimal shrinkage intensity lambda (correlation matrix): 0.478 

Estimating optimal shrinkage intensity lambda.var (variance vector): 1 

Estimating optimal shrinkage intensity lambda (correlation matrix): 0.4753 

[1] "Round 8"
Estimating optimal shrinkage intensity lambda.var (variance vector): 0.7733 

Estimating optimal shrinkage intensity lambda (correlation matrix): 0.4493 

Estimating optimal shrinkage intensity lambda.var (variance vector): 0.6463 

Estimating optimal shrinkage intensity lambda (correlation matrix): 0.3688 

[1] "Round 10"
Estimating optimal shrinkage intensity lambda.var (variance vector): 0.8012 

Estimating optimal shrinkage intensity lambda (correlation matrix): 0.433 

Estimating optimal shrinkage intensity lambda.var (variance vector): 0.7196 

Estimating optimal shrinkage intensity lambda (correlation matrix): 0.4306 

[1] "Round 12"
Estimating optimal shrinkage intensity lambda.var (variance vector): 0.7744 

Estimating optimal shrinkage intensity lambda (correlation matrix): 0.3867 

Estimating optimal shrinkage intensity lambda.var (variance vector): 0.7146 

Estimating optimal shrinkage intensity lambda (correlation matrix): 0.4324 

[1] "Round 14"
Estimating optimal shrinkage intensity lambda.var (variance vector): 0.7894 

Estimating optimal shrinkage intensity lambda (correlation matrix): 0.45 

Estimating optimal shrinkage intensity lambda.var (variance vector): 0.9475 

Estimating optimal shrinkage intensity lambda (correlation matrix): 0.4795 

[1] "Round 16"
Estimating optimal shrinkage intensity lambda.var (variance vector): 0.6883 

Estimating optimal shrinkage intensity lambda (correlation matrix): 0.4509 

Estimating optimal shrinkage intensity lambda.var (variance vector): 0.6974 

Estimating optimal shrinkage intensity lambda (correlation matrix): 0.366 

[1] "Round 18"
Estimating optimal shrinkage intensity lambda.var (variance vector): 0.7712 

Estimating optimal shrinkage intensity lambda (correlation matrix): 0.4168 

Estimating optimal shrinkage intensity lambda.var (variance vector): 0.8731 

Estimating optimal shrinkage intensity lambda (correlation matrix): 0.4238 

[1] "Round 20"
Estimating optimal shrinkage intensity lambda.var (variance vector): 0.5964 

Estimating optimal shrinkage intensity lambda (correlation matrix): 0.3898 

Estimating optimal shrinkage intensity lambda.var (variance vector): 1 

Estimating optimal shrinkage intensity lambda (correlation matrix): 0.461 

[1] "Round 22"
Estimating optimal shrinkage intensity lambda.var (variance vector): 0.7009 

Estimating optimal shrinkage intensity lambda (correlation matrix): 0.4002 

Estimating optimal shrinkage intensity lambda.var (variance vector): 0.8298 

Estimating optimal shrinkage intensity lambda (correlation matrix): 0.4464 

[1] "Round 24"
Estimating optimal shrinkage intensity lambda.var (variance vector): 0.8104 

Estimating optimal shrinkage intensity lambda (correlation matrix): 0.4234 

Estimating optimal shrinkage intensity lambda.var (variance vector): 0.8206 

Estimating optimal shrinkage intensity lambda (correlation matrix): 0.4448 

[1] "Round 26"
Estimating optimal shrinkage intensity lambda.var (variance vector): 0.7807 

Estimating optimal shrinkage intensity lambda (correlation matrix): 0.4998 

Estimating optimal shrinkage intensity lambda.var (variance vector): 0.787 

Estimating optimal shrinkage intensity lambda (correlation matrix): 0.382 

[1] "Round 28"
Estimating optimal shrinkage intensity lambda.var (variance vector): 0.8295 

Estimating optimal shrinkage intensity lambda (correlation matrix): 0.4268 

Estimating optimal shrinkage intensity lambda.var (variance vector): 0.7282 

Estimating optimal shrinkage intensity lambda (correlation matrix): 0.5024 

[1] "Round 30"
Estimating optimal shrinkage intensity lambda.var (variance vector): 0.723 

Estimating optimal shrinkage intensity lambda (correlation matrix): 0.3995 

Estimating optimal shrinkage intensity lambda.var (variance vector): 0.7862 

Estimating optimal shrinkage intensity lambda (correlation matrix): 0.4109 

[1] "Round 32"
Estimating optimal shrinkage intensity lambda.var (variance vector): 0.8467 

Estimating optimal shrinkage intensity lambda (correlation matrix): 0.4445 

Estimating optimal shrinkage intensity lambda.var (variance vector): 0.7369 

Estimating optimal shrinkage intensity lambda (correlation matrix): 0.4263 

[1] "Round 34"
Estimating optimal shrinkage intensity lambda.var (variance vector): 0.6762 

Estimating optimal shrinkage intensity lambda (correlation matrix): 0.4654 

Estimating optimal shrinkage intensity lambda.var (variance vector): 0.8109 

Estimating optimal shrinkage intensity lambda (correlation matrix): 0.4724 

[1] "Round 36"
Estimating optimal shrinkage intensity lambda.var (variance vector): 0.7216 

Estimating optimal shrinkage intensity lambda (correlation matrix): 0.4586 

Estimating optimal shrinkage intensity lambda.var (variance vector): 0.8013 

Estimating optimal shrinkage intensity lambda (correlation matrix): 0.3844 

[1] "Round 38"
Estimating optimal shrinkage intensity lambda.var (variance vector): 0.7973 

Estimating optimal shrinkage intensity lambda (correlation matrix): 0.3992 

Estimating optimal shrinkage intensity lambda.var (variance vector): 0.9608 

Estimating optimal shrinkage intensity lambda (correlation matrix): 0.4513 

[1] "Round 40"
Estimating optimal shrinkage intensity lambda.var (variance vector): 0.7205 

Estimating optimal shrinkage intensity lambda (correlation matrix): 0.4058 

Estimating optimal shrinkage intensity lambda.var (variance vector): 0.8622 

Estimating optimal shrinkage intensity lambda (correlation matrix): 0.4216 

[1] "Round 42"
Estimating optimal shrinkage intensity lambda.var (variance vector): 0.7817 

Estimating optimal shrinkage intensity lambda (correlation matrix): 0.385 

Estimating optimal shrinkage intensity lambda.var (variance vector): 0.8359 

Estimating optimal shrinkage intensity lambda (correlation matrix): 0.4036 

[1] "Round 44"
Estimating optimal shrinkage intensity lambda.var (variance vector): 0.9608 

Estimating optimal shrinkage intensity lambda (correlation matrix): 0.3721 

Estimating optimal shrinkage intensity lambda.var (variance vector): 0.8464 

Estimating optimal shrinkage intensity lambda (correlation matrix): 0.3785 

[1] "Round 46"
Estimating optimal shrinkage intensity lambda.var (variance vector): 0.7129 

Estimating optimal shrinkage intensity lambda (correlation matrix): 0.455 

Estimating optimal shrinkage intensity lambda.var (variance vector): 0.6367 

Estimating optimal shrinkage intensity lambda (correlation matrix): 0.4029 

[1] "Round 48"
Estimating optimal shrinkage intensity lambda.var (variance vector): 0.8017 

Estimating optimal shrinkage intensity lambda (correlation matrix): 0.4178 

Estimating optimal shrinkage intensity lambda.var (variance vector): 0.8295 

Estimating optimal shrinkage intensity lambda (correlation matrix): 0.4339 

[1] "Round 50"
Estimating optimal shrinkage intensity lambda.var (variance vector): 0.8647 

Estimating optimal shrinkage intensity lambda (correlation matrix): 0.4512 

Estimating optimal shrinkage intensity lambda.var (variance vector): 0.9022 

Estimating optimal shrinkage intensity lambda (correlation matrix): 0.4151 

[1] "Round 52"
Estimating optimal shrinkage intensity lambda.var (variance vector): 0.8832 

Estimating optimal shrinkage intensity lambda (correlation matrix): 0.3592 

Estimating optimal shrinkage intensity lambda.var (variance vector): 0.7026 

Estimating optimal shrinkage intensity lambda (correlation matrix): 0.4549 

[1] "Round 54"
Estimating optimal shrinkage intensity lambda.var (variance vector): 0.6812 

Estimating optimal shrinkage intensity lambda (correlation matrix): 0.4619 

Estimating optimal shrinkage intensity lambda.var (variance vector): 0.6138 

Estimating optimal shrinkage intensity lambda (correlation matrix): 0.4776 

[1] "Round 56"
Estimating optimal shrinkage intensity lambda.var (variance vector): 0.783 

Estimating optimal shrinkage intensity lambda (correlation matrix): 0.3899 

Estimating optimal shrinkage intensity lambda.var (variance vector): 0.7632 

Estimating optimal shrinkage intensity lambda (correlation matrix): 0.3762 

[1] "Round 58"
Estimating optimal shrinkage intensity lambda.var (variance vector): 0.7684 

Estimating optimal shrinkage intensity lambda (correlation matrix): 0.4442 

Estimating optimal shrinkage intensity lambda.var (variance vector): 0.8169 

Estimating optimal shrinkage intensity lambda (correlation matrix): 0.3351 

[1] "Round 60"
Estimating optimal shrinkage intensity lambda.var (variance vector): 0.899 

Estimating optimal shrinkage intensity lambda (correlation matrix): 0.3776 

Estimating optimal shrinkage intensity lambda.var (variance vector): 0.633 

Estimating optimal shrinkage intensity lambda (correlation matrix): 0.3647 

[1] "Round 62"
Estimating optimal shrinkage intensity lambda.var (variance vector): 0.6558 

Estimating optimal shrinkage intensity lambda (correlation matrix): 0.5085 

Estimating optimal shrinkage intensity lambda.var (variance vector): 0.8672 

Estimating optimal shrinkage intensity lambda (correlation matrix): 0.4331 

[1] "Round 64"
Estimating optimal shrinkage intensity lambda.var (variance vector): 0.7479 

Estimating optimal shrinkage intensity lambda (correlation matrix): 0.3996 

Estimating optimal shrinkage intensity lambda.var (variance vector): 0.8845 

Estimating optimal shrinkage intensity lambda (correlation matrix): 0.4422 

[1] "Round 66"
Estimating optimal shrinkage intensity lambda.var (variance vector): 0.734 

Estimating optimal shrinkage intensity lambda (correlation matrix): 0.4361 

Estimating optimal shrinkage intensity lambda.var (variance vector): 0.7086 

Estimating optimal shrinkage intensity lambda (correlation matrix): 0.3537 

[1] "Round 68"
Estimating optimal shrinkage intensity lambda.var (variance vector): 0.6848 

Estimating optimal shrinkage intensity lambda (correlation matrix): 0.4455 

Estimating optimal shrinkage intensity lambda.var (variance vector): 0.6732 

Estimating optimal shrinkage intensity lambda (correlation matrix): 0.4231 

[1] "Round 70"
Estimating optimal shrinkage intensity lambda.var (variance vector): 0.7993 

Estimating optimal shrinkage intensity lambda (correlation matrix): 0.4015 

Estimating optimal shrinkage intensity lambda.var (variance vector): 0.8895 

Estimating optimal shrinkage intensity lambda (correlation matrix): 0.4424 

[1] "Round 72"
Estimating optimal shrinkage intensity lambda.var (variance vector): 0.7006 

Estimating optimal shrinkage intensity lambda (correlation matrix): 0.4334 

Estimating optimal shrinkage intensity lambda.var (variance vector): 0.7064 

Estimating optimal shrinkage intensity lambda (correlation matrix): 0.3443 

[1] "Round 74"
Estimating optimal shrinkage intensity lambda.var (variance vector): 0.8526 

Estimating optimal shrinkage intensity lambda (correlation matrix): 0.3219 

Estimating optimal shrinkage intensity lambda.var (variance vector): 0.7376 

Estimating optimal shrinkage intensity lambda (correlation matrix): 0.4214 

[1] "Round 76"
Estimating optimal shrinkage intensity lambda.var (variance vector): 0.7338 

Estimating optimal shrinkage intensity lambda (correlation matrix): 0.3874 

Estimating optimal shrinkage intensity lambda.var (variance vector): 0.8412 

Estimating optimal shrinkage intensity lambda (correlation matrix): 0.3837 

[1] "Round 78"
Estimating optimal shrinkage intensity lambda.var (variance vector): 0.6662 

Estimating optimal shrinkage intensity lambda (correlation matrix): 0.407 

Estimating optimal shrinkage intensity lambda.var (variance vector): 1 

Estimating optimal shrinkage intensity lambda (correlation matrix): 0.422 

[1] "Round 80"
Estimating optimal shrinkage intensity lambda.var (variance vector): 0.648 

Estimating optimal shrinkage intensity lambda (correlation matrix): 0.4131 

Estimating optimal shrinkage intensity lambda.var (variance vector): 0.6186 

Estimating optimal shrinkage intensity lambda (correlation matrix): 0.4107 

[1] "Round 82"
Estimating optimal shrinkage intensity lambda.var (variance vector): 0.791 

Estimating optimal shrinkage intensity lambda (correlation matrix): 0.4012 

Estimating optimal shrinkage intensity lambda.var (variance vector): 0.6862 

Estimating optimal shrinkage intensity lambda (correlation matrix): 0.4608 

[1] "Round 84"
Estimating optimal shrinkage intensity lambda.var (variance vector): 0.7091 

Estimating optimal shrinkage intensity lambda (correlation matrix): 0.4871 

Estimating optimal shrinkage intensity lambda.var (variance vector): 0.8599 

Estimating optimal shrinkage intensity lambda (correlation matrix): 0.3905 

[1] "Round 86"
Estimating optimal shrinkage intensity lambda.var (variance vector): 0.8128 

Estimating optimal shrinkage intensity lambda (correlation matrix): 0.4364 

Estimating optimal shrinkage intensity lambda.var (variance vector): 0.7059 

Estimating optimal shrinkage intensity lambda (correlation matrix): 0.4385 

[1] "Round 88"
Estimating optimal shrinkage intensity lambda.var (variance vector): 0.6086 

Estimating optimal shrinkage intensity lambda (correlation matrix): 0.42 

Estimating optimal shrinkage intensity lambda.var (variance vector): 0.5908 

Estimating optimal shrinkage intensity lambda (correlation matrix): 0.3904 

[1] "Round 90"
Estimating optimal shrinkage intensity lambda.var (variance vector): 0.7591 

Estimating optimal shrinkage intensity lambda (correlation matrix): 0.4288 

Estimating optimal shrinkage intensity lambda.var (variance vector): 0.8344 

Estimating optimal shrinkage intensity lambda (correlation matrix): 0.3549 

[1] "Round 92"
Estimating optimal shrinkage intensity lambda.var (variance vector): 0.7002 

Estimating optimal shrinkage intensity lambda (correlation matrix): 0.5236 

Estimating optimal shrinkage intensity lambda.var (variance vector): 0.9549 

Estimating optimal shrinkage intensity lambda (correlation matrix): 0.4564 

[1] "Round 94"
Estimating optimal shrinkage intensity lambda.var (variance vector): 0.7153 

Estimating optimal shrinkage intensity lambda (correlation matrix): 0.356 

Estimating optimal shrinkage intensity lambda.var (variance vector): 0.8401 

Estimating optimal shrinkage intensity lambda (correlation matrix): 0.471 

[1] "Round 96"
Estimating optimal shrinkage intensity lambda.var (variance vector): 0.6724 

Estimating optimal shrinkage intensity lambda (correlation matrix): 0.4227 

Estimating optimal shrinkage intensity lambda.var (variance vector): 0.5975 

Estimating optimal shrinkage intensity lambda (correlation matrix): 0.4391 

[1] "Round 98"
Estimating optimal shrinkage intensity lambda.var (variance vector): 0.869 

Estimating optimal shrinkage intensity lambda (correlation matrix): 0.4301 

Estimating optimal shrinkage intensity lambda.var (variance vector): 0.8422 

Estimating optimal shrinkage intensity lambda (correlation matrix): 0.4343 

[1] "Round 100"
Estimating optimal shrinkage intensity lambda.var (variance vector): 0.7514 

Estimating optimal shrinkage intensity lambda (correlation matrix): 0.333 

[1] "data/Debi+lognormal_n100_p100_tau0.1_rho0.5_sigma0.5_Nsim100"
                         lambda         SE         PE        linf         FPR
bootstrap_mean     0.0345768306 0.36041884 0.33244295 0.225679005 0.050744681
bootstrap_mean_std 0.0009074939 0.01029365 0.02580241 0.005985161 0.002511366
                   FNR TPR      sum_beta
bootstrap_mean       0   1 -1.207530e-19
bootstrap_mean_std   0   0  2.767861e-19
Time difference of 1.118203 mins
Estimating optimal shrinkage intensity lambda.var (variance vector): 0.8486 

Estimating optimal shrinkage intensity lambda (correlation matrix): 0.4286 

[1] "Round 2"
Estimating optimal shrinkage intensity lambda.var (variance vector): 0.7436 

Estimating optimal shrinkage intensity lambda (correlation matrix): 0.3865 

Estimating optimal shrinkage intensity lambda.var (variance vector): 0.9787 

Estimating optimal shrinkage intensity lambda (correlation matrix): 0.4191 

[1] "Round 4"
Estimating optimal shrinkage intensity lambda.var (variance vector): 0.8585 

Estimating optimal shrinkage intensity lambda (correlation matrix): 0.3969 

Estimating optimal shrinkage intensity lambda.var (variance vector): 0.7528 

Estimating optimal shrinkage intensity lambda (correlation matrix): 0.4381 

[1] "Round 6"
Estimating optimal shrinkage intensity lambda.var (variance vector): 0.8726 

Estimating optimal shrinkage intensity lambda (correlation matrix): 0.5029 

Estimating optimal shrinkage intensity lambda.var (variance vector): 0.9163 

Estimating optimal shrinkage intensity lambda (correlation matrix): 0.5019 

[1] "Round 8"
Estimating optimal shrinkage intensity lambda.var (variance vector): 0.7741 

Estimating optimal shrinkage intensity lambda (correlation matrix): 0.4803 

Estimating optimal shrinkage intensity lambda.var (variance vector): 0.7209 

Estimating optimal shrinkage intensity lambda (correlation matrix): 0.3847 

[1] "Round 10"
Estimating optimal shrinkage intensity lambda.var (variance vector): 0.8405 

Estimating optimal shrinkage intensity lambda (correlation matrix): 0.4379 

Estimating optimal shrinkage intensity lambda.var (variance vector): 0.738 

Estimating optimal shrinkage intensity lambda (correlation matrix): 0.4341 

[1] "Round 12"
Estimating optimal shrinkage intensity lambda.var (variance vector): 0.7965 

Estimating optimal shrinkage intensity lambda (correlation matrix): 0.4178 

Estimating optimal shrinkage intensity lambda.var (variance vector): 0.7514 

Estimating optimal shrinkage intensity lambda (correlation matrix): 0.4577 

[1] "Round 14"
Estimating optimal shrinkage intensity lambda.var (variance vector): 0.7645 

Estimating optimal shrinkage intensity lambda (correlation matrix): 0.474 

Estimating optimal shrinkage intensity lambda.var (variance vector): 0.954 

Estimating optimal shrinkage intensity lambda (correlation matrix): 0.5076 

[1] "Round 16"
Estimating optimal shrinkage intensity lambda.var (variance vector): 0.7082 

Estimating optimal shrinkage intensity lambda (correlation matrix): 0.4691 

Estimating optimal shrinkage intensity lambda.var (variance vector): 0.6946 

Estimating optimal shrinkage intensity lambda (correlation matrix): 0.4097 

[1] "Round 18"
Estimating optimal shrinkage intensity lambda.var (variance vector): 0.7748 

Estimating optimal shrinkage intensity lambda (correlation matrix): 0.44 

Estimating optimal shrinkage intensity lambda.var (variance vector): 0.8959 

Estimating optimal shrinkage intensity lambda (correlation matrix): 0.4465 

[1] "Round 20"
Estimating optimal shrinkage intensity lambda.var (variance vector): 0.6432 

Estimating optimal shrinkage intensity lambda (correlation matrix): 0.4407 

Estimating optimal shrinkage intensity lambda.var (variance vector): 0.973 

Estimating optimal shrinkage intensity lambda (correlation matrix): 0.4832 

[1] "Round 22"
Estimating optimal shrinkage intensity lambda.var (variance vector): 0.7184 

Estimating optimal shrinkage intensity lambda (correlation matrix): 0.4323 

Estimating optimal shrinkage intensity lambda.var (variance vector): 0.8781 

Estimating optimal shrinkage intensity lambda (correlation matrix): 0.4818 

[1] "Round 24"
Estimating optimal shrinkage intensity lambda.var (variance vector): 0.8676 

Estimating optimal shrinkage intensity lambda (correlation matrix): 0.4318 

Estimating optimal shrinkage intensity lambda.var (variance vector): 0.8909 

Estimating optimal shrinkage intensity lambda (correlation matrix): 0.4694 

[1] "Round 26"
Estimating optimal shrinkage intensity lambda.var (variance vector): 0.7857 

Estimating optimal shrinkage intensity lambda (correlation matrix): 0.5272 

Estimating optimal shrinkage intensity lambda.var (variance vector): 0.8197 

Estimating optimal shrinkage intensity lambda (correlation matrix): 0.4085 

[1] "Round 28"
Estimating optimal shrinkage intensity lambda.var (variance vector): 0.9039 

Estimating optimal shrinkage intensity lambda (correlation matrix): 0.4407 

Estimating optimal shrinkage intensity lambda.var (variance vector): 0.773 

Estimating optimal shrinkage intensity lambda (correlation matrix): 0.5164 

[1] "Round 30"
Estimating optimal shrinkage intensity lambda.var (variance vector): 0.7424 

Estimating optimal shrinkage intensity lambda (correlation matrix): 0.4433 

Estimating optimal shrinkage intensity lambda.var (variance vector): 0.7888 

Estimating optimal shrinkage intensity lambda (correlation matrix): 0.4387 

[1] "Round 32"
Estimating optimal shrinkage intensity lambda.var (variance vector): 0.8019 

Estimating optimal shrinkage intensity lambda (correlation matrix): 0.4782 

Estimating optimal shrinkage intensity lambda.var (variance vector): 0.7572 

Estimating optimal shrinkage intensity lambda (correlation matrix): 0.4718 

[1] "Round 34"
Estimating optimal shrinkage intensity lambda.var (variance vector): 0.7339 

Estimating optimal shrinkage intensity lambda (correlation matrix): 0.5168 

Estimating optimal shrinkage intensity lambda.var (variance vector): 0.8117 

Estimating optimal shrinkage intensity lambda (correlation matrix): 0.5028 

[1] "Round 36"
Estimating optimal shrinkage intensity lambda.var (variance vector): 0.6944 

Estimating optimal shrinkage intensity lambda (correlation matrix): 0.4873 

Estimating optimal shrinkage intensity lambda.var (variance vector): 0.7772 

Estimating optimal shrinkage intensity lambda (correlation matrix): 0.4015 

[1] "Round 38"
Estimating optimal shrinkage intensity lambda.var (variance vector): 0.7908 

Estimating optimal shrinkage intensity lambda (correlation matrix): 0.431 

Estimating optimal shrinkage intensity lambda.var (variance vector): 0.9617 

Estimating optimal shrinkage intensity lambda (correlation matrix): 0.4547 

[1] "Round 40"
Estimating optimal shrinkage intensity lambda.var (variance vector): 0.7537 

Estimating optimal shrinkage intensity lambda (correlation matrix): 0.4234 

Estimating optimal shrinkage intensity lambda.var (variance vector): 0.8252 

Estimating optimal shrinkage intensity lambda (correlation matrix): 0.4574 

[1] "Round 42"
Estimating optimal shrinkage intensity lambda.var (variance vector): 0.8244 

Estimating optimal shrinkage intensity lambda (correlation matrix): 0.3995 

Estimating optimal shrinkage intensity lambda.var (variance vector): 0.8275 

Estimating optimal shrinkage intensity lambda (correlation matrix): 0.4398 

[1] "Round 44"
Estimating optimal shrinkage intensity lambda.var (variance vector): 0.9297 

Estimating optimal shrinkage intensity lambda (correlation matrix): 0.3861 

Estimating optimal shrinkage intensity lambda.var (variance vector): 0.8905 

Estimating optimal shrinkage intensity lambda (correlation matrix): 0.3778 

[1] "Round 46"
Estimating optimal shrinkage intensity lambda.var (variance vector): 0.696 

Estimating optimal shrinkage intensity lambda (correlation matrix): 0.4732 

Estimating optimal shrinkage intensity lambda.var (variance vector): 0.672 

Estimating optimal shrinkage intensity lambda (correlation matrix): 0.3976 

[1] "Round 48"
Estimating optimal shrinkage intensity lambda.var (variance vector): 0.8149 

Estimating optimal shrinkage intensity lambda (correlation matrix): 0.4262 

Estimating optimal shrinkage intensity lambda.var (variance vector): 0.772 

Estimating optimal shrinkage intensity lambda (correlation matrix): 0.4691 

[1] "Round 50"
Estimating optimal shrinkage intensity lambda.var (variance vector): 0.8138 

Estimating optimal shrinkage intensity lambda (correlation matrix): 0.4554 

Estimating optimal shrinkage intensity lambda.var (variance vector): 0.8541 

Estimating optimal shrinkage intensity lambda (correlation matrix): 0.4463 

[1] "Round 52"
Estimating optimal shrinkage intensity lambda.var (variance vector): 0.8999 

Estimating optimal shrinkage intensity lambda (correlation matrix): 0.3828 

Estimating optimal shrinkage intensity lambda.var (variance vector): 0.7174 

Estimating optimal shrinkage intensity lambda (correlation matrix): 0.4728 

[1] "Round 54"
Estimating optimal shrinkage intensity lambda.var (variance vector): 0.6715 

Estimating optimal shrinkage intensity lambda (correlation matrix): 0.4937 

Estimating optimal shrinkage intensity lambda.var (variance vector): 0.6303 

Estimating optimal shrinkage intensity lambda (correlation matrix): 0.5062 

[1] "Round 56"
Estimating optimal shrinkage intensity lambda.var (variance vector): 0.7891 

Estimating optimal shrinkage intensity lambda (correlation matrix): 0.4081 

Estimating optimal shrinkage intensity lambda.var (variance vector): 0.7773 

Estimating optimal shrinkage intensity lambda (correlation matrix): 0.4051 

[1] "Round 58"
Estimating optimal shrinkage intensity lambda.var (variance vector): 0.7806 

Estimating optimal shrinkage intensity lambda (correlation matrix): 0.4735 

Estimating optimal shrinkage intensity lambda.var (variance vector): 0.8472 

Estimating optimal shrinkage intensity lambda (correlation matrix): 0.3641 

[1] "Round 60"
Estimating optimal shrinkage intensity lambda.var (variance vector): 0.9085 

Estimating optimal shrinkage intensity lambda (correlation matrix): 0.3951 

Estimating optimal shrinkage intensity lambda.var (variance vector): 0.6565 

Estimating optimal shrinkage intensity lambda (correlation matrix): 0.3872 

[1] "Round 62"
Estimating optimal shrinkage intensity lambda.var (variance vector): 0.6761 

Estimating optimal shrinkage intensity lambda (correlation matrix): 0.5344 

Estimating optimal shrinkage intensity lambda.var (variance vector): 0.8614 

Estimating optimal shrinkage intensity lambda (correlation matrix): 0.4619 

[1] "Round 64"
Estimating optimal shrinkage intensity lambda.var (variance vector): 0.7546 

Estimating optimal shrinkage intensity lambda (correlation matrix): 0.4266 

Estimating optimal shrinkage intensity lambda.var (variance vector): 0.906 

Estimating optimal shrinkage intensity lambda (correlation matrix): 0.4689 

[1] "Round 66"
Estimating optimal shrinkage intensity lambda.var (variance vector): 0.7415 

Estimating optimal shrinkage intensity lambda (correlation matrix): 0.4579 

Estimating optimal shrinkage intensity lambda.var (variance vector): 0.7112 

Estimating optimal shrinkage intensity lambda (correlation matrix): 0.3832 

[1] "Round 68"
Estimating optimal shrinkage intensity lambda.var (variance vector): 0.727 

Estimating optimal shrinkage intensity lambda (correlation matrix): 0.451 

Estimating optimal shrinkage intensity lambda.var (variance vector): 0.6411 

Estimating optimal shrinkage intensity lambda (correlation matrix): 0.4443 

[1] "Round 70"
Estimating optimal shrinkage intensity lambda.var (variance vector): 0.8677 

Estimating optimal shrinkage intensity lambda (correlation matrix): 0.43 

Estimating optimal shrinkage intensity lambda.var (variance vector): 0.9483 

Estimating optimal shrinkage intensity lambda (correlation matrix): 0.4566 

[1] "Round 72"
Estimating optimal shrinkage intensity lambda.var (variance vector): 0.7555 

Estimating optimal shrinkage intensity lambda (correlation matrix): 0.4504 

Estimating optimal shrinkage intensity lambda.var (variance vector): 0.6984 

Estimating optimal shrinkage intensity lambda (correlation matrix): 0.3688 

[1] "Round 74"
Estimating optimal shrinkage intensity lambda.var (variance vector): 0.8651 

Estimating optimal shrinkage intensity lambda (correlation matrix): 0.3332 

Estimating optimal shrinkage intensity lambda.var (variance vector): 0.7686 

Estimating optimal shrinkage intensity lambda (correlation matrix): 0.4461 

[1] "Round 76"
Estimating optimal shrinkage intensity lambda.var (variance vector): 0.7713 

Estimating optimal shrinkage intensity lambda (correlation matrix): 0.4093 

Estimating optimal shrinkage intensity lambda.var (variance vector): 0.8594 

Estimating optimal shrinkage intensity lambda (correlation matrix): 0.4144 

[1] "Round 78"
Estimating optimal shrinkage intensity lambda.var (variance vector): 0.7022 

Estimating optimal shrinkage intensity lambda (correlation matrix): 0.4232 

Estimating optimal shrinkage intensity lambda.var (variance vector): 0.9994 

Estimating optimal shrinkage intensity lambda (correlation matrix): 0.4584 

[1] "Round 80"
Estimating optimal shrinkage intensity lambda.var (variance vector): 0.6918 

Estimating optimal shrinkage intensity lambda (correlation matrix): 0.4348 

Estimating optimal shrinkage intensity lambda.var (variance vector): 0.6725 

Estimating optimal shrinkage intensity lambda (correlation matrix): 0.4338 

[1] "Round 82"
Estimating optimal shrinkage intensity lambda.var (variance vector): 0.7494 

Estimating optimal shrinkage intensity lambda (correlation matrix): 0.4226 

Estimating optimal shrinkage intensity lambda.var (variance vector): 0.7087 

Estimating optimal shrinkage intensity lambda (correlation matrix): 0.4729 

[1] "Round 84"
Estimating optimal shrinkage intensity lambda.var (variance vector): 0.7608 

Estimating optimal shrinkage intensity lambda (correlation matrix): 0.5225 

Estimating optimal shrinkage intensity lambda.var (variance vector): 0.8115 

Estimating optimal shrinkage intensity lambda (correlation matrix): 0.4059 

[1] "Round 86"
Estimating optimal shrinkage intensity lambda.var (variance vector): 0.8475 

Estimating optimal shrinkage intensity lambda (correlation matrix): 0.4481 

Estimating optimal shrinkage intensity lambda.var (variance vector): 0.7203 

Estimating optimal shrinkage intensity lambda (correlation matrix): 0.4524 

[1] "Round 88"
Estimating optimal shrinkage intensity lambda.var (variance vector): 0.6756 

Estimating optimal shrinkage intensity lambda (correlation matrix): 0.4517 

Estimating optimal shrinkage intensity lambda.var (variance vector): 0.6291 

Estimating optimal shrinkage intensity lambda (correlation matrix): 0.4024 

[1] "Round 90"
Estimating optimal shrinkage intensity lambda.var (variance vector): 0.7762 

Estimating optimal shrinkage intensity lambda (correlation matrix): 0.4371 

Estimating optimal shrinkage intensity lambda.var (variance vector): 0.8776 

Estimating optimal shrinkage intensity lambda (correlation matrix): 0.3734 

[1] "Round 92"
Estimating optimal shrinkage intensity lambda.var (variance vector): 0.693 

Estimating optimal shrinkage intensity lambda (correlation matrix): 0.5615 

Estimating optimal shrinkage intensity lambda.var (variance vector): 0.9623 

Estimating optimal shrinkage intensity lambda (correlation matrix): 0.4708 

[1] "Round 94"
Estimating optimal shrinkage intensity lambda.var (variance vector): 0.7414 

Estimating optimal shrinkage intensity lambda (correlation matrix): 0.3683 

Estimating optimal shrinkage intensity lambda.var (variance vector): 0.8445 

Estimating optimal shrinkage intensity lambda (correlation matrix): 0.4918 

[1] "Round 96"
Estimating optimal shrinkage intensity lambda.var (variance vector): 0.6641 

Estimating optimal shrinkage intensity lambda (correlation matrix): 0.4431 

Estimating optimal shrinkage intensity lambda.var (variance vector): 0.6741 

Estimating optimal shrinkage intensity lambda (correlation matrix): 0.4779 

[1] "Round 98"
Estimating optimal shrinkage intensity lambda.var (variance vector): 0.8556 

Estimating optimal shrinkage intensity lambda (correlation matrix): 0.4607 

Estimating optimal shrinkage intensity lambda.var (variance vector): 0.8534 

Estimating optimal shrinkage intensity lambda (correlation matrix): 0.479 

[1] "Round 100"
Estimating optimal shrinkage intensity lambda.var (variance vector): 0.7744 

Estimating optimal shrinkage intensity lambda (correlation matrix): 0.3363 

[1] "data/Debi+lognormal_n100_p100_tau0.3_rho0.5_sigma0.5_Nsim100"
                        lambda         SE         PE       linf         FPR
bootstrap_mean     0.060775121 1.12560078 0.86659299 0.42721338 0.056702128
bootstrap_mean_std 0.002137894 0.03020715 0.06735855 0.01090655 0.002248121
                           FNR        TPR      sum_beta
bootstrap_mean     0.006666667 0.99333333 -1.307819e-19
bootstrap_mean_std 0.003282440 0.00328244  5.328136e-19
Time difference of 1.193647 mins
Estimating optimal shrinkage intensity lambda.var (variance vector): 0.8793 

Estimating optimal shrinkage intensity lambda (correlation matrix): 0.4806 

[1] "Round 2"
Estimating optimal shrinkage intensity lambda.var (variance vector): 0.7742 

Estimating optimal shrinkage intensity lambda (correlation matrix): 0.4218 

Estimating optimal shrinkage intensity lambda.var (variance vector): 1 

Estimating optimal shrinkage intensity lambda (correlation matrix): 0.4835 

[1] "Round 4"
Estimating optimal shrinkage intensity lambda.var (variance vector): 0.9328 

Estimating optimal shrinkage intensity lambda (correlation matrix): 0.4439 

Estimating optimal shrinkage intensity lambda.var (variance vector): 0.7715 

Estimating optimal shrinkage intensity lambda (correlation matrix): 0.4787 

[1] "Round 6"
Estimating optimal shrinkage intensity lambda.var (variance vector): 0.8703 

Estimating optimal shrinkage intensity lambda (correlation matrix): 0.5484 

Estimating optimal shrinkage intensity lambda.var (variance vector): 0.8471 

Estimating optimal shrinkage intensity lambda (correlation matrix): 0.5495 

[1] "Round 8"
Estimating optimal shrinkage intensity lambda.var (variance vector): 0.7686 

Estimating optimal shrinkage intensity lambda (correlation matrix): 0.5306 

Estimating optimal shrinkage intensity lambda.var (variance vector): 0.8241 

Estimating optimal shrinkage intensity lambda (correlation matrix): 0.416 

[1] "Round 10"
Estimating optimal shrinkage intensity lambda.var (variance vector): 0.9152 

Estimating optimal shrinkage intensity lambda (correlation matrix): 0.4533 

Estimating optimal shrinkage intensity lambda.var (variance vector): 0.7483 

Estimating optimal shrinkage intensity lambda (correlation matrix): 0.4401 

[1] "Round 12"
Estimating optimal shrinkage intensity lambda.var (variance vector): 0.8577 

Estimating optimal shrinkage intensity lambda (correlation matrix): 0.4647 

Estimating optimal shrinkage intensity lambda.var (variance vector): 0.8274 

Estimating optimal shrinkage intensity lambda (correlation matrix): 0.5021 

[1] "Round 14"
Estimating optimal shrinkage intensity lambda.var (variance vector): 0.7646 

Estimating optimal shrinkage intensity lambda (correlation matrix): 0.5144 

Estimating optimal shrinkage intensity lambda.var (variance vector): 0.9395 

Estimating optimal shrinkage intensity lambda (correlation matrix): 0.5599 

[1] "Round 16"
Estimating optimal shrinkage intensity lambda.var (variance vector): 0.758 

Estimating optimal shrinkage intensity lambda (correlation matrix): 0.5 

Estimating optimal shrinkage intensity lambda.var (variance vector): 0.7063 

Estimating optimal shrinkage intensity lambda (correlation matrix): 0.4737 

[1] "Round 18"
Estimating optimal shrinkage intensity lambda.var (variance vector): 0.8046 

Estimating optimal shrinkage intensity lambda (correlation matrix): 0.4784 

Estimating optimal shrinkage intensity lambda.var (variance vector): 0.9589 

Estimating optimal shrinkage intensity lambda (correlation matrix): 0.487 

[1] "Round 20"
Estimating optimal shrinkage intensity lambda.var (variance vector): 0.6962 

Estimating optimal shrinkage intensity lambda (correlation matrix): 0.5123 

Estimating optimal shrinkage intensity lambda.var (variance vector): 0.9389 

Estimating optimal shrinkage intensity lambda (correlation matrix): 0.5261 

[1] "Round 22"
Estimating optimal shrinkage intensity lambda.var (variance vector): 0.7626 

Estimating optimal shrinkage intensity lambda (correlation matrix): 0.4807 

Estimating optimal shrinkage intensity lambda.var (variance vector): 0.9378 

Estimating optimal shrinkage intensity lambda (correlation matrix): 0.5405 

[1] "Round 24"
Estimating optimal shrinkage intensity lambda.var (variance vector): 0.9233 

Estimating optimal shrinkage intensity lambda (correlation matrix): 0.4646 

Estimating optimal shrinkage intensity lambda.var (variance vector): 0.9624 

Estimating optimal shrinkage intensity lambda (correlation matrix): 0.5087 

[1] "Round 26"
Estimating optimal shrinkage intensity lambda.var (variance vector): 0.7917 

Estimating optimal shrinkage intensity lambda (correlation matrix): 0.5671 

Estimating optimal shrinkage intensity lambda.var (variance vector): 0.8514 

Estimating optimal shrinkage intensity lambda (correlation matrix): 0.4519 

[1] "Round 28"
Estimating optimal shrinkage intensity lambda.var (variance vector): 0.9642 

Estimating optimal shrinkage intensity lambda (correlation matrix): 0.4732 

Estimating optimal shrinkage intensity lambda.var (variance vector): 0.8263 

Estimating optimal shrinkage intensity lambda (correlation matrix): 0.5486 

[1] "Round 30"
Estimating optimal shrinkage intensity lambda.var (variance vector): 0.8089 

Estimating optimal shrinkage intensity lambda (correlation matrix): 0.506 

Estimating optimal shrinkage intensity lambda.var (variance vector): 0.7852 

Estimating optimal shrinkage intensity lambda (correlation matrix): 0.4825 

[1] "Round 32"
Estimating optimal shrinkage intensity lambda.var (variance vector): 0.772 

Estimating optimal shrinkage intensity lambda (correlation matrix): 0.5292 

Estimating optimal shrinkage intensity lambda.var (variance vector): 0.7706 

Estimating optimal shrinkage intensity lambda (correlation matrix): 0.5387 

[1] "Round 34"
Estimating optimal shrinkage intensity lambda.var (variance vector): 0.8074 

Estimating optimal shrinkage intensity lambda (correlation matrix): 0.58 

Estimating optimal shrinkage intensity lambda.var (variance vector): 0.8158 

Estimating optimal shrinkage intensity lambda (correlation matrix): 0.5508 

[1] "Round 36"
Estimating optimal shrinkage intensity lambda.var (variance vector): 0.6716 

Estimating optimal shrinkage intensity lambda (correlation matrix): 0.5269 

Estimating optimal shrinkage intensity lambda.var (variance vector): 0.7637 

Estimating optimal shrinkage intensity lambda (correlation matrix): 0.4358 

[1] "Round 38"
Estimating optimal shrinkage intensity lambda.var (variance vector): 0.7829 

Estimating optimal shrinkage intensity lambda (correlation matrix): 0.4805 

Estimating optimal shrinkage intensity lambda.var (variance vector): 0.9384 

Estimating optimal shrinkage intensity lambda (correlation matrix): 0.477 

[1] "Round 40"
Estimating optimal shrinkage intensity lambda.var (variance vector): 0.8032 

Estimating optimal shrinkage intensity lambda (correlation matrix): 0.4634 

Estimating optimal shrinkage intensity lambda.var (variance vector): 0.7837 

Estimating optimal shrinkage intensity lambda (correlation matrix): 0.5141 

[1] "Round 42"
Estimating optimal shrinkage intensity lambda.var (variance vector): 0.8948 

Estimating optimal shrinkage intensity lambda (correlation matrix): 0.4339 

Estimating optimal shrinkage intensity lambda.var (variance vector): 0.8439 

Estimating optimal shrinkage intensity lambda (correlation matrix): 0.4956 

[1] "Round 44"
Estimating optimal shrinkage intensity lambda.var (variance vector): 0.8967 

Estimating optimal shrinkage intensity lambda (correlation matrix): 0.4188 

Estimating optimal shrinkage intensity lambda.var (variance vector): 0.9552 

Estimating optimal shrinkage intensity lambda (correlation matrix): 0.3961 

[1] "Round 46"
Estimating optimal shrinkage intensity lambda.var (variance vector): 0.6926 

Estimating optimal shrinkage intensity lambda (correlation matrix): 0.5064 

Estimating optimal shrinkage intensity lambda.var (variance vector): 0.7135 

Estimating optimal shrinkage intensity lambda (correlation matrix): 0.4067 

[1] "Round 48"
Estimating optimal shrinkage intensity lambda.var (variance vector): 0.839 

Estimating optimal shrinkage intensity lambda (correlation matrix): 0.4452 

Estimating optimal shrinkage intensity lambda.var (variance vector): 0.7403 

Estimating optimal shrinkage intensity lambda (correlation matrix): 0.5252 

[1] "Round 50"
Estimating optimal shrinkage intensity lambda.var (variance vector): 0.8089 

Estimating optimal shrinkage intensity lambda (correlation matrix): 0.4711 

Estimating optimal shrinkage intensity lambda.var (variance vector): 0.8104 

Estimating optimal shrinkage intensity lambda (correlation matrix): 0.5002 

[1] "Round 52"
Estimating optimal shrinkage intensity lambda.var (variance vector): 0.899 

Estimating optimal shrinkage intensity lambda (correlation matrix): 0.4223 

Estimating optimal shrinkage intensity lambda.var (variance vector): 0.7419 

Estimating optimal shrinkage intensity lambda (correlation matrix): 0.5064 

[1] "Round 54"
Estimating optimal shrinkage intensity lambda.var (variance vector): 0.6985 

Estimating optimal shrinkage intensity lambda (correlation matrix): 0.5433 

Estimating optimal shrinkage intensity lambda.var (variance vector): 0.6667 

Estimating optimal shrinkage intensity lambda (correlation matrix): 0.5523 

[1] "Round 56"
Estimating optimal shrinkage intensity lambda.var (variance vector): 0.7987 

Estimating optimal shrinkage intensity lambda (correlation matrix): 0.4419 

Estimating optimal shrinkage intensity lambda.var (variance vector): 0.8148 

Estimating optimal shrinkage intensity lambda (correlation matrix): 0.4501 

[1] "Round 58"
Estimating optimal shrinkage intensity lambda.var (variance vector): 0.8206 

Estimating optimal shrinkage intensity lambda (correlation matrix): 0.5158 

Estimating optimal shrinkage intensity lambda.var (variance vector): 0.8746 

Estimating optimal shrinkage intensity lambda (correlation matrix): 0.4123 

[1] "Round 60"
Estimating optimal shrinkage intensity lambda.var (variance vector): 0.9132 

Estimating optimal shrinkage intensity lambda (correlation matrix): 0.4338 

Estimating optimal shrinkage intensity lambda.var (variance vector): 0.6825 

Estimating optimal shrinkage intensity lambda (correlation matrix): 0.4302 

[1] "Round 62"
Estimating optimal shrinkage intensity lambda.var (variance vector): 0.7234 

Estimating optimal shrinkage intensity lambda (correlation matrix): 0.5683 

Estimating optimal shrinkage intensity lambda.var (variance vector): 0.8519 

Estimating optimal shrinkage intensity lambda (correlation matrix): 0.5099 

[1] "Round 64"
Estimating optimal shrinkage intensity lambda.var (variance vector): 0.7866 

Estimating optimal shrinkage intensity lambda (correlation matrix): 0.4759 

Estimating optimal shrinkage intensity lambda.var (variance vector): 0.9198 

Estimating optimal shrinkage intensity lambda (correlation matrix): 0.5087 

[1] "Round 66"
Estimating optimal shrinkage intensity lambda.var (variance vector): 0.7613 

Estimating optimal shrinkage intensity lambda (correlation matrix): 0.4953 

Estimating optimal shrinkage intensity lambda.var (variance vector): 0.76 

Estimating optimal shrinkage intensity lambda (correlation matrix): 0.4363 

[1] "Round 68"
Estimating optimal shrinkage intensity lambda.var (variance vector): 0.7766 

Estimating optimal shrinkage intensity lambda (correlation matrix): 0.4675 

Estimating optimal shrinkage intensity lambda.var (variance vector): 0.6363 

Estimating optimal shrinkage intensity lambda (correlation matrix): 0.4825 

[1] "Round 70"
Estimating optimal shrinkage intensity lambda.var (variance vector): 0.9187 

Estimating optimal shrinkage intensity lambda (correlation matrix): 0.4715 

Estimating optimal shrinkage intensity lambda.var (variance vector): 0.9673 

Estimating optimal shrinkage intensity lambda (correlation matrix): 0.4839 

[1] "Round 72"
Estimating optimal shrinkage intensity lambda.var (variance vector): 0.8507 

Estimating optimal shrinkage intensity lambda (correlation matrix): 0.4785 

Estimating optimal shrinkage intensity lambda.var (variance vector): 0.7228 

Estimating optimal shrinkage intensity lambda (correlation matrix): 0.4123 

[1] "Round 74"
Estimating optimal shrinkage intensity lambda.var (variance vector): 0.884 

Estimating optimal shrinkage intensity lambda (correlation matrix): 0.3599 

Estimating optimal shrinkage intensity lambda.var (variance vector): 0.8399 

Estimating optimal shrinkage intensity lambda (correlation matrix): 0.4913 

[1] "Round 76"
Estimating optimal shrinkage intensity lambda.var (variance vector): 0.8194 

Estimating optimal shrinkage intensity lambda (correlation matrix): 0.4525 

Estimating optimal shrinkage intensity lambda.var (variance vector): 0.8679 

Estimating optimal shrinkage intensity lambda (correlation matrix): 0.4651 

[1] "Round 78"
Estimating optimal shrinkage intensity lambda.var (variance vector): 0.76 

Estimating optimal shrinkage intensity lambda (correlation matrix): 0.4623 

Estimating optimal shrinkage intensity lambda.var (variance vector): 0.9371 

Estimating optimal shrinkage intensity lambda (correlation matrix): 0.5072 

[1] "Round 80"
Estimating optimal shrinkage intensity lambda.var (variance vector): 0.7418 

Estimating optimal shrinkage intensity lambda (correlation matrix): 0.4719 

Estimating optimal shrinkage intensity lambda.var (variance vector): 0.7266 

Estimating optimal shrinkage intensity lambda (correlation matrix): 0.466 

[1] "Round 82"
Estimating optimal shrinkage intensity lambda.var (variance vector): 0.7266 

Estimating optimal shrinkage intensity lambda (correlation matrix): 0.4632 

Estimating optimal shrinkage intensity lambda.var (variance vector): 0.7489 

Estimating optimal shrinkage intensity lambda (correlation matrix): 0.4989 

[1] "Round 84"
Estimating optimal shrinkage intensity lambda.var (variance vector): 0.8258 

Estimating optimal shrinkage intensity lambda (correlation matrix): 0.574 

Estimating optimal shrinkage intensity lambda.var (variance vector): 0.7911 

Estimating optimal shrinkage intensity lambda (correlation matrix): 0.4355 

[1] "Round 86"
Estimating optimal shrinkage intensity lambda.var (variance vector): 0.914 

Estimating optimal shrinkage intensity lambda (correlation matrix): 0.4718 

Estimating optimal shrinkage intensity lambda.var (variance vector): 0.7673 

Estimating optimal shrinkage intensity lambda (correlation matrix): 0.484 

[1] "Round 88"
Estimating optimal shrinkage intensity lambda.var (variance vector): 0.7616 

Estimating optimal shrinkage intensity lambda (correlation matrix): 0.4987 

Estimating optimal shrinkage intensity lambda.var (variance vector): 0.6885 

Estimating optimal shrinkage intensity lambda (correlation matrix): 0.4355 

[1] "Round 90"
Estimating optimal shrinkage intensity lambda.var (variance vector): 0.8253 

Estimating optimal shrinkage intensity lambda (correlation matrix): 0.4602 

Estimating optimal shrinkage intensity lambda.var (variance vector): 0.9109 

Estimating optimal shrinkage intensity lambda (correlation matrix): 0.4034 

[1] "Round 92"
Estimating optimal shrinkage intensity lambda.var (variance vector): 0.7131 

Estimating optimal shrinkage intensity lambda (correlation matrix): 0.622 

Estimating optimal shrinkage intensity lambda.var (variance vector): 0.9584 

Estimating optimal shrinkage intensity lambda (correlation matrix): 0.4973 

[1] "Round 94"
Estimating optimal shrinkage intensity lambda.var (variance vector): 0.7651 

Estimating optimal shrinkage intensity lambda (correlation matrix): 0.3908 

Estimating optimal shrinkage intensity lambda.var (variance vector): 0.8811 

Estimating optimal shrinkage intensity lambda (correlation matrix): 0.5309 

[1] "Round 96"
Estimating optimal shrinkage intensity lambda.var (variance vector): 0.6761 

Estimating optimal shrinkage intensity lambda (correlation matrix): 0.489 

Estimating optimal shrinkage intensity lambda.var (variance vector): 0.7739 

Estimating optimal shrinkage intensity lambda (correlation matrix): 0.5324 

[1] "Round 98"
Estimating optimal shrinkage intensity lambda.var (variance vector): 0.86 

Estimating optimal shrinkage intensity lambda (correlation matrix): 0.5134 

Estimating optimal shrinkage intensity lambda.var (variance vector): 0.8559 

Estimating optimal shrinkage intensity lambda (correlation matrix): 0.5443 

[1] "Round 100"
Estimating optimal shrinkage intensity lambda.var (variance vector): 0.8068 

Estimating optimal shrinkage intensity lambda (correlation matrix): 0.3506 

[1] "data/Debi+lognormal_n100_p100_tau0.5_rho0.5_sigma0.5_Nsim100"
                        lambda         SE        PE       linf         FPR
bootstrap_mean     0.101431454 2.44436447 1.8928229 0.62335828 0.055744681
bootstrap_mean_std 0.002978364 0.04707459 0.1489315 0.01176051 0.001972183
                          FNR        TPR      sum_beta
bootstrap_mean     0.13000000 0.87000000 -2.683400e-19
bootstrap_mean_std 0.01125662 0.01125662  7.364419e-19
Time difference of 2.09452 mins
Estimating optimal shrinkage intensity lambda.var (variance vector): 0.9035 

Estimating optimal shrinkage intensity lambda (correlation matrix): 0.5359 

[1] "Round 2"
Estimating optimal shrinkage intensity lambda.var (variance vector): 0.8223 

Estimating optimal shrinkage intensity lambda (correlation matrix): 0.4649 

Estimating optimal shrinkage intensity lambda.var (variance vector): 1 

Estimating optimal shrinkage intensity lambda (correlation matrix): 0.5618 

[1] "Round 4"
Estimating optimal shrinkage intensity lambda.var (variance vector): 1 

Estimating optimal shrinkage intensity lambda (correlation matrix): 0.4961 

Estimating optimal shrinkage intensity lambda.var (variance vector): 0.8057 

Estimating optimal shrinkage intensity lambda (correlation matrix): 0.5305 

[1] "Round 6"
Estimating optimal shrinkage intensity lambda.var (variance vector): 0.8737 

Estimating optimal shrinkage intensity lambda (correlation matrix): 0.6027 

Estimating optimal shrinkage intensity lambda.var (variance vector): 0.8194 

Estimating optimal shrinkage intensity lambda (correlation matrix): 0.6053 

[1] "Round 8"
Estimating optimal shrinkage intensity lambda.var (variance vector): 0.7529 

Estimating optimal shrinkage intensity lambda (correlation matrix): 0.5888 

Estimating optimal shrinkage intensity lambda.var (variance vector): 0.913 

Estimating optimal shrinkage intensity lambda (correlation matrix): 0.4543 

[1] "Round 10"
Estimating optimal shrinkage intensity lambda.var (variance vector): 0.992 

Estimating optimal shrinkage intensity lambda (correlation matrix): 0.4709 

Estimating optimal shrinkage intensity lambda.var (variance vector): 0.7477 

Estimating optimal shrinkage intensity lambda (correlation matrix): 0.4422 

[1] "Round 12"
Estimating optimal shrinkage intensity lambda.var (variance vector): 0.9287 

Estimating optimal shrinkage intensity lambda (correlation matrix): 0.5175 

Estimating optimal shrinkage intensity lambda.var (variance vector): 0.9139 

Estimating optimal shrinkage intensity lambda (correlation matrix): 0.5547 

[1] "Round 14"
Estimating optimal shrinkage intensity lambda.var (variance vector): 0.7747 

Estimating optimal shrinkage intensity lambda (correlation matrix): 0.5601 

Estimating optimal shrinkage intensity lambda.var (variance vector): 0.9074 

Estimating optimal shrinkage intensity lambda (correlation matrix): 0.6218 

[1] "Round 16"
Estimating optimal shrinkage intensity lambda.var (variance vector): 0.8208 

Estimating optimal shrinkage intensity lambda (correlation matrix): 0.5342 

Estimating optimal shrinkage intensity lambda.var (variance vector): 0.7317 

Estimating optimal shrinkage intensity lambda (correlation matrix): 0.5492 

[1] "Round 18"
Estimating optimal shrinkage intensity lambda.var (variance vector): 0.8347 

Estimating optimal shrinkage intensity lambda (correlation matrix): 0.517 

Estimating optimal shrinkage intensity lambda.var (variance vector): 1 

Estimating optimal shrinkage intensity lambda (correlation matrix): 0.5342 

[1] "Round 20"
Estimating optimal shrinkage intensity lambda.var (variance vector): 0.7468 

Estimating optimal shrinkage intensity lambda (correlation matrix): 0.5923 

Estimating optimal shrinkage intensity lambda.var (variance vector): 0.9366 

Estimating optimal shrinkage intensity lambda (correlation matrix): 0.5781 

[1] "Round 22"
Estimating optimal shrinkage intensity lambda.var (variance vector): 0.8222 

Estimating optimal shrinkage intensity lambda (correlation matrix): 0.5333 

Estimating optimal shrinkage intensity lambda.var (variance vector): 0.9752 

Estimating optimal shrinkage intensity lambda (correlation matrix): 0.6105 

[1] "Round 24"
Estimating optimal shrinkage intensity lambda.var (variance vector): 0.9561 

Estimating optimal shrinkage intensity lambda (correlation matrix): 0.5123 

Estimating optimal shrinkage intensity lambda.var (variance vector): 1 

Estimating optimal shrinkage intensity lambda (correlation matrix): 0.5505 

[1] "Round 26"
Estimating optimal shrinkage intensity lambda.var (variance vector): 0.8133 

Estimating optimal shrinkage intensity lambda (correlation matrix): 0.6077 

Estimating optimal shrinkage intensity lambda.var (variance vector): 0.8562 

Estimating optimal shrinkage intensity lambda (correlation matrix): 0.5024 

[1] "Round 28"
Estimating optimal shrinkage intensity lambda.var (variance vector): 0.9989 

Estimating optimal shrinkage intensity lambda (correlation matrix): 0.5121 

Estimating optimal shrinkage intensity lambda.var (variance vector): 0.8721 

Estimating optimal shrinkage intensity lambda (correlation matrix): 0.5886 

[1] "Round 30"
Estimating optimal shrinkage intensity lambda.var (variance vector): 0.8717 

Estimating optimal shrinkage intensity lambda (correlation matrix): 0.573 

Estimating optimal shrinkage intensity lambda.var (variance vector): 0.7726 

Estimating optimal shrinkage intensity lambda (correlation matrix): 0.5301 

[1] "Round 32"
Estimating optimal shrinkage intensity lambda.var (variance vector): 0.7591 

Estimating optimal shrinkage intensity lambda (correlation matrix): 0.5859 

Estimating optimal shrinkage intensity lambda.var (variance vector): 0.7833 

Estimating optimal shrinkage intensity lambda (correlation matrix): 0.6117 

[1] "Round 34"
Estimating optimal shrinkage intensity lambda.var (variance vector): 0.8782 

Estimating optimal shrinkage intensity lambda (correlation matrix): 0.6391 

Estimating optimal shrinkage intensity lambda.var (variance vector): 0.8295 

Estimating optimal shrinkage intensity lambda (correlation matrix): 0.6048 

[1] "Round 36"
Estimating optimal shrinkage intensity lambda.var (variance vector): 0.6911 

Estimating optimal shrinkage intensity lambda (correlation matrix): 0.5646 

Estimating optimal shrinkage intensity lambda.var (variance vector): 0.7654 

Estimating optimal shrinkage intensity lambda (correlation matrix): 0.4775 

[1] "Round 38"
Estimating optimal shrinkage intensity lambda.var (variance vector): 0.7849 

Estimating optimal shrinkage intensity lambda (correlation matrix): 0.5396 

Estimating optimal shrinkage intensity lambda.var (variance vector): 0.9169 

Estimating optimal shrinkage intensity lambda (correlation matrix): 0.5111 

[1] "Round 40"
Estimating optimal shrinkage intensity lambda.var (variance vector): 0.8536 

Estimating optimal shrinkage intensity lambda (correlation matrix): 0.517 

Estimating optimal shrinkage intensity lambda.var (variance vector): 0.7539 

Estimating optimal shrinkage intensity lambda (correlation matrix): 0.5778 

[1] "Round 42"
Estimating optimal shrinkage intensity lambda.var (variance vector): 0.9473 

Estimating optimal shrinkage intensity lambda (correlation matrix): 0.4784 

Estimating optimal shrinkage intensity lambda.var (variance vector): 0.8798 

Estimating optimal shrinkage intensity lambda (correlation matrix): 0.5581 

[1] "Round 44"
Estimating optimal shrinkage intensity lambda.var (variance vector): 0.9148 

Estimating optimal shrinkage intensity lambda (correlation matrix): 0.4624 

Estimating optimal shrinkage intensity lambda.var (variance vector): 1 

Estimating optimal shrinkage intensity lambda (correlation matrix): 0.4242 

[1] "Round 46"
Estimating optimal shrinkage intensity lambda.var (variance vector): 0.7015 

Estimating optimal shrinkage intensity lambda (correlation matrix): 0.5435 

Estimating optimal shrinkage intensity lambda.var (variance vector): 0.7657 

Estimating optimal shrinkage intensity lambda (correlation matrix): 0.4204 

[1] "Round 48"
Estimating optimal shrinkage intensity lambda.var (variance vector): 0.8686 

Estimating optimal shrinkage intensity lambda (correlation matrix): 0.4665 

Estimating optimal shrinkage intensity lambda.var (variance vector): 0.734 

Estimating optimal shrinkage intensity lambda (correlation matrix): 0.5879 

[1] "Round 50"
Estimating optimal shrinkage intensity lambda.var (variance vector): 0.8053 

Estimating optimal shrinkage intensity lambda (correlation matrix): 0.4902 

Estimating optimal shrinkage intensity lambda.var (variance vector): 0.7869 

Estimating optimal shrinkage intensity lambda (correlation matrix): 0.5652 

[1] "Round 52"
Estimating optimal shrinkage intensity lambda.var (variance vector): 0.8926 

Estimating optimal shrinkage intensity lambda (correlation matrix): 0.4688 

Estimating optimal shrinkage intensity lambda.var (variance vector): 0.7766 

Estimating optimal shrinkage intensity lambda (correlation matrix): 0.5463 

[1] "Round 54"
Estimating optimal shrinkage intensity lambda.var (variance vector): 0.7389 

Estimating optimal shrinkage intensity lambda (correlation matrix): 0.5973 

Estimating optimal shrinkage intensity lambda.var (variance vector): 0.7159 

Estimating optimal shrinkage intensity lambda (correlation matrix): 0.6063 

[1] "Round 56"
Estimating optimal shrinkage intensity lambda.var (variance vector): 0.8098 

Estimating optimal shrinkage intensity lambda (correlation matrix): 0.481 

Estimating optimal shrinkage intensity lambda.var (variance vector): 0.8669 

Estimating optimal shrinkage intensity lambda (correlation matrix): 0.5004 

[1] "Round 58"
Estimating optimal shrinkage intensity lambda.var (variance vector): 0.8666 

Estimating optimal shrinkage intensity lambda (correlation matrix): 0.5593 

Estimating optimal shrinkage intensity lambda.var (variance vector): 0.8901 

Estimating optimal shrinkage intensity lambda (correlation matrix): 0.4706 

[1] "Round 60"
Estimating optimal shrinkage intensity lambda.var (variance vector): 0.9235 

Estimating optimal shrinkage intensity lambda (correlation matrix): 0.4849 

Estimating optimal shrinkage intensity lambda.var (variance vector): 0.718 

Estimating optimal shrinkage intensity lambda (correlation matrix): 0.4848 

[1] "Round 62"
Estimating optimal shrinkage intensity lambda.var (variance vector): 0.7608 

Estimating optimal shrinkage intensity lambda (correlation matrix): 0.5969 

Estimating optimal shrinkage intensity lambda.var (variance vector): 0.8548 

Estimating optimal shrinkage intensity lambda (correlation matrix): 0.5656 

[1] "Round 64"
Estimating optimal shrinkage intensity lambda.var (variance vector): 0.8411 

Estimating optimal shrinkage intensity lambda (correlation matrix): 0.5385 

Estimating optimal shrinkage intensity lambda.var (variance vector): 0.9319 

Estimating optimal shrinkage intensity lambda (correlation matrix): 0.5496 

[1] "Round 66"
Estimating optimal shrinkage intensity lambda.var (variance vector): 0.7703 

Estimating optimal shrinkage intensity lambda (correlation matrix): 0.5407 

Estimating optimal shrinkage intensity lambda.var (variance vector): 0.8161 

Estimating optimal shrinkage intensity lambda (correlation matrix): 0.5035 

[1] "Round 68"
Estimating optimal shrinkage intensity lambda.var (variance vector): 0.8271 

Estimating optimal shrinkage intensity lambda (correlation matrix): 0.4896 

Estimating optimal shrinkage intensity lambda.var (variance vector): 0.6358 

Estimating optimal shrinkage intensity lambda (correlation matrix): 0.5278 

[1] "Round 70"
Estimating optimal shrinkage intensity lambda.var (variance vector): 0.9456 

Estimating optimal shrinkage intensity lambda (correlation matrix): 0.5142 

Estimating optimal shrinkage intensity lambda.var (variance vector): 0.9457 

Estimating optimal shrinkage intensity lambda (correlation matrix): 0.5102 

[1] "Round 72"
Estimating optimal shrinkage intensity lambda.var (variance vector): 0.9869 

Estimating optimal shrinkage intensity lambda (correlation matrix): 0.5108 

Estimating optimal shrinkage intensity lambda.var (variance vector): 0.7634 

Estimating optimal shrinkage intensity lambda (correlation matrix): 0.4669 

[1] "Round 74"
Estimating optimal shrinkage intensity lambda.var (variance vector): 0.9066 

Estimating optimal shrinkage intensity lambda (correlation matrix): 0.3976 

Estimating optimal shrinkage intensity lambda.var (variance vector): 0.9364 

Estimating optimal shrinkage intensity lambda (correlation matrix): 0.5441 

[1] "Round 76"
Estimating optimal shrinkage intensity lambda.var (variance vector): 0.8543 

Estimating optimal shrinkage intensity lambda (correlation matrix): 0.504 

Estimating optimal shrinkage intensity lambda.var (variance vector): 0.8946 

Estimating optimal shrinkage intensity lambda (correlation matrix): 0.5229 

[1] "Round 78"
Estimating optimal shrinkage intensity lambda.var (variance vector): 0.7997 

Estimating optimal shrinkage intensity lambda (correlation matrix): 0.513 

Estimating optimal shrinkage intensity lambda.var (variance vector): 0.8985 

Estimating optimal shrinkage intensity lambda (correlation matrix): 0.5574 

[1] "Round 80"
Estimating optimal shrinkage intensity lambda.var (variance vector): 0.7862 

Estimating optimal shrinkage intensity lambda (correlation matrix): 0.514 

Estimating optimal shrinkage intensity lambda.var (variance vector): 0.7828 

Estimating optimal shrinkage intensity lambda (correlation matrix): 0.4968 

[1] "Round 82"
Estimating optimal shrinkage intensity lambda.var (variance vector): 0.7164 

Estimating optimal shrinkage intensity lambda (correlation matrix): 0.5137 

Estimating optimal shrinkage intensity lambda.var (variance vector): 0.7834 

Estimating optimal shrinkage intensity lambda (correlation matrix): 0.5299 

[1] "Round 84"
Estimating optimal shrinkage intensity lambda.var (variance vector): 0.8812 

Estimating optimal shrinkage intensity lambda (correlation matrix): 0.626 

Estimating optimal shrinkage intensity lambda.var (variance vector): 0.789 

Estimating optimal shrinkage intensity lambda (correlation matrix): 0.4697 

[1] "Round 86"
Estimating optimal shrinkage intensity lambda.var (variance vector): 0.9793 

Estimating optimal shrinkage intensity lambda (correlation matrix): 0.4939 

Estimating optimal shrinkage intensity lambda.var (variance vector): 0.8361 

Estimating optimal shrinkage intensity lambda (correlation matrix): 0.5227 

[1] "Round 88"
Estimating optimal shrinkage intensity lambda.var (variance vector): 0.8517 

Estimating optimal shrinkage intensity lambda (correlation matrix): 0.5471 

Estimating optimal shrinkage intensity lambda.var (variance vector): 0.7433 

Estimating optimal shrinkage intensity lambda (correlation matrix): 0.4803 

[1] "Round 90"
Estimating optimal shrinkage intensity lambda.var (variance vector): 0.896 

Estimating optimal shrinkage intensity lambda (correlation matrix): 0.4883 

Estimating optimal shrinkage intensity lambda.var (variance vector): 0.9403 

Estimating optimal shrinkage intensity lambda (correlation matrix): 0.4331 

[1] "Round 92"
Estimating optimal shrinkage intensity lambda.var (variance vector): 0.7554 

Estimating optimal shrinkage intensity lambda (correlation matrix): 0.6906 

Estimating optimal shrinkage intensity lambda.var (variance vector): 0.9779 

Estimating optimal shrinkage intensity lambda (correlation matrix): 0.5257 

[1] "Round 94"
Estimating optimal shrinkage intensity lambda.var (variance vector): 0.789 

Estimating optimal shrinkage intensity lambda (correlation matrix): 0.4154 

Estimating optimal shrinkage intensity lambda.var (variance vector): 0.9286 

Estimating optimal shrinkage intensity lambda (correlation matrix): 0.5799 

[1] "Round 96"
Estimating optimal shrinkage intensity lambda.var (variance vector): 0.7002 

Estimating optimal shrinkage intensity lambda (correlation matrix): 0.5483 

Estimating optimal shrinkage intensity lambda.var (variance vector): 0.8541 

Estimating optimal shrinkage intensity lambda (correlation matrix): 0.5878 

[1] "Round 98"
Estimating optimal shrinkage intensity lambda.var (variance vector): 0.8719 

Estimating optimal shrinkage intensity lambda (correlation matrix): 0.5746 

Estimating optimal shrinkage intensity lambda.var (variance vector): 0.851 

Estimating optimal shrinkage intensity lambda (correlation matrix): 0.6156 

[1] "Round 100"
Estimating optimal shrinkage intensity lambda.var (variance vector): 0.8415 

Estimating optimal shrinkage intensity lambda (correlation matrix): 0.3708 

[1] "data/Debi+lognormal_n100_p100_tau0.7_rho0.5_sigma0.5_Nsim100"
                        lambda         SE        PE       linf        FPR
bootstrap_mean     0.133548503 4.05387831 3.5223561 0.76913796 0.05521277
bootstrap_mean_std 0.004312813 0.06745017 0.2904583 0.01290591 0.00224629
                          FNR        TPR     sum_beta
bootstrap_mean     0.25333333 0.74666667 3.098108e-19
bootstrap_mean_std 0.01123167 0.01123167 9.155820e-19
Time difference of 3.144779 mins
Estimating optimal shrinkage intensity lambda.var (variance vector): 0.9225 

Estimating optimal shrinkage intensity lambda (correlation matrix): 0.5861 

[1] "Round 2"
Estimating optimal shrinkage intensity lambda.var (variance vector): 0.8624 

Estimating optimal shrinkage intensity lambda (correlation matrix): 0.5063 

Estimating optimal shrinkage intensity lambda.var (variance vector): 1 

Estimating optimal shrinkage intensity lambda (correlation matrix): 0.6414 

[1] "Round 4"
Estimating optimal shrinkage intensity lambda.var (variance vector): 1 

Estimating optimal shrinkage intensity lambda (correlation matrix): 0.5443 

Estimating optimal shrinkage intensity lambda.var (variance vector): 0.8477 

Estimating optimal shrinkage intensity lambda (correlation matrix): 0.5845 

[1] "Round 6"
Estimating optimal shrinkage intensity lambda.var (variance vector): 0.8846 

Estimating optimal shrinkage intensity lambda (correlation matrix): 0.6558 

Estimating optimal shrinkage intensity lambda.var (variance vector): 0.8166 

Estimating optimal shrinkage intensity lambda (correlation matrix): 0.6573 

[1] "Round 8"
Estimating optimal shrinkage intensity lambda.var (variance vector): 0.7414 

Estimating optimal shrinkage intensity lambda (correlation matrix): 0.6433 

Estimating optimal shrinkage intensity lambda.var (variance vector): 0.9663 

Estimating optimal shrinkage intensity lambda (correlation matrix): 0.4926 

[1] "Round 10"
Estimating optimal shrinkage intensity lambda.var (variance vector): 1 

Estimating optimal shrinkage intensity lambda (correlation matrix): 0.4861 

Estimating optimal shrinkage intensity lambda.var (variance vector): 0.7449 

Estimating optimal shrinkage intensity lambda (correlation matrix): 0.4403 

[1] "Round 12"
Estimating optimal shrinkage intensity lambda.var (variance vector): 0.9833 

Estimating optimal shrinkage intensity lambda (correlation matrix): 0.5672 

Estimating optimal shrinkage intensity lambda.var (variance vector): 0.9885 

Estimating optimal shrinkage intensity lambda (correlation matrix): 0.6053 

[1] "Round 14"
Estimating optimal shrinkage intensity lambda.var (variance vector): 0.7925 

Estimating optimal shrinkage intensity lambda (correlation matrix): 0.602 

Estimating optimal shrinkage intensity lambda.var (variance vector): 0.8884 

Estimating optimal shrinkage intensity lambda (correlation matrix): 0.6796 

[1] "Round 16"
Estimating optimal shrinkage intensity lambda.var (variance vector): 0.878 

Estimating optimal shrinkage intensity lambda (correlation matrix): 0.5644 

Estimating optimal shrinkage intensity lambda.var (variance vector): 0.7556 

Estimating optimal shrinkage intensity lambda (correlation matrix): 0.6226 

[1] "Round 18"
Estimating optimal shrinkage intensity lambda.var (variance vector): 0.8611 

Estimating optimal shrinkage intensity lambda (correlation matrix): 0.5457 

Estimating optimal shrinkage intensity lambda.var (variance vector): 1 

Estimating optimal shrinkage intensity lambda (correlation matrix): 0.5777 

[1] "Round 20"
Estimating optimal shrinkage intensity lambda.var (variance vector): 0.7435 

Estimating optimal shrinkage intensity lambda (correlation matrix): 0.6675 

Estimating optimal shrinkage intensity lambda.var (variance vector): 0.9608 

Estimating optimal shrinkage intensity lambda (correlation matrix): 0.6282 

[1] "Round 22"
Estimating optimal shrinkage intensity lambda.var (variance vector): 0.8898 

Estimating optimal shrinkage intensity lambda (correlation matrix): 0.58 

Estimating optimal shrinkage intensity lambda.var (variance vector): 0.9898 

Estimating optimal shrinkage intensity lambda (correlation matrix): 0.6787 

[1] "Round 24"
Estimating optimal shrinkage intensity lambda.var (variance vector): 0.9863 

Estimating optimal shrinkage intensity lambda (correlation matrix): 0.565 

Estimating optimal shrinkage intensity lambda.var (variance vector): 1 

Estimating optimal shrinkage intensity lambda (correlation matrix): 0.5855 

[1] "Round 26"
Estimating optimal shrinkage intensity lambda.var (variance vector): 0.8337 

Estimating optimal shrinkage intensity lambda (correlation matrix): 0.641 

Estimating optimal shrinkage intensity lambda.var (variance vector): 0.8438 

Estimating optimal shrinkage intensity lambda (correlation matrix): 0.5503 

[1] "Round 28"
Estimating optimal shrinkage intensity lambda.var (variance vector): 1 

Estimating optimal shrinkage intensity lambda (correlation matrix): 0.5483 

Estimating optimal shrinkage intensity lambda.var (variance vector): 0.8962 

Estimating optimal shrinkage intensity lambda (correlation matrix): 0.6274 

[1] "Round 30"
Estimating optimal shrinkage intensity lambda.var (variance vector): 0.9269 

Estimating optimal shrinkage intensity lambda (correlation matrix): 0.6311 

Estimating optimal shrinkage intensity lambda.var (variance vector): 0.7651 

Estimating optimal shrinkage intensity lambda (correlation matrix): 0.5706 

[1] "Round 32"
Estimating optimal shrinkage intensity lambda.var (variance vector): 0.7612 

Estimating optimal shrinkage intensity lambda (correlation matrix): 0.6384 

Estimating optimal shrinkage intensity lambda.var (variance vector): 0.8028 

Estimating optimal shrinkage intensity lambda (correlation matrix): 0.6761 

[1] "Round 34"
Estimating optimal shrinkage intensity lambda.var (variance vector): 0.9301 

Estimating optimal shrinkage intensity lambda (correlation matrix): 0.6834 

Estimating optimal shrinkage intensity lambda.var (variance vector): 0.8536 

Estimating optimal shrinkage intensity lambda (correlation matrix): 0.6553 

[1] "Round 36"
Estimating optimal shrinkage intensity lambda.var (variance vector): 0.7278 

Estimating optimal shrinkage intensity lambda (correlation matrix): 0.5948 

Estimating optimal shrinkage intensity lambda.var (variance vector): 0.7804 

Estimating optimal shrinkage intensity lambda (correlation matrix): 0.5185 

[1] "Round 38"
Estimating optimal shrinkage intensity lambda.var (variance vector): 0.7938 

Estimating optimal shrinkage intensity lambda (correlation matrix): 0.5998 

Estimating optimal shrinkage intensity lambda.var (variance vector): 0.8914 

Estimating optimal shrinkage intensity lambda (correlation matrix): 0.5501 

[1] "Round 40"
Estimating optimal shrinkage intensity lambda.var (variance vector): 0.8918 

Estimating optimal shrinkage intensity lambda (correlation matrix): 0.5734 

Estimating optimal shrinkage intensity lambda.var (variance vector): 0.7464 

Estimating optimal shrinkage intensity lambda (correlation matrix): 0.6338 

[1] "Round 42"
Estimating optimal shrinkage intensity lambda.var (variance vector): 0.9735 

Estimating optimal shrinkage intensity lambda (correlation matrix): 0.5229 

Estimating optimal shrinkage intensity lambda.var (variance vector): 0.9132 

Estimating optimal shrinkage intensity lambda (correlation matrix): 0.6144 

[1] "Round 44"
Estimating optimal shrinkage intensity lambda.var (variance vector): 0.9236 

Estimating optimal shrinkage intensity lambda (correlation matrix): 0.5092 

Estimating optimal shrinkage intensity lambda.var (variance vector): 1 

Estimating optimal shrinkage intensity lambda (correlation matrix): 0.455 

[1] "Round 46"
Estimating optimal shrinkage intensity lambda.var (variance vector): 0.712 

Estimating optimal shrinkage intensity lambda (correlation matrix): 0.5759 

Estimating optimal shrinkage intensity lambda.var (variance vector): 0.8237 

Estimating optimal shrinkage intensity lambda (correlation matrix): 0.4313 

[1] "Round 48"
Estimating optimal shrinkage intensity lambda.var (variance vector): 0.8868 

Estimating optimal shrinkage intensity lambda (correlation matrix): 0.4846 

Estimating optimal shrinkage intensity lambda.var (variance vector): 0.7438 

Estimating optimal shrinkage intensity lambda (correlation matrix): 0.6429 

[1] "Round 50"
Estimating optimal shrinkage intensity lambda.var (variance vector): 0.8077 

Estimating optimal shrinkage intensity lambda (correlation matrix): 0.5076 

Estimating optimal shrinkage intensity lambda.var (variance vector): 0.7771 

Estimating optimal shrinkage intensity lambda (correlation matrix): 0.6269 

[1] "Round 52"
Estimating optimal shrinkage intensity lambda.var (variance vector): 0.8851 

Estimating optimal shrinkage intensity lambda (correlation matrix): 0.5143 

Estimating optimal shrinkage intensity lambda.var (variance vector): 0.8025 

Estimating optimal shrinkage intensity lambda (correlation matrix): 0.5847 

[1] "Round 54"
Estimating optimal shrinkage intensity lambda.var (variance vector): 0.7862 

Estimating optimal shrinkage intensity lambda (correlation matrix): 0.644 

Estimating optimal shrinkage intensity lambda.var (variance vector): 0.7642 

Estimating optimal shrinkage intensity lambda (correlation matrix): 0.6582 

[1] "Round 56"
Estimating optimal shrinkage intensity lambda.var (variance vector): 0.8374 

Estimating optimal shrinkage intensity lambda (correlation matrix): 0.5171 

Estimating optimal shrinkage intensity lambda.var (variance vector): 0.9093 

Estimating optimal shrinkage intensity lambda (correlation matrix): 0.5443 

[1] "Round 58"
Estimating optimal shrinkage intensity lambda.var (variance vector): 0.9179 

Estimating optimal shrinkage intensity lambda (correlation matrix): 0.5939 

Estimating optimal shrinkage intensity lambda.var (variance vector): 0.9028 

Estimating optimal shrinkage intensity lambda (correlation matrix): 0.527 

[1] "Round 60"
Estimating optimal shrinkage intensity lambda.var (variance vector): 0.9237 

Estimating optimal shrinkage intensity lambda (correlation matrix): 0.5387 

Estimating optimal shrinkage intensity lambda.var (variance vector): 0.7505 

Estimating optimal shrinkage intensity lambda (correlation matrix): 0.5407 

[1] "Round 62"
Estimating optimal shrinkage intensity lambda.var (variance vector): 0.7825 

Estimating optimal shrinkage intensity lambda (correlation matrix): 0.6143 

Estimating optimal shrinkage intensity lambda.var (variance vector): 0.8641 

Estimating optimal shrinkage intensity lambda (correlation matrix): 0.6186 

[1] "Round 64"
Estimating optimal shrinkage intensity lambda.var (variance vector): 0.9011 

Estimating optimal shrinkage intensity lambda (correlation matrix): 0.6037 

Estimating optimal shrinkage intensity lambda.var (variance vector): 0.9426 

Estimating optimal shrinkage intensity lambda (correlation matrix): 0.5844 

[1] "Round 66"
Estimating optimal shrinkage intensity lambda.var (variance vector): 0.7706 

Estimating optimal shrinkage intensity lambda (correlation matrix): 0.5885 

Estimating optimal shrinkage intensity lambda.var (variance vector): 0.8666 

Estimating optimal shrinkage intensity lambda (correlation matrix): 0.5724 

[1] "Round 68"
Estimating optimal shrinkage intensity lambda.var (variance vector): 0.8754 

Estimating optimal shrinkage intensity lambda (correlation matrix): 0.5126 

Estimating optimal shrinkage intensity lambda.var (variance vector): 0.6717 

Estimating optimal shrinkage intensity lambda (correlation matrix): 0.5706 

[1] "Round 70"
Estimating optimal shrinkage intensity lambda.var (variance vector): 0.9568 

Estimating optimal shrinkage intensity lambda (correlation matrix): 0.5488 

Estimating optimal shrinkage intensity lambda.var (variance vector): 0.9136 

Estimating optimal shrinkage intensity lambda (correlation matrix): 0.5257 

[1] "Round 72"
Estimating optimal shrinkage intensity lambda.var (variance vector): 1 

Estimating optimal shrinkage intensity lambda (correlation matrix): 0.5419 

Estimating optimal shrinkage intensity lambda.var (variance vector): 0.8023 

Estimating optimal shrinkage intensity lambda (correlation matrix): 0.5232 

[1] "Round 74"
Estimating optimal shrinkage intensity lambda.var (variance vector): 0.9325 

Estimating optimal shrinkage intensity lambda (correlation matrix): 0.4417 

Estimating optimal shrinkage intensity lambda.var (variance vector): 1 

Estimating optimal shrinkage intensity lambda (correlation matrix): 0.5909 

[1] "Round 76"
Estimating optimal shrinkage intensity lambda.var (variance vector): 0.935 

Estimating optimal shrinkage intensity lambda (correlation matrix): 0.5507 

Estimating optimal shrinkage intensity lambda.var (variance vector): 0.9281 

Estimating optimal shrinkage intensity lambda (correlation matrix): 0.5753 

[1] "Round 78"
Estimating optimal shrinkage intensity lambda.var (variance vector): 0.8206 

Estimating optimal shrinkage intensity lambda (correlation matrix): 0.564 

Estimating optimal shrinkage intensity lambda.var (variance vector): 0.8682 

Estimating optimal shrinkage intensity lambda (correlation matrix): 0.5998 

[1] "Round 80"
Estimating optimal shrinkage intensity lambda.var (variance vector): 0.8272 

Estimating optimal shrinkage intensity lambda (correlation matrix): 0.5524 

Estimating optimal shrinkage intensity lambda.var (variance vector): 0.8484 

Estimating optimal shrinkage intensity lambda (correlation matrix): 0.5187 

[1] "Round 82"
Estimating optimal shrinkage intensity lambda.var (variance vector): 0.7167 

Estimating optimal shrinkage intensity lambda (correlation matrix): 0.5659 

Estimating optimal shrinkage intensity lambda.var (variance vector): 0.8207 

Estimating optimal shrinkage intensity lambda (correlation matrix): 0.5594 

[1] "Round 84"
Estimating optimal shrinkage intensity lambda.var (variance vector): 0.9222 

Estimating optimal shrinkage intensity lambda (correlation matrix): 0.6652 

Estimating optimal shrinkage intensity lambda.var (variance vector): 0.8004 

Estimating optimal shrinkage intensity lambda (correlation matrix): 0.5014 

[1] "Round 86"
Estimating optimal shrinkage intensity lambda.var (variance vector): 1 

Estimating optimal shrinkage intensity lambda (correlation matrix): 0.5047 

Estimating optimal shrinkage intensity lambda.var (variance vector): 0.9024 

Estimating optimal shrinkage intensity lambda (correlation matrix): 0.5583 

[1] "Round 88"
Estimating optimal shrinkage intensity lambda.var (variance vector): 0.9339 

Estimating optimal shrinkage intensity lambda (correlation matrix): 0.5861 

Estimating optimal shrinkage intensity lambda.var (variance vector): 0.795 

Estimating optimal shrinkage intensity lambda (correlation matrix): 0.5276 

[1] "Round 90"
Estimating optimal shrinkage intensity lambda.var (variance vector): 0.9705 

Estimating optimal shrinkage intensity lambda (correlation matrix): 0.5144 

Estimating optimal shrinkage intensity lambda.var (variance vector): 0.9614 

Estimating optimal shrinkage intensity lambda (correlation matrix): 0.4541 

[1] "Round 92"
Estimating optimal shrinkage intensity lambda.var (variance vector): 0.8041 

Estimating optimal shrinkage intensity lambda (correlation matrix): 0.7541 

Estimating optimal shrinkage intensity lambda.var (variance vector): 1 

Estimating optimal shrinkage intensity lambda (correlation matrix): 0.5489 

[1] "Round 94"
Estimating optimal shrinkage intensity lambda.var (variance vector): 0.8166 

Estimating optimal shrinkage intensity lambda (correlation matrix): 0.4361 

Estimating optimal shrinkage intensity lambda.var (variance vector): 0.9572 

Estimating optimal shrinkage intensity lambda (correlation matrix): 0.6307 

[1] "Round 96"
Estimating optimal shrinkage intensity lambda.var (variance vector): 0.7233 

Estimating optimal shrinkage intensity lambda (correlation matrix): 0.6087 

Estimating optimal shrinkage intensity lambda.var (variance vector): 0.9108 

Estimating optimal shrinkage intensity lambda (correlation matrix): 0.6317 

[1] "Round 98"
Estimating optimal shrinkage intensity lambda.var (variance vector): 0.8818 

Estimating optimal shrinkage intensity lambda (correlation matrix): 0.631 

Estimating optimal shrinkage intensity lambda.var (variance vector): 0.8851 

Estimating optimal shrinkage intensity lambda (correlation matrix): 0.6798 

[1] "Round 100"
Estimating optimal shrinkage intensity lambda.var (variance vector): 0.8751 

Estimating optimal shrinkage intensity lambda (correlation matrix): 0.3932 

[1] "data/Debi+lognormal_n100_p100_tau0.9_rho0.5_sigma0.5_Nsim100"
                       lambda        SE       PE       linf         FPR
bootstrap_mean     0.16064575 11.715515 8.384313 0.95038826 0.052127660
bootstrap_mean_std 0.00578966  5.472302 2.506742 0.05527223 0.002162301
                          FNR        TPR      sum_beta
bootstrap_mean     0.37166667 0.62833333 -9.221139e-19
bootstrap_mean_std 0.01476623 0.01476623  1.977676e-18
Time difference of 3.526518 mins
Estimating optimal shrinkage intensity lambda.var (variance vector): 0.9209 

Estimating optimal shrinkage intensity lambda (correlation matrix): 0.6265 

[1] "Round 2"
Estimating optimal shrinkage intensity lambda.var (variance vector): 0.897 

Estimating optimal shrinkage intensity lambda (correlation matrix): 0.5401 

Estimating optimal shrinkage intensity lambda.var (variance vector): 1 

Estimating optimal shrinkage intensity lambda (correlation matrix): 0.7118 

[1] "Round 4"
Estimating optimal shrinkage intensity lambda.var (variance vector): 1 

Estimating optimal shrinkage intensity lambda (correlation matrix): 0.583 

Estimating optimal shrinkage intensity lambda.var (variance vector): 0.8916 

Estimating optimal shrinkage intensity lambda (correlation matrix): 0.6342 

[1] "Round 6"
Estimating optimal shrinkage intensity lambda.var (variance vector): 0.9029 

Estimating optimal shrinkage intensity lambda (correlation matrix): 0.7019 

Estimating optimal shrinkage intensity lambda.var (variance vector): 0.8307 

Estimating optimal shrinkage intensity lambda (correlation matrix): 0.6992 

[1] "Round 8"
Estimating optimal shrinkage intensity lambda.var (variance vector): 0.7204 

Estimating optimal shrinkage intensity lambda (correlation matrix): 0.6867 

Estimating optimal shrinkage intensity lambda.var (variance vector): 1 

Estimating optimal shrinkage intensity lambda (correlation matrix): 0.5268 

[1] "Round 10"
Estimating optimal shrinkage intensity lambda.var (variance vector): 1 

Estimating optimal shrinkage intensity lambda (correlation matrix): 0.4982 

Estimating optimal shrinkage intensity lambda.var (variance vector): 0.7463 

Estimating optimal shrinkage intensity lambda (correlation matrix): 0.4376 

[1] "Round 12"
Estimating optimal shrinkage intensity lambda.var (variance vector): 1 

Estimating optimal shrinkage intensity lambda (correlation matrix): 0.6094 

Estimating optimal shrinkage intensity lambda.var (variance vector): 1 

Estimating optimal shrinkage intensity lambda (correlation matrix): 0.6474 

[1] "Round 14"
Estimating optimal shrinkage intensity lambda.var (variance vector): 0.8186 

Estimating optimal shrinkage intensity lambda (correlation matrix): 0.635 

Estimating optimal shrinkage intensity lambda.var (variance vector): 0.8807 

Estimating optimal shrinkage intensity lambda (correlation matrix): 0.7255 

[1] "Round 16"
Estimating optimal shrinkage intensity lambda.var (variance vector): 0.9315 

Estimating optimal shrinkage intensity lambda (correlation matrix): 0.5874 

Estimating optimal shrinkage intensity lambda.var (variance vector): 0.7817 

Estimating optimal shrinkage intensity lambda (correlation matrix): 0.682 

[1] "Round 18"
Estimating optimal shrinkage intensity lambda.var (variance vector): 0.8902 

Estimating optimal shrinkage intensity lambda (correlation matrix): 0.5623 

Estimating optimal shrinkage intensity lambda.var (variance vector): 1 

Estimating optimal shrinkage intensity lambda (correlation matrix): 0.6109 

[1] "Round 20"
Estimating optimal shrinkage intensity lambda.var (variance vector): 0.736 

Estimating optimal shrinkage intensity lambda (correlation matrix): 0.7289 

Estimating optimal shrinkage intensity lambda.var (variance vector): 0.989 

Estimating optimal shrinkage intensity lambda (correlation matrix): 0.6698 

[1] "Round 22"
Estimating optimal shrinkage intensity lambda.var (variance vector): 0.9562 

Estimating optimal shrinkage intensity lambda (correlation matrix): 0.6164 

Estimating optimal shrinkage intensity lambda.var (variance vector): 0.9994 

Estimating optimal shrinkage intensity lambda (correlation matrix): 0.7357 

[1] "Round 24"
Estimating optimal shrinkage intensity lambda.var (variance vector): 1 

Estimating optimal shrinkage intensity lambda (correlation matrix): 0.6142 

Estimating optimal shrinkage intensity lambda.var (variance vector): 1 

Estimating optimal shrinkage intensity lambda (correlation matrix): 0.6094 

[1] "Round 26"
Estimating optimal shrinkage intensity lambda.var (variance vector): 0.8582 

Estimating optimal shrinkage intensity lambda (correlation matrix): 0.6645 

Estimating optimal shrinkage intensity lambda.var (variance vector): 0.8191 

Estimating optimal shrinkage intensity lambda (correlation matrix): 0.5894 

[1] "Round 28"
Estimating optimal shrinkage intensity lambda.var (variance vector): 1 

Estimating optimal shrinkage intensity lambda (correlation matrix): 0.5778 

Estimating optimal shrinkage intensity lambda.var (variance vector): 0.9074 

Estimating optimal shrinkage intensity lambda (correlation matrix): 0.6596 

[1] "Round 30"
Estimating optimal shrinkage intensity lambda.var (variance vector): 0.967 

Estimating optimal shrinkage intensity lambda (correlation matrix): 0.6739 

Estimating optimal shrinkage intensity lambda.var (variance vector): 0.7674 

Estimating optimal shrinkage intensity lambda (correlation matrix): 0.5986 

[1] "Round 32"
Estimating optimal shrinkage intensity lambda.var (variance vector): 0.7657 

Estimating optimal shrinkage intensity lambda (correlation matrix): 0.6817 

Estimating optimal shrinkage intensity lambda.var (variance vector): 0.8242 

Estimating optimal shrinkage intensity lambda (correlation matrix): 0.7246 

[1] "Round 34"
Estimating optimal shrinkage intensity lambda.var (variance vector): 0.9599 

Estimating optimal shrinkage intensity lambda (correlation matrix): 0.7106 

Estimating optimal shrinkage intensity lambda.var (variance vector): 0.8837 

Estimating optimal shrinkage intensity lambda (correlation matrix): 0.698 

[1] "Round 36"
Estimating optimal shrinkage intensity lambda.var (variance vector): 0.758 

Estimating optimal shrinkage intensity lambda (correlation matrix): 0.6176 

Estimating optimal shrinkage intensity lambda.var (variance vector): 0.7983 

Estimating optimal shrinkage intensity lambda (correlation matrix): 0.5543 

[1] "Round 38"
Estimating optimal shrinkage intensity lambda.var (variance vector): 0.8125 

Estimating optimal shrinkage intensity lambda (correlation matrix): 0.6547 

Estimating optimal shrinkage intensity lambda.var (variance vector): 0.8739 

Estimating optimal shrinkage intensity lambda (correlation matrix): 0.5888 

[1] "Round 40"
Estimating optimal shrinkage intensity lambda.var (variance vector): 0.9205 

Estimating optimal shrinkage intensity lambda (correlation matrix): 0.6228 

Estimating optimal shrinkage intensity lambda.var (variance vector): 0.7517 

Estimating optimal shrinkage intensity lambda (correlation matrix): 0.6737 

[1] "Round 42"
Estimating optimal shrinkage intensity lambda.var (variance vector): 0.9754 

Estimating optimal shrinkage intensity lambda (correlation matrix): 0.5604 

Estimating optimal shrinkage intensity lambda.var (variance vector): 0.9277 

Estimating optimal shrinkage intensity lambda (correlation matrix): 0.6574 

[1] "Round 44"
Estimating optimal shrinkage intensity lambda.var (variance vector): 0.9413 

Estimating optimal shrinkage intensity lambda (correlation matrix): 0.5539 

Estimating optimal shrinkage intensity lambda.var (variance vector): 1 

Estimating optimal shrinkage intensity lambda (correlation matrix): 0.4844 

[1] "Round 46"
Estimating optimal shrinkage intensity lambda.var (variance vector): 0.7214 

Estimating optimal shrinkage intensity lambda (correlation matrix): 0.5992 

Estimating optimal shrinkage intensity lambda.var (variance vector): 0.8801 

Estimating optimal shrinkage intensity lambda (correlation matrix): 0.4368 

[1] "Round 48"
Estimating optimal shrinkage intensity lambda.var (variance vector): 0.8978 

Estimating optimal shrinkage intensity lambda (correlation matrix): 0.4975 

Estimating optimal shrinkage intensity lambda.var (variance vector): 0.7591 

Estimating optimal shrinkage intensity lambda (correlation matrix): 0.6822 

[1] "Round 50"
Estimating optimal shrinkage intensity lambda.var (variance vector): 0.7976 

Estimating optimal shrinkage intensity lambda (correlation matrix): 0.5217 

Estimating optimal shrinkage intensity lambda.var (variance vector): 0.7848 

Estimating optimal shrinkage intensity lambda (correlation matrix): 0.6738 

[1] "Round 52"
Estimating optimal shrinkage intensity lambda.var (variance vector): 0.8826 

Estimating optimal shrinkage intensity lambda (correlation matrix): 0.5532 

Estimating optimal shrinkage intensity lambda.var (variance vector): 0.8196 

Estimating optimal shrinkage intensity lambda (correlation matrix): 0.6171 

[1] "Round 54"
Estimating optimal shrinkage intensity lambda.var (variance vector): 0.8188 

Estimating optimal shrinkage intensity lambda (correlation matrix): 0.6775 

Estimating optimal shrinkage intensity lambda.var (variance vector): 0.8057 

Estimating optimal shrinkage intensity lambda (correlation matrix): 0.7013 

[1] "Round 56"
Estimating optimal shrinkage intensity lambda.var (variance vector): 0.8586 

Estimating optimal shrinkage intensity lambda (correlation matrix): 0.5461 

Estimating optimal shrinkage intensity lambda.var (variance vector): 0.9475 

Estimating optimal shrinkage intensity lambda (correlation matrix): 0.5736 

[1] "Round 58"
Estimating optimal shrinkage intensity lambda.var (variance vector): 0.9684 

Estimating optimal shrinkage intensity lambda (correlation matrix): 0.615 

Estimating optimal shrinkage intensity lambda.var (variance vector): 0.9153 

Estimating optimal shrinkage intensity lambda (correlation matrix): 0.5723 

[1] "Round 60"
Estimating optimal shrinkage intensity lambda.var (variance vector): 0.937 

Estimating optimal shrinkage intensity lambda (correlation matrix): 0.5868 

Estimating optimal shrinkage intensity lambda.var (variance vector): 0.7941 

Estimating optimal shrinkage intensity lambda (correlation matrix): 0.5891 

[1] "Round 62"
Estimating optimal shrinkage intensity lambda.var (variance vector): 0.8034 

Estimating optimal shrinkage intensity lambda (correlation matrix): 0.6222 

Estimating optimal shrinkage intensity lambda.var (variance vector): 0.8895 

Estimating optimal shrinkage intensity lambda (correlation matrix): 0.6626 

[1] "Round 64"
Estimating optimal shrinkage intensity lambda.var (variance vector): 0.9577 

Estimating optimal shrinkage intensity lambda (correlation matrix): 0.6631 

Estimating optimal shrinkage intensity lambda.var (variance vector): 0.9535 

Estimating optimal shrinkage intensity lambda (correlation matrix): 0.6113 

[1] "Round 66"
Estimating optimal shrinkage intensity lambda.var (variance vector): 0.7589 

Estimating optimal shrinkage intensity lambda (correlation matrix): 0.6353 

Estimating optimal shrinkage intensity lambda.var (variance vector): 0.951 

Estimating optimal shrinkage intensity lambda (correlation matrix): 0.6324 

[1] "Round 68"
Estimating optimal shrinkage intensity lambda.var (variance vector): 0.912 

Estimating optimal shrinkage intensity lambda (correlation matrix): 0.5332 

Estimating optimal shrinkage intensity lambda.var (variance vector): 0.7003 

Estimating optimal shrinkage intensity lambda (correlation matrix): 0.6041 

[1] "Round 70"
Estimating optimal shrinkage intensity lambda.var (variance vector): 0.9552 

Estimating optimal shrinkage intensity lambda (correlation matrix): 0.5715 

Estimating optimal shrinkage intensity lambda.var (variance vector): 0.8858 

Estimating optimal shrinkage intensity lambda (correlation matrix): 0.5284 

[1] "Round 72"
Estimating optimal shrinkage intensity lambda.var (variance vector): 1 

Estimating optimal shrinkage intensity lambda (correlation matrix): 0.5692 

Estimating optimal shrinkage intensity lambda.var (variance vector): 0.8509 

Estimating optimal shrinkage intensity lambda (correlation matrix): 0.5733 

[1] "Round 74"
Estimating optimal shrinkage intensity lambda.var (variance vector): 0.9663 

Estimating optimal shrinkage intensity lambda (correlation matrix): 0.4872 

Estimating optimal shrinkage intensity lambda.var (variance vector): 1 

Estimating optimal shrinkage intensity lambda (correlation matrix): 0.6205 

[1] "Round 76"
Estimating optimal shrinkage intensity lambda.var (variance vector): 0.9747 

Estimating optimal shrinkage intensity lambda (correlation matrix): 0.584 

Estimating optimal shrinkage intensity lambda.var (variance vector): 0.96 

Estimating optimal shrinkage intensity lambda (correlation matrix): 0.6153 

[1] "Round 78"
Estimating optimal shrinkage intensity lambda.var (variance vector): 0.8251 

Estimating optimal shrinkage intensity lambda (correlation matrix): 0.6079 

Estimating optimal shrinkage intensity lambda.var (variance vector): 0.8596 

Estimating optimal shrinkage intensity lambda (correlation matrix): 0.6301 

[1] "Round 80"
Estimating optimal shrinkage intensity lambda.var (variance vector): 0.8674 

Estimating optimal shrinkage intensity lambda (correlation matrix): 0.5825 

Estimating optimal shrinkage intensity lambda.var (variance vector): 0.8935 

Estimating optimal shrinkage intensity lambda (correlation matrix): 0.5296 

[1] "Round 82"
Estimating optimal shrinkage intensity lambda.var (variance vector): 0.7226 

Estimating optimal shrinkage intensity lambda (correlation matrix): 0.6143 

Estimating optimal shrinkage intensity lambda.var (variance vector): 0.8504 

Estimating optimal shrinkage intensity lambda (correlation matrix): 0.5841 

[1] "Round 84"
Estimating optimal shrinkage intensity lambda.var (variance vector): 0.975 

Estimating optimal shrinkage intensity lambda (correlation matrix): 0.6843 

Estimating optimal shrinkage intensity lambda.var (variance vector): 0.8205 

Estimating optimal shrinkage intensity lambda (correlation matrix): 0.5275 

[1] "Round 86"
Estimating optimal shrinkage intensity lambda.var (variance vector): 1 

Estimating optimal shrinkage intensity lambda (correlation matrix): 0.5023 

Estimating optimal shrinkage intensity lambda.var (variance vector): 0.9607 

Estimating optimal shrinkage intensity lambda (correlation matrix): 0.5852 

[1] "Round 88"
Estimating optimal shrinkage intensity lambda.var (variance vector): 1 

Estimating optimal shrinkage intensity lambda (correlation matrix): 0.6114 

Estimating optimal shrinkage intensity lambda.var (variance vector): 0.85 

Estimating optimal shrinkage intensity lambda (correlation matrix): 0.5691 

[1] "Round 90"
Estimating optimal shrinkage intensity lambda.var (variance vector): 1 

Estimating optimal shrinkage intensity lambda (correlation matrix): 0.5353 

Estimating optimal shrinkage intensity lambda.var (variance vector): 1 

Estimating optimal shrinkage intensity lambda (correlation matrix): 0.4638 

[1] "Round 92"
Estimating optimal shrinkage intensity lambda.var (variance vector): 0.8549 

Estimating optimal shrinkage intensity lambda (correlation matrix): 0.8043 

Estimating optimal shrinkage intensity lambda.var (variance vector): 1 

Estimating optimal shrinkage intensity lambda (correlation matrix): 0.5645 

[1] "Round 94"
Estimating optimal shrinkage intensity lambda.var (variance vector): 0.8303 

Estimating optimal shrinkage intensity lambda (correlation matrix): 0.4502 

Estimating optimal shrinkage intensity lambda.var (variance vector): 0.9937 

Estimating optimal shrinkage intensity lambda (correlation matrix): 0.6779 

[1] "Round 96"
Estimating optimal shrinkage intensity lambda.var (variance vector): 0.7766 

Estimating optimal shrinkage intensity lambda (correlation matrix): 0.6611 

Estimating optimal shrinkage intensity lambda.var (variance vector): 0.9394 

Estimating optimal shrinkage intensity lambda (correlation matrix): 0.6578 

[1] "Round 98"
Estimating optimal shrinkage intensity lambda.var (variance vector): 0.8848 

Estimating optimal shrinkage intensity lambda (correlation matrix): 0.6749 

Estimating optimal shrinkage intensity lambda.var (variance vector): 0.9111 

Estimating optimal shrinkage intensity lambda (correlation matrix): 0.7294 

[1] "Round 100"
Estimating optimal shrinkage intensity lambda.var (variance vector): 0.8986 

Estimating optimal shrinkage intensity lambda (correlation matrix): 0.4156 

[1] "data/Debi+lognormal_n100_p100_tau1.1_rho0.5_sigma0.5_Nsim100"
                        lambda       SE       PE     linf         FPR
bootstrap_mean     0.188037429 46934.19 36255.61 9.374575 0.047021277
bootstrap_mean_std 0.008201661 38579.34 31997.30 4.931590 0.002386856
                          FNR        TPR     sum_beta
bootstrap_mean     0.53833333 0.46166667 2.814724e-17
bootstrap_mean_std 0.02156282 0.02156282 1.787768e-17
Time difference of 6.056759 mins
Estimating optimal shrinkage intensity lambda.var (variance vector): 0.9078 

Estimating optimal shrinkage intensity lambda (correlation matrix): 0.656 

[1] "Round 2"
Estimating optimal shrinkage intensity lambda.var (variance vector): 0.9147 

Estimating optimal shrinkage intensity lambda (correlation matrix): 0.5639 

Estimating optimal shrinkage intensity lambda.var (variance vector): 1 

Estimating optimal shrinkage intensity lambda (correlation matrix): 0.7662 

[1] "Round 4"
Estimating optimal shrinkage intensity lambda.var (variance vector): 1 

Estimating optimal shrinkage intensity lambda (correlation matrix): 0.6098 

Estimating optimal shrinkage intensity lambda.var (variance vector): 0.9414 

Estimating optimal shrinkage intensity lambda (correlation matrix): 0.6759 

[1] "Round 6"
Estimating optimal shrinkage intensity lambda.var (variance vector): 0.9264 

Estimating optimal shrinkage intensity lambda (correlation matrix): 0.7387 

Estimating optimal shrinkage intensity lambda.var (variance vector): 0.8564 

Estimating optimal shrinkage intensity lambda (correlation matrix): 0.7296 

[1] "Round 8"
Estimating optimal shrinkage intensity lambda.var (variance vector): 0.6979 

Estimating optimal shrinkage intensity lambda (correlation matrix): 0.7154 

Estimating optimal shrinkage intensity lambda.var (variance vector): 1 

Estimating optimal shrinkage intensity lambda (correlation matrix): 0.5548 

[1] "Round 10"
Estimating optimal shrinkage intensity lambda.var (variance vector): 1 

Estimating optimal shrinkage intensity lambda (correlation matrix): 0.5078 

Estimating optimal shrinkage intensity lambda.var (variance vector): 0.75 

Estimating optimal shrinkage intensity lambda (correlation matrix): 0.4368 

[1] "Round 12"
Estimating optimal shrinkage intensity lambda.var (variance vector): 1 

Estimating optimal shrinkage intensity lambda (correlation matrix): 0.6428 

Estimating optimal shrinkage intensity lambda.var (variance vector): 1 

Estimating optimal shrinkage intensity lambda (correlation matrix): 0.6786 

[1] "Round 14"
Estimating optimal shrinkage intensity lambda.var (variance vector): 0.8527 

Estimating optimal shrinkage intensity lambda (correlation matrix): 0.6577 

Estimating optimal shrinkage intensity lambda.var (variance vector): 0.8713 

Estimating optimal shrinkage intensity lambda (correlation matrix): 0.7569 

[1] "Round 16"
Estimating optimal shrinkage intensity lambda.var (variance vector): 0.9777 

Estimating optimal shrinkage intensity lambda (correlation matrix): 0.6034 

Estimating optimal shrinkage intensity lambda.var (variance vector): 0.7977 

Estimating optimal shrinkage intensity lambda (correlation matrix): 0.7203 

[1] "Round 18"
Estimating optimal shrinkage intensity lambda.var (variance vector): 0.914 

Estimating optimal shrinkage intensity lambda (correlation matrix): 0.5695 

Estimating optimal shrinkage intensity lambda.var (variance vector): 1 

Estimating optimal shrinkage intensity lambda (correlation matrix): 0.631 

[1] "Round 20"
Estimating optimal shrinkage intensity lambda.var (variance vector): 0.7584 

Estimating optimal shrinkage intensity lambda (correlation matrix): 0.7734 

Estimating optimal shrinkage intensity lambda.var (variance vector): 1 

Estimating optimal shrinkage intensity lambda (correlation matrix): 0.7003 

[1] "Round 22"
Estimating optimal shrinkage intensity lambda.var (variance vector): 1 

Estimating optimal shrinkage intensity lambda (correlation matrix): 0.6415 

Estimating optimal shrinkage intensity lambda.var (variance vector): 1 

Estimating optimal shrinkage intensity lambda (correlation matrix): 0.7773 

[1] "Round 24"
Estimating optimal shrinkage intensity lambda.var (variance vector): 1 

Estimating optimal shrinkage intensity lambda (correlation matrix): 0.6546 

Estimating optimal shrinkage intensity lambda.var (variance vector): 1 

Estimating optimal shrinkage intensity lambda (correlation matrix): 0.6221 

[1] "Round 26"
Estimating optimal shrinkage intensity lambda.var (variance vector): 0.8721 

Estimating optimal shrinkage intensity lambda (correlation matrix): 0.6793 

Estimating optimal shrinkage intensity lambda.var (variance vector): 0.7971 

Estimating optimal shrinkage intensity lambda (correlation matrix): 0.6182 

[1] "Round 28"
Estimating optimal shrinkage intensity lambda.var (variance vector): 1 

Estimating optimal shrinkage intensity lambda (correlation matrix): 0.6014 

Estimating optimal shrinkage intensity lambda.var (variance vector): 0.9115 

Estimating optimal shrinkage intensity lambda (correlation matrix): 0.6828 

[1] "Round 30"
Estimating optimal shrinkage intensity lambda.var (variance vector): 0.9995 

Estimating optimal shrinkage intensity lambda (correlation matrix): 0.7014 

Estimating optimal shrinkage intensity lambda.var (variance vector): 0.7696 

Estimating optimal shrinkage intensity lambda (correlation matrix): 0.6133 

[1] "Round 32"
Estimating optimal shrinkage intensity lambda.var (variance vector): 0.7892 

Estimating optimal shrinkage intensity lambda (correlation matrix): 0.7156 

Estimating optimal shrinkage intensity lambda.var (variance vector): 0.8455 

Estimating optimal shrinkage intensity lambda (correlation matrix): 0.7569 

[1] "Round 34"
Estimating optimal shrinkage intensity lambda.var (variance vector): 0.9634 

Estimating optimal shrinkage intensity lambda (correlation matrix): 0.7234 

Estimating optimal shrinkage intensity lambda.var (variance vector): 0.9079 

Estimating optimal shrinkage intensity lambda (correlation matrix): 0.7328 

[1] "Round 36"
Estimating optimal shrinkage intensity lambda.var (variance vector): 0.7855 

Estimating optimal shrinkage intensity lambda (correlation matrix): 0.6337 

Estimating optimal shrinkage intensity lambda.var (variance vector): 0.825 

Estimating optimal shrinkage intensity lambda (correlation matrix): 0.5837 

[1] "Round 38"
Estimating optimal shrinkage intensity lambda.var (variance vector): 0.8369 

Estimating optimal shrinkage intensity lambda (correlation matrix): 0.6995 

Estimating optimal shrinkage intensity lambda.var (variance vector): 0.8594 

Estimating optimal shrinkage intensity lambda (correlation matrix): 0.6235 

[1] "Round 40"
Estimating optimal shrinkage intensity lambda.var (variance vector): 0.9296 

Estimating optimal shrinkage intensity lambda (correlation matrix): 0.6592 

Estimating optimal shrinkage intensity lambda.var (variance vector): 0.767 

Estimating optimal shrinkage intensity lambda (correlation matrix): 0.6962 

[1] "Round 42"
Estimating optimal shrinkage intensity lambda.var (variance vector): 0.9835 

Estimating optimal shrinkage intensity lambda (correlation matrix): 0.5877 

Estimating optimal shrinkage intensity lambda.var (variance vector): 0.9408 

Estimating optimal shrinkage intensity lambda (correlation matrix): 0.6865 

[1] "Round 44"
Estimating optimal shrinkage intensity lambda.var (variance vector): 0.9668 

Estimating optimal shrinkage intensity lambda (correlation matrix): 0.5932 

Estimating optimal shrinkage intensity lambda.var (variance vector): 1 

Estimating optimal shrinkage intensity lambda (correlation matrix): 0.5095 

[1] "Round 46"
Estimating optimal shrinkage intensity lambda.var (variance vector): 0.7277 

Estimating optimal shrinkage intensity lambda (correlation matrix): 0.6131 

Estimating optimal shrinkage intensity lambda.var (variance vector): 0.9293 

Estimating optimal shrinkage intensity lambda (correlation matrix): 0.4371 

[1] "Round 48"
Estimating optimal shrinkage intensity lambda.var (variance vector): 0.9041 

Estimating optimal shrinkage intensity lambda (correlation matrix): 0.505 

Estimating optimal shrinkage intensity lambda.var (variance vector): 0.7776 

Estimating optimal shrinkage intensity lambda (correlation matrix): 0.7047 

[1] "Round 50"
Estimating optimal shrinkage intensity lambda.var (variance vector): 0.8152 

Estimating optimal shrinkage intensity lambda (correlation matrix): 0.5328 

Estimating optimal shrinkage intensity lambda.var (variance vector): 0.8005 

Estimating optimal shrinkage intensity lambda (correlation matrix): 0.7006 

[1] "Round 52"
Estimating optimal shrinkage intensity lambda.var (variance vector): 0.8836 

Estimating optimal shrinkage intensity lambda (correlation matrix): 0.582 

Estimating optimal shrinkage intensity lambda.var (variance vector): 0.8363 

Estimating optimal shrinkage intensity lambda (correlation matrix): 0.642 

[1] "Round 54"
Estimating optimal shrinkage intensity lambda.var (variance vector): 0.8556 

Estimating optimal shrinkage intensity lambda (correlation matrix): 0.6967 

Estimating optimal shrinkage intensity lambda.var (variance vector): 0.8376 

Estimating optimal shrinkage intensity lambda (correlation matrix): 0.7322 

[1] "Round 56"
Estimating optimal shrinkage intensity lambda.var (variance vector): 0.8744 

Estimating optimal shrinkage intensity lambda (correlation matrix): 0.5677 

Estimating optimal shrinkage intensity lambda.var (variance vector): 0.9712 

Estimating optimal shrinkage intensity lambda (correlation matrix): 0.5867 

[1] "Round 58"
Estimating optimal shrinkage intensity lambda.var (variance vector): 1 

Estimating optimal shrinkage intensity lambda (correlation matrix): 0.6227 

Estimating optimal shrinkage intensity lambda.var (variance vector): 0.9349 

Estimating optimal shrinkage intensity lambda (correlation matrix): 0.6032 

[1] "Round 60"
Estimating optimal shrinkage intensity lambda.var (variance vector): 0.9633 

Estimating optimal shrinkage intensity lambda (correlation matrix): 0.6237 

Estimating optimal shrinkage intensity lambda.var (variance vector): 0.8365 

Estimating optimal shrinkage intensity lambda (correlation matrix): 0.6259 

[1] "Round 62"
Estimating optimal shrinkage intensity lambda.var (variance vector): 0.8129 

Estimating optimal shrinkage intensity lambda (correlation matrix): 0.6245 

Estimating optimal shrinkage intensity lambda.var (variance vector): 0.9234 

Estimating optimal shrinkage intensity lambda (correlation matrix): 0.6953 

[1] "Round 64"
Estimating optimal shrinkage intensity lambda.var (variance vector): 1 

Estimating optimal shrinkage intensity lambda (correlation matrix): 0.7121 

Estimating optimal shrinkage intensity lambda.var (variance vector): 0.9785 

Estimating optimal shrinkage intensity lambda (correlation matrix): 0.6314 

[1] "Round 66"
Estimating optimal shrinkage intensity lambda.var (variance vector): 0.7652 

Estimating optimal shrinkage intensity lambda (correlation matrix): 0.6785 

Estimating optimal shrinkage intensity lambda.var (variance vector): 1 

Estimating optimal shrinkage intensity lambda (correlation matrix): 0.6783 

[1] "Round 68"
Estimating optimal shrinkage intensity lambda.var (variance vector): 0.9476 

Estimating optimal shrinkage intensity lambda (correlation matrix): 0.5493 

Estimating optimal shrinkage intensity lambda.var (variance vector): 0.7267 

Estimating optimal shrinkage intensity lambda (correlation matrix): 0.6253 

[1] "Round 70"
Estimating optimal shrinkage intensity lambda.var (variance vector): 0.9498 

Estimating optimal shrinkage intensity lambda (correlation matrix): 0.5836 

Estimating optimal shrinkage intensity lambda.var (variance vector): 0.8693 

Estimating optimal shrinkage intensity lambda (correlation matrix): 0.5214 

[1] "Round 72"
Estimating optimal shrinkage intensity lambda.var (variance vector): 1 

Estimating optimal shrinkage intensity lambda (correlation matrix): 0.5918 

Estimating optimal shrinkage intensity lambda.var (variance vector): 0.8905 

Estimating optimal shrinkage intensity lambda (correlation matrix): 0.6126 

[1] "Round 74"
Estimating optimal shrinkage intensity lambda.var (variance vector): 0.9987 

Estimating optimal shrinkage intensity lambda (correlation matrix): 0.5301 

Estimating optimal shrinkage intensity lambda.var (variance vector): 1 

Estimating optimal shrinkage intensity lambda (correlation matrix): 0.6269 

[1] "Round 76"
Estimating optimal shrinkage intensity lambda.var (variance vector): 0.9902 

Estimating optimal shrinkage intensity lambda (correlation matrix): 0.6016 

Estimating optimal shrinkage intensity lambda.var (variance vector): 0.9902 

Estimating optimal shrinkage intensity lambda (correlation matrix): 0.6414 

[1] "Round 78"
Estimating optimal shrinkage intensity lambda.var (variance vector): 0.8237 

Estimating optimal shrinkage intensity lambda (correlation matrix): 0.6413 

Estimating optimal shrinkage intensity lambda.var (variance vector): 0.849 

Estimating optimal shrinkage intensity lambda (correlation matrix): 0.6476 

[1] "Round 80"
Estimating optimal shrinkage intensity lambda.var (variance vector): 0.9049 

Estimating optimal shrinkage intensity lambda (correlation matrix): 0.6037 

Estimating optimal shrinkage intensity lambda.var (variance vector): 0.9247 

Estimating optimal shrinkage intensity lambda (correlation matrix): 0.5313 

[1] "Round 82"
Estimating optimal shrinkage intensity lambda.var (variance vector): 0.737 

Estimating optimal shrinkage intensity lambda (correlation matrix): 0.6557 

Estimating optimal shrinkage intensity lambda.var (variance vector): 0.8726 

Estimating optimal shrinkage intensity lambda (correlation matrix): 0.6035 

[1] "Round 84"
Estimating optimal shrinkage intensity lambda.var (variance vector): 1 

Estimating optimal shrinkage intensity lambda (correlation matrix): 0.6819 

Estimating optimal shrinkage intensity lambda.var (variance vector): 0.8429 

Estimating optimal shrinkage intensity lambda (correlation matrix): 0.5476 

[1] "Round 86"
Estimating optimal shrinkage intensity lambda.var (variance vector): 1 

Estimating optimal shrinkage intensity lambda (correlation matrix): 0.4908 

Estimating optimal shrinkage intensity lambda.var (variance vector): 1 

Estimating optimal shrinkage intensity lambda (correlation matrix): 0.6021 

[1] "Round 88"
Estimating optimal shrinkage intensity lambda.var (variance vector): 1 

Estimating optimal shrinkage intensity lambda (correlation matrix): 0.6241 

Estimating optimal shrinkage intensity lambda.var (variance vector): 0.8823 

Estimating optimal shrinkage intensity lambda (correlation matrix): 0.5998 

[1] "Round 90"
Estimating optimal shrinkage intensity lambda.var (variance vector): 1 

Estimating optimal shrinkage intensity lambda (correlation matrix): 0.5507 

Estimating optimal shrinkage intensity lambda.var (variance vector): 1 

Estimating optimal shrinkage intensity lambda (correlation matrix): 0.4642 

[1] "Round 92"
Estimating optimal shrinkage intensity lambda.var (variance vector): 0.8892 

Estimating optimal shrinkage intensity lambda (correlation matrix): 0.8377 

Estimating optimal shrinkage intensity lambda.var (variance vector): 1 

Estimating optimal shrinkage intensity lambda (correlation matrix): 0.5738 

[1] "Round 94"
Estimating optimal shrinkage intensity lambda.var (variance vector): 0.8608 

Estimating optimal shrinkage intensity lambda (correlation matrix): 0.4582 

Estimating optimal shrinkage intensity lambda.var (variance vector): 1 

Estimating optimal shrinkage intensity lambda (correlation matrix): 0.7178 

[1] "Round 96"
Estimating optimal shrinkage intensity lambda.var (variance vector): 0.825 

Estimating optimal shrinkage intensity lambda (correlation matrix): 0.7002 

Estimating optimal shrinkage intensity lambda.var (variance vector): 0.9457 

Estimating optimal shrinkage intensity lambda (correlation matrix): 0.6657 

[1] "Round 98"
Estimating optimal shrinkage intensity lambda.var (variance vector): 0.9007 

Estimating optimal shrinkage intensity lambda (correlation matrix): 0.7042 

Estimating optimal shrinkage intensity lambda.var (variance vector): 0.9453 

Estimating optimal shrinkage intensity lambda (correlation matrix): 0.7622 

[1] "Round 100"
Estimating optimal shrinkage intensity lambda.var (variance vector): 0.9133 

Estimating optimal shrinkage intensity lambda (correlation matrix): 0.4367 

[1] "data/Debi+lognormal_n100_p100_tau1.3_rho0.5_sigma0.5_Nsim100"
                       lambda       SE       PE      linf         FPR
bootstrap_mean     0.23388420 33033.06 18882.99 10.432491 0.043085106
bootstrap_mean_std 0.01255937 24968.25 13474.17  4.856758 0.003472397
                          FNR        TPR      sum_beta
bootstrap_mean     0.71833333 0.28166667 -1.078179e-16
bootstrap_mean_std 0.02341436 0.02341436  9.923869e-17
Time difference of 6.925137 mins
Estimating optimal shrinkage intensity lambda.var (variance vector): 0.8866 

Estimating optimal shrinkage intensity lambda (correlation matrix): 0.6756 

[1] "Round 2"
Estimating optimal shrinkage intensity lambda.var (variance vector): 0.939 

Estimating optimal shrinkage intensity lambda (correlation matrix): 0.5777 

Estimating optimal shrinkage intensity lambda.var (variance vector): 1 

Estimating optimal shrinkage intensity lambda (correlation matrix): 0.8014 

[1] "Round 4"
Estimating optimal shrinkage intensity lambda.var (variance vector): 1 

Estimating optimal shrinkage intensity lambda (correlation matrix): 0.6252 

Estimating optimal shrinkage intensity lambda.var (variance vector): 0.9862 

Estimating optimal shrinkage intensity lambda (correlation matrix): 0.7077 

[1] "Round 6"
Estimating optimal shrinkage intensity lambda.var (variance vector): 0.9526 

Estimating optimal shrinkage intensity lambda (correlation matrix): 0.7654 

Estimating optimal shrinkage intensity lambda.var (variance vector): 0.8825 

Estimating optimal shrinkage intensity lambda (correlation matrix): 0.7502 

[1] "Round 8"
Estimating optimal shrinkage intensity lambda.var (variance vector): 0.6897 

Estimating optimal shrinkage intensity lambda (correlation matrix): 0.7291 

Estimating optimal shrinkage intensity lambda.var (variance vector): 1 

Estimating optimal shrinkage intensity lambda (correlation matrix): 0.5756 

[1] "Round 10"
Estimating optimal shrinkage intensity lambda.var (variance vector): 1 

Estimating optimal shrinkage intensity lambda (correlation matrix): 0.5162 

Estimating optimal shrinkage intensity lambda.var (variance vector): 0.7588 

Estimating optimal shrinkage intensity lambda (correlation matrix): 0.4392 

[1] "Round 12"
Estimating optimal shrinkage intensity lambda.var (variance vector): 1 

Estimating optimal shrinkage intensity lambda (correlation matrix): 0.6678 

Estimating optimal shrinkage intensity lambda.var (variance vector): 1 

Estimating optimal shrinkage intensity lambda (correlation matrix): 0.6985 

[1] "Round 14"
Estimating optimal shrinkage intensity lambda.var (variance vector): 0.8784 

Estimating optimal shrinkage intensity lambda (correlation matrix): 0.6704 

Estimating optimal shrinkage intensity lambda.var (variance vector): 0.8794 

Estimating optimal shrinkage intensity lambda (correlation matrix): 0.7742 

[1] "Round 16"
Estimating optimal shrinkage intensity lambda.var (variance vector): 1 

Estimating optimal shrinkage intensity lambda (correlation matrix): 0.6135 

Estimating optimal shrinkage intensity lambda.var (variance vector): 0.8246 

Estimating optimal shrinkage intensity lambda (correlation matrix): 0.7357 

[1] "Round 18"
Estimating optimal shrinkage intensity lambda.var (variance vector): 0.9389 

Estimating optimal shrinkage intensity lambda (correlation matrix): 0.5709 

Estimating optimal shrinkage intensity lambda.var (variance vector): 1 

Estimating optimal shrinkage intensity lambda (correlation matrix): 0.6382 

[1] "Round 20"
Estimating optimal shrinkage intensity lambda.var (variance vector): 0.7605 

Estimating optimal shrinkage intensity lambda (correlation matrix): 0.8023 

Estimating optimal shrinkage intensity lambda.var (variance vector): 1 

Estimating optimal shrinkage intensity lambda (correlation matrix): 0.7201 

[1] "Round 22"
Estimating optimal shrinkage intensity lambda.var (variance vector): 1 

Estimating optimal shrinkage intensity lambda (correlation matrix): 0.656 

Estimating optimal shrinkage intensity lambda.var (variance vector): 1 

Estimating optimal shrinkage intensity lambda (correlation matrix): 0.8036 

[1] "Round 24"
Estimating optimal shrinkage intensity lambda.var (variance vector): 1 

Estimating optimal shrinkage intensity lambda (correlation matrix): 0.6838 

Estimating optimal shrinkage intensity lambda.var (variance vector): 1 

Estimating optimal shrinkage intensity lambda (correlation matrix): 0.6244 

[1] "Round 26"
Estimating optimal shrinkage intensity lambda.var (variance vector): 0.886 

Estimating optimal shrinkage intensity lambda (correlation matrix): 0.6878 

Estimating optimal shrinkage intensity lambda.var (variance vector): 0.7751 

Estimating optimal shrinkage intensity lambda (correlation matrix): 0.6375 

[1] "Round 28"
Estimating optimal shrinkage intensity lambda.var (variance vector): 1 

Estimating optimal shrinkage intensity lambda (correlation matrix): 0.621 

Estimating optimal shrinkage intensity lambda.var (variance vector): 0.9145 

Estimating optimal shrinkage intensity lambda (correlation matrix): 0.6965 

[1] "Round 30"
Estimating optimal shrinkage intensity lambda.var (variance vector): 1 

Estimating optimal shrinkage intensity lambda (correlation matrix): 0.7161 

Estimating optimal shrinkage intensity lambda.var (variance vector): 0.7806 

Estimating optimal shrinkage intensity lambda (correlation matrix): 0.6169 

[1] "Round 32"
Estimating optimal shrinkage intensity lambda.var (variance vector): 0.8116 

Estimating optimal shrinkage intensity lambda (correlation matrix): 0.7415 

Estimating optimal shrinkage intensity lambda.var (variance vector): 0.8692 

Estimating optimal shrinkage intensity lambda (correlation matrix): 0.7762 

[1] "Round 34"
Estimating optimal shrinkage intensity lambda.var (variance vector): 0.9594 

Estimating optimal shrinkage intensity lambda (correlation matrix): 0.726 

Estimating optimal shrinkage intensity lambda.var (variance vector): 0.9298 

Estimating optimal shrinkage intensity lambda (correlation matrix): 0.7609 

[1] "Round 36"
Estimating optimal shrinkage intensity lambda.var (variance vector): 0.8076 

Estimating optimal shrinkage intensity lambda (correlation matrix): 0.6428 

Estimating optimal shrinkage intensity lambda.var (variance vector): 0.8428 

Estimating optimal shrinkage intensity lambda (correlation matrix): 0.6063 

[1] "Round 38"
Estimating optimal shrinkage intensity lambda.var (variance vector): 0.8647 

Estimating optimal shrinkage intensity lambda (correlation matrix): 0.7299 

Estimating optimal shrinkage intensity lambda.var (variance vector): 0.8435 

Estimating optimal shrinkage intensity lambda (correlation matrix): 0.6525 

[1] "Round 40"
Estimating optimal shrinkage intensity lambda.var (variance vector): 0.9579 

Estimating optimal shrinkage intensity lambda (correlation matrix): 0.6807 

Estimating optimal shrinkage intensity lambda.var (variance vector): 0.7855 

Estimating optimal shrinkage intensity lambda (correlation matrix): 0.7046 

[1] "Round 42"
Estimating optimal shrinkage intensity lambda.var (variance vector): 0.9787 

Estimating optimal shrinkage intensity lambda (correlation matrix): 0.6046 

Estimating optimal shrinkage intensity lambda.var (variance vector): 0.9442 

Estimating optimal shrinkage intensity lambda (correlation matrix): 0.7047 

[1] "Round 44"
Estimating optimal shrinkage intensity lambda.var (variance vector): 0.9899 

Estimating optimal shrinkage intensity lambda (correlation matrix): 0.6258 

Estimating optimal shrinkage intensity lambda.var (variance vector): 1 

Estimating optimal shrinkage intensity lambda (correlation matrix): 0.5272 

[1] "Round 46"
Estimating optimal shrinkage intensity lambda.var (variance vector): 0.7264 

Estimating optimal shrinkage intensity lambda (correlation matrix): 0.6184 

Estimating optimal shrinkage intensity lambda.var (variance vector): 0.9673 

Estimating optimal shrinkage intensity lambda (correlation matrix): 0.4339 

[1] "Round 48"
Estimating optimal shrinkage intensity lambda.var (variance vector): 0.9059 

Estimating optimal shrinkage intensity lambda (correlation matrix): 0.5076 

Estimating optimal shrinkage intensity lambda.var (variance vector): 0.7933 

Estimating optimal shrinkage intensity lambda (correlation matrix): 0.7136 

[1] "Round 50"
Estimating optimal shrinkage intensity lambda.var (variance vector): 0.818 

Estimating optimal shrinkage intensity lambda (correlation matrix): 0.5414 

Estimating optimal shrinkage intensity lambda.var (variance vector): 0.8216 

Estimating optimal shrinkage intensity lambda (correlation matrix): 0.7077 

[1] "Round 52"
Estimating optimal shrinkage intensity lambda.var (variance vector): 0.8895 

Estimating optimal shrinkage intensity lambda (correlation matrix): 0.5982 

Estimating optimal shrinkage intensity lambda.var (variance vector): 0.85 

Estimating optimal shrinkage intensity lambda (correlation matrix): 0.6601 

[1] "Round 54"
Estimating optimal shrinkage intensity lambda.var (variance vector): 0.8946 

Estimating optimal shrinkage intensity lambda (correlation matrix): 0.7023 

Estimating optimal shrinkage intensity lambda.var (variance vector): 0.8784 

Estimating optimal shrinkage intensity lambda (correlation matrix): 0.7505 

[1] "Round 56"
Estimating optimal shrinkage intensity lambda.var (variance vector): 0.8867 

Estimating optimal shrinkage intensity lambda (correlation matrix): 0.5838 

Estimating optimal shrinkage intensity lambda.var (variance vector): 0.9905 

Estimating optimal shrinkage intensity lambda (correlation matrix): 0.5866 

[1] "Round 58"
Estimating optimal shrinkage intensity lambda.var (variance vector): 1 

Estimating optimal shrinkage intensity lambda (correlation matrix): 0.619 

Estimating optimal shrinkage intensity lambda.var (variance vector): 0.9537 

Estimating optimal shrinkage intensity lambda (correlation matrix): 0.6218 

[1] "Round 60"
Estimating optimal shrinkage intensity lambda.var (variance vector): 1 

Estimating optimal shrinkage intensity lambda (correlation matrix): 0.6474 

Estimating optimal shrinkage intensity lambda.var (variance vector): 0.8772 

Estimating optimal shrinkage intensity lambda (correlation matrix): 0.6509 

[1] "Round 62"
Estimating optimal shrinkage intensity lambda.var (variance vector): 0.8448 

Estimating optimal shrinkage intensity lambda (correlation matrix): 0.6245 

Estimating optimal shrinkage intensity lambda.var (variance vector): 0.9526 

Estimating optimal shrinkage intensity lambda (correlation matrix): 0.717 

[1] "Round 64"
Estimating optimal shrinkage intensity lambda.var (variance vector): 1 

Estimating optimal shrinkage intensity lambda (correlation matrix): 0.7494 

Estimating optimal shrinkage intensity lambda.var (variance vector): 0.9942 

Estimating optimal shrinkage intensity lambda (correlation matrix): 0.6462 

[1] "Round 66"
Estimating optimal shrinkage intensity lambda.var (variance vector): 0.7634 

Estimating optimal shrinkage intensity lambda (correlation matrix): 0.7154 

Estimating optimal shrinkage intensity lambda.var (variance vector): 1 

Estimating optimal shrinkage intensity lambda (correlation matrix): 0.7091 

[1] "Round 68"
Estimating optimal shrinkage intensity lambda.var (variance vector): 0.9813 

Estimating optimal shrinkage intensity lambda (correlation matrix): 0.5598 

Estimating optimal shrinkage intensity lambda.var (variance vector): 0.7626 

Estimating optimal shrinkage intensity lambda (correlation matrix): 0.6343 

[1] "Round 70"
Estimating optimal shrinkage intensity lambda.var (variance vector): 0.948 

Estimating optimal shrinkage intensity lambda (correlation matrix): 0.5884 

Estimating optimal shrinkage intensity lambda.var (variance vector): 0.8602 

Estimating optimal shrinkage intensity lambda (correlation matrix): 0.5089 

[1] "Round 72"
Estimating optimal shrinkage intensity lambda.var (variance vector): 1 

Estimating optimal shrinkage intensity lambda (correlation matrix): 0.6099 

Estimating optimal shrinkage intensity lambda.var (variance vector): 0.9238 

Estimating optimal shrinkage intensity lambda (correlation matrix): 0.6389 

[1] "Round 74"
Estimating optimal shrinkage intensity lambda.var (variance vector): 1 

Estimating optimal shrinkage intensity lambda (correlation matrix): 0.5674 

Estimating optimal shrinkage intensity lambda.var (variance vector): 1 

Estimating optimal shrinkage intensity lambda (correlation matrix): 0.6109 

[1] "Round 76"
Estimating optimal shrinkage intensity lambda.var (variance vector): 0.9902 

Estimating optimal shrinkage intensity lambda (correlation matrix): 0.6045 

Estimating optimal shrinkage intensity lambda.var (variance vector): 1 

Estimating optimal shrinkage intensity lambda (correlation matrix): 0.6551 

[1] "Round 78"
Estimating optimal shrinkage intensity lambda.var (variance vector): 0.8201 

Estimating optimal shrinkage intensity lambda (correlation matrix): 0.6638 

Estimating optimal shrinkage intensity lambda.var (variance vector): 0.8446 

Estimating optimal shrinkage intensity lambda (correlation matrix): 0.6536 

[1] "Round 80"
Estimating optimal shrinkage intensity lambda.var (variance vector): 0.9363 

Estimating optimal shrinkage intensity lambda (correlation matrix): 0.6174 

Estimating optimal shrinkage intensity lambda.var (variance vector): 0.9486 

Estimating optimal shrinkage intensity lambda (correlation matrix): 0.5268 

[1] "Round 82"
Estimating optimal shrinkage intensity lambda.var (variance vector): 0.7507 

Estimating optimal shrinkage intensity lambda (correlation matrix): 0.6873 

Estimating optimal shrinkage intensity lambda.var (variance vector): 0.8983 

Estimating optimal shrinkage intensity lambda (correlation matrix): 0.6178 

[1] "Round 84"
Estimating optimal shrinkage intensity lambda.var (variance vector): 1 

Estimating optimal shrinkage intensity lambda (correlation matrix): 0.6618 

Estimating optimal shrinkage intensity lambda.var (variance vector): 0.8704 

Estimating optimal shrinkage intensity lambda (correlation matrix): 0.5614 

[1] "Round 86"
Estimating optimal shrinkage intensity lambda.var (variance vector): 1 

Estimating optimal shrinkage intensity lambda (correlation matrix): 0.4755 

Estimating optimal shrinkage intensity lambda.var (variance vector): 1 

Estimating optimal shrinkage intensity lambda (correlation matrix): 0.6103 

[1] "Round 88"
Estimating optimal shrinkage intensity lambda.var (variance vector): 1 

Estimating optimal shrinkage intensity lambda (correlation matrix): 0.627 

Estimating optimal shrinkage intensity lambda.var (variance vector): 0.9052 

Estimating optimal shrinkage intensity lambda (correlation matrix): 0.6181 

[1] "Round 90"
Estimating optimal shrinkage intensity lambda.var (variance vector): 1 

Estimating optimal shrinkage intensity lambda (correlation matrix): 0.5614 

Estimating optimal shrinkage intensity lambda.var (variance vector): 1 

Estimating optimal shrinkage intensity lambda (correlation matrix): 0.4581 

[1] "Round 92"
Estimating optimal shrinkage intensity lambda.var (variance vector): 0.9289 

Estimating optimal shrinkage intensity lambda (correlation matrix): 0.8539 

Estimating optimal shrinkage intensity lambda.var (variance vector): 1 

Estimating optimal shrinkage intensity lambda (correlation matrix): 0.5786 

[1] "Round 94"
Estimating optimal shrinkage intensity lambda.var (variance vector): 0.8857 

Estimating optimal shrinkage intensity lambda (correlation matrix): 0.4616 

Estimating optimal shrinkage intensity lambda.var (variance vector): 1 

Estimating optimal shrinkage intensity lambda (correlation matrix): 0.7473 

[1] "Round 96"
Estimating optimal shrinkage intensity lambda.var (variance vector): 0.8825 

Estimating optimal shrinkage intensity lambda (correlation matrix): 0.724 

Estimating optimal shrinkage intensity lambda.var (variance vector): 0.9376 

Estimating optimal shrinkage intensity lambda (correlation matrix): 0.6587 

[1] "Round 98"
Estimating optimal shrinkage intensity lambda.var (variance vector): 0.9039 

Estimating optimal shrinkage intensity lambda (correlation matrix): 0.7204 

Estimating optimal shrinkage intensity lambda.var (variance vector): 0.9769 

Estimating optimal shrinkage intensity lambda (correlation matrix): 0.7788 

[1] "Round 100"
Estimating optimal shrinkage intensity lambda.var (variance vector): 0.928 

Estimating optimal shrinkage intensity lambda (correlation matrix): 0.4553 

[1] "data/Debi+lognormal_n100_p100_tau1.5_rho0.5_sigma0.5_Nsim100"
                      lambda       SE       PE      linf        FPR        FNR
bootstrap_mean     0.2716440 20959.49 22490.75 10.022242 0.04776596 0.82833333
bootstrap_mean_std 0.0141272 19252.16 21010.67  3.461531 0.00709944 0.02057738
                          TPR      sum_beta
bootstrap_mean     0.17166667 -7.093826e-17
bootstrap_mean_std 0.02057738  3.651279e-17
Time difference of 8.246655 mins
Estimating optimal shrinkage intensity lambda.var (variance vector): 0.8713 

Estimating optimal shrinkage intensity lambda (correlation matrix): 0.6873 

[1] "Round 2"
Estimating optimal shrinkage intensity lambda.var (variance vector): 0.9481 

Estimating optimal shrinkage intensity lambda (correlation matrix): 0.5827 

Estimating optimal shrinkage intensity lambda.var (variance vector): 1 

Estimating optimal shrinkage intensity lambda (correlation matrix): 0.816 

[1] "Round 4"
Estimating optimal shrinkage intensity lambda.var (variance vector): 1 

Estimating optimal shrinkage intensity lambda (correlation matrix): 0.6309 

Estimating optimal shrinkage intensity lambda.var (variance vector): 1 

Estimating optimal shrinkage intensity lambda (correlation matrix): 0.7289 

[1] "Round 6"
Estimating optimal shrinkage intensity lambda.var (variance vector): 0.9784 

Estimating optimal shrinkage intensity lambda (correlation matrix): 0.7812 

Estimating optimal shrinkage intensity lambda.var (variance vector): 0.907 

Estimating optimal shrinkage intensity lambda (correlation matrix): 0.7627 

[1] "Round 8"
Estimating optimal shrinkage intensity lambda.var (variance vector): 0.6825 

Estimating optimal shrinkage intensity lambda (correlation matrix): 0.7291 

Estimating optimal shrinkage intensity lambda.var (variance vector): 1 

Estimating optimal shrinkage intensity lambda (correlation matrix): 0.5886 

[1] "Round 10"
Estimating optimal shrinkage intensity lambda.var (variance vector): 1 

Estimating optimal shrinkage intensity lambda (correlation matrix): 0.5241 

Estimating optimal shrinkage intensity lambda.var (variance vector): 0.7794 

Estimating optimal shrinkage intensity lambda (correlation matrix): 0.4444 

[1] "Round 12"
Estimating optimal shrinkage intensity lambda.var (variance vector): 1 

Estimating optimal shrinkage intensity lambda (correlation matrix): 0.685 

Estimating optimal shrinkage intensity lambda.var (variance vector): 1 

Estimating optimal shrinkage intensity lambda (correlation matrix): 0.7081 

[1] "Round 14"
Estimating optimal shrinkage intensity lambda.var (variance vector): 0.9033 

Estimating optimal shrinkage intensity lambda (correlation matrix): 0.6743 

Estimating optimal shrinkage intensity lambda.var (variance vector): 0.8817 

Estimating optimal shrinkage intensity lambda (correlation matrix): 0.7793 

[1] "Round 16"
Estimating optimal shrinkage intensity lambda.var (variance vector): 1 

Estimating optimal shrinkage intensity lambda (correlation matrix): 0.6193 

Estimating optimal shrinkage intensity lambda.var (variance vector): 0.8582 

Estimating optimal shrinkage intensity lambda (correlation matrix): 0.7302 

[1] "Round 18"
Estimating optimal shrinkage intensity lambda.var (variance vector): 0.9564 

Estimating optimal shrinkage intensity lambda (correlation matrix): 0.5693 

Estimating optimal shrinkage intensity lambda.var (variance vector): 1 

Estimating optimal shrinkage intensity lambda (correlation matrix): 0.6349 

[1] "Round 20"
Estimating optimal shrinkage intensity lambda.var (variance vector): 0.7766 

Estimating optimal shrinkage intensity lambda (correlation matrix): 0.8182 

Estimating optimal shrinkage intensity lambda.var (variance vector): 1 

Estimating optimal shrinkage intensity lambda (correlation matrix): 0.7305 

[1] "Round 22"
Estimating optimal shrinkage intensity lambda.var (variance vector): 1 

Estimating optimal shrinkage intensity lambda (correlation matrix): 0.6616 

Estimating optimal shrinkage intensity lambda.var (variance vector): 1 

Estimating optimal shrinkage intensity lambda (correlation matrix): 0.8165 

[1] "Round 24"
Estimating optimal shrinkage intensity lambda.var (variance vector): 1 

Estimating optimal shrinkage intensity lambda (correlation matrix): 0.7017 

Estimating optimal shrinkage intensity lambda.var (variance vector): 1 

Estimating optimal shrinkage intensity lambda (correlation matrix): 0.6179 

[1] "Round 26"
Estimating optimal shrinkage intensity lambda.var (variance vector): 0.91 

Estimating optimal shrinkage intensity lambda (correlation matrix): 0.6921 

Estimating optimal shrinkage intensity lambda.var (variance vector): 0.758 

Estimating optimal shrinkage intensity lambda (correlation matrix): 0.6494 

[1] "Round 28"
Estimating optimal shrinkage intensity lambda.var (variance vector): 1 

Estimating optimal shrinkage intensity lambda (correlation matrix): 0.6381 

Estimating optimal shrinkage intensity lambda.var (variance vector): 0.915 

Estimating optimal shrinkage intensity lambda (correlation matrix): 0.7016 

[1] "Round 30"
Estimating optimal shrinkage intensity lambda.var (variance vector): 1 

Estimating optimal shrinkage intensity lambda (correlation matrix): 0.7206 

Estimating optimal shrinkage intensity lambda.var (variance vector): 0.7914 

Estimating optimal shrinkage intensity lambda (correlation matrix): 0.6119 

[1] "Round 32"
Estimating optimal shrinkage intensity lambda.var (variance vector): 0.836 

Estimating optimal shrinkage intensity lambda (correlation matrix): 0.7611 

Estimating optimal shrinkage intensity lambda.var (variance vector): 0.8947 

Estimating optimal shrinkage intensity lambda (correlation matrix): 0.7855 

[1] "Round 34"
Estimating optimal shrinkage intensity lambda.var (variance vector): 0.9493 

Estimating optimal shrinkage intensity lambda (correlation matrix): 0.7222 

Estimating optimal shrinkage intensity lambda.var (variance vector): 0.9469 

Estimating optimal shrinkage intensity lambda (correlation matrix): 0.7832 

[1] "Round 36"
Estimating optimal shrinkage intensity lambda.var (variance vector): 0.8203 

Estimating optimal shrinkage intensity lambda (correlation matrix): 0.6445 

Estimating optimal shrinkage intensity lambda.var (variance vector): 0.8818 

Estimating optimal shrinkage intensity lambda (correlation matrix): 0.6217 

[1] "Round 38"
Estimating optimal shrinkage intensity lambda.var (variance vector): 0.8971 

Estimating optimal shrinkage intensity lambda (correlation matrix): 0.7433 

Estimating optimal shrinkage intensity lambda.var (variance vector): 0.8299 

Estimating optimal shrinkage intensity lambda (correlation matrix): 0.6747 

[1] "Round 40"
Estimating optimal shrinkage intensity lambda.var (variance vector): 0.981 

Estimating optimal shrinkage intensity lambda (correlation matrix): 0.6886 

Estimating optimal shrinkage intensity lambda.var (variance vector): 0.8063 

Estimating optimal shrinkage intensity lambda (correlation matrix): 0.7033 

[1] "Round 42"
Estimating optimal shrinkage intensity lambda.var (variance vector): 0.9731 

Estimating optimal shrinkage intensity lambda (correlation matrix): 0.6116 

Estimating optimal shrinkage intensity lambda.var (variance vector): 0.9566 

Estimating optimal shrinkage intensity lambda (correlation matrix): 0.7152 

[1] "Round 44"
Estimating optimal shrinkage intensity lambda.var (variance vector): 1 

Estimating optimal shrinkage intensity lambda (correlation matrix): 0.6511 

Estimating optimal shrinkage intensity lambda.var (variance vector): 1 

Estimating optimal shrinkage intensity lambda (correlation matrix): 0.535 

[1] "Round 46"
Estimating optimal shrinkage intensity lambda.var (variance vector): 0.7255 

Estimating optimal shrinkage intensity lambda (correlation matrix): 0.617 

Estimating optimal shrinkage intensity lambda.var (variance vector): 0.9897 

Estimating optimal shrinkage intensity lambda (correlation matrix): 0.4289 

[1] "Round 48"
Estimating optimal shrinkage intensity lambda.var (variance vector): 0.9062 

Estimating optimal shrinkage intensity lambda (correlation matrix): 0.5057 

Estimating optimal shrinkage intensity lambda.var (variance vector): 0.8063 

Estimating optimal shrinkage intensity lambda (correlation matrix): 0.7128 

[1] "Round 50"
Estimating optimal shrinkage intensity lambda.var (variance vector): 0.8286 

Estimating optimal shrinkage intensity lambda (correlation matrix): 0.5475 

Estimating optimal shrinkage intensity lambda.var (variance vector): 0.846 

Estimating optimal shrinkage intensity lambda (correlation matrix): 0.6994 

[1] "Round 52"
Estimating optimal shrinkage intensity lambda.var (variance vector): 0.8972 

Estimating optimal shrinkage intensity lambda (correlation matrix): 0.6009 

Estimating optimal shrinkage intensity lambda.var (variance vector): 0.8591 

Estimating optimal shrinkage intensity lambda (correlation matrix): 0.6726 

[1] "Round 54"
Estimating optimal shrinkage intensity lambda.var (variance vector): 0.9045 

Estimating optimal shrinkage intensity lambda (correlation matrix): 0.6958 

Estimating optimal shrinkage intensity lambda.var (variance vector): 0.9347 

Estimating optimal shrinkage intensity lambda (correlation matrix): 0.7572 

[1] "Round 56"
Estimating optimal shrinkage intensity lambda.var (variance vector): 0.9056 

Estimating optimal shrinkage intensity lambda (correlation matrix): 0.5965 

Estimating optimal shrinkage intensity lambda.var (variance vector): 1 

Estimating optimal shrinkage intensity lambda (correlation matrix): 0.5775 

[1] "Round 58"
Estimating optimal shrinkage intensity lambda.var (variance vector): 1 

Estimating optimal shrinkage intensity lambda (correlation matrix): 0.6059 

Estimating optimal shrinkage intensity lambda.var (variance vector): 0.9711 

Estimating optimal shrinkage intensity lambda (correlation matrix): 0.6318 

[1] "Round 60"
Estimating optimal shrinkage intensity lambda.var (variance vector): 1 

Estimating optimal shrinkage intensity lambda (correlation matrix): 0.6583 

Estimating optimal shrinkage intensity lambda.var (variance vector): 0.9213 

Estimating optimal shrinkage intensity lambda (correlation matrix): 0.6655 

[1] "Round 62"
Estimating optimal shrinkage intensity lambda.var (variance vector): 0.8602 

Estimating optimal shrinkage intensity lambda (correlation matrix): 0.6231 

Estimating optimal shrinkage intensity lambda.var (variance vector): 0.9833 

Estimating optimal shrinkage intensity lambda (correlation matrix): 0.7282 

[1] "Round 64"
Estimating optimal shrinkage intensity lambda.var (variance vector): 1 

Estimating optimal shrinkage intensity lambda (correlation matrix): 0.7751 

Estimating optimal shrinkage intensity lambda.var (variance vector): 1 

Estimating optimal shrinkage intensity lambda (correlation matrix): 0.6568 

[1] "Round 66"
Estimating optimal shrinkage intensity lambda.var (variance vector): 0.7545 

Estimating optimal shrinkage intensity lambda (correlation matrix): 0.744 

Estimating optimal shrinkage intensity lambda.var (variance vector): 1 

Estimating optimal shrinkage intensity lambda (correlation matrix): 0.7259 

[1] "Round 68"
Estimating optimal shrinkage intensity lambda.var (variance vector): 1 

Estimating optimal shrinkage intensity lambda (correlation matrix): 0.5643 

Estimating optimal shrinkage intensity lambda.var (variance vector): 0.7903 

Estimating optimal shrinkage intensity lambda (correlation matrix): 0.6327 

[1] "Round 70"
Estimating optimal shrinkage intensity lambda.var (variance vector): 0.9509 

Estimating optimal shrinkage intensity lambda (correlation matrix): 0.5889 

Estimating optimal shrinkage intensity lambda.var (variance vector): 0.8581 

Estimating optimal shrinkage intensity lambda (correlation matrix): 0.4943 

[1] "Round 72"
Estimating optimal shrinkage intensity lambda.var (variance vector): 1 

Estimating optimal shrinkage intensity lambda (correlation matrix): 0.6239 

Estimating optimal shrinkage intensity lambda.var (variance vector): 0.9513 

Estimating optimal shrinkage intensity lambda (correlation matrix): 0.6518 

[1] "Round 74"
Estimating optimal shrinkage intensity lambda.var (variance vector): 1 

Estimating optimal shrinkage intensity lambda (correlation matrix): 0.5975 

Estimating optimal shrinkage intensity lambda.var (variance vector): 1 

Estimating optimal shrinkage intensity lambda (correlation matrix): 0.5795 

[1] "Round 76"
Estimating optimal shrinkage intensity lambda.var (variance vector): 0.9797 

Estimating optimal shrinkage intensity lambda (correlation matrix): 0.595 

Estimating optimal shrinkage intensity lambda.var (variance vector): 1 

Estimating optimal shrinkage intensity lambda (correlation matrix): 0.6585 

[1] "Round 78"
Estimating optimal shrinkage intensity lambda.var (variance vector): 0.8183 

Estimating optimal shrinkage intensity lambda (correlation matrix): 0.6766 

Estimating optimal shrinkage intensity lambda.var (variance vector): 0.8408 

Estimating optimal shrinkage intensity lambda (correlation matrix): 0.6499 

[1] "Round 80"
Estimating optimal shrinkage intensity lambda.var (variance vector): 0.9711 

Estimating optimal shrinkage intensity lambda (correlation matrix): 0.626 

Estimating optimal shrinkage intensity lambda.var (variance vector): 0.9608 

Estimating optimal shrinkage intensity lambda (correlation matrix): 0.5185 

[1] "Round 82"
Estimating optimal shrinkage intensity lambda.var (variance vector): 0.7643 

Estimating optimal shrinkage intensity lambda (correlation matrix): 0.7077 

Estimating optimal shrinkage intensity lambda.var (variance vector): 0.9254 

Estimating optimal shrinkage intensity lambda (correlation matrix): 0.6279 

[1] "Round 84"
Estimating optimal shrinkage intensity lambda.var (variance vector): 1 

Estimating optimal shrinkage intensity lambda (correlation matrix): 0.6303 

Estimating optimal shrinkage intensity lambda.var (variance vector): 0.9005 

Estimating optimal shrinkage intensity lambda (correlation matrix): 0.5682 

[1] "Round 86"
Estimating optimal shrinkage intensity lambda.var (variance vector): 1 

Estimating optimal shrinkage intensity lambda (correlation matrix): 0.46 

Estimating optimal shrinkage intensity lambda.var (variance vector): 1 

Estimating optimal shrinkage intensity lambda (correlation matrix): 0.6112 

[1] "Round 88"
Estimating optimal shrinkage intensity lambda.var (variance vector): 1 

Estimating optimal shrinkage intensity lambda (correlation matrix): 0.6229 

Estimating optimal shrinkage intensity lambda.var (variance vector): 0.9186 

Estimating optimal shrinkage intensity lambda (correlation matrix): 0.625 

[1] "Round 90"
Estimating optimal shrinkage intensity lambda.var (variance vector): 1 

Estimating optimal shrinkage intensity lambda (correlation matrix): 0.5682 

Estimating optimal shrinkage intensity lambda.var (variance vector): 1 

Estimating optimal shrinkage intensity lambda (correlation matrix): 0.4482 

[1] "Round 92"
Estimating optimal shrinkage intensity lambda.var (variance vector): 0.9565 

Estimating optimal shrinkage intensity lambda (correlation matrix): 0.8545 

Estimating optimal shrinkage intensity lambda.var (variance vector): 1 

Estimating optimal shrinkage intensity lambda (correlation matrix): 0.5803 

[1] "Round 94"
Estimating optimal shrinkage intensity lambda.var (variance vector): 0.9127 

Estimating optimal shrinkage intensity lambda (correlation matrix): 0.4623 

Estimating optimal shrinkage intensity lambda.var (variance vector): 1 

Estimating optimal shrinkage intensity lambda (correlation matrix): 0.764 

[1] "Round 96"
Estimating optimal shrinkage intensity lambda.var (variance vector): 0.9259 

Estimating optimal shrinkage intensity lambda (correlation matrix): 0.7331 

Estimating optimal shrinkage intensity lambda.var (variance vector): 0.9236 

Estimating optimal shrinkage intensity lambda (correlation matrix): 0.641 

[1] "Round 98"
Estimating optimal shrinkage intensity lambda.var (variance vector): 0.9047 

Estimating optimal shrinkage intensity lambda (correlation matrix): 0.7254 

Estimating optimal shrinkage intensity lambda.var (variance vector): 1 

Estimating optimal shrinkage intensity lambda (correlation matrix): 0.7811 

[1] "Round 100"
Estimating optimal shrinkage intensity lambda.var (variance vector): 0.9291 

Estimating optimal shrinkage intensity lambda (correlation matrix): 0.4708 

[1] "data/Debi+lognormal_n100_p100_tau1.7_rho0.5_sigma0.5_Nsim100"
                      lambda        SE        PE      linf        FPR
bootstrap_mean     0.2976987 17518.224 16699.627 14.992688 0.04936170
bootstrap_mean_std 0.0140059  8956.354  7996.308  3.298779 0.01070847
                          FNR        TPR     sum_beta
bootstrap_mean     0.90833333 0.09166667 4.227955e-17
bootstrap_mean_std 0.01647618 0.01647618 3.803738e-17
Time difference of 7.838123 mins
Estimating optimal shrinkage intensity lambda.var (variance vector): 0.8454 

Estimating optimal shrinkage intensity lambda (correlation matrix): 0.6928 

[1] "Round 2"
Estimating optimal shrinkage intensity lambda.var (variance vector): 0.9573 

Estimating optimal shrinkage intensity lambda (correlation matrix): 0.5809 

Estimating optimal shrinkage intensity lambda.var (variance vector): 1 

Estimating optimal shrinkage intensity lambda (correlation matrix): 0.8105 

[1] "Round 4"
Estimating optimal shrinkage intensity lambda.var (variance vector): 1 

Estimating optimal shrinkage intensity lambda (correlation matrix): 0.6293 

Estimating optimal shrinkage intensity lambda.var (variance vector): 1 

Estimating optimal shrinkage intensity lambda (correlation matrix): 0.7397 

[1] "Round 6"
Estimating optimal shrinkage intensity lambda.var (variance vector): 1 

Estimating optimal shrinkage intensity lambda (correlation matrix): 0.7856 

Estimating optimal shrinkage intensity lambda.var (variance vector): 0.9313 

Estimating optimal shrinkage intensity lambda (correlation matrix): 0.7687 

[1] "Round 8"
Estimating optimal shrinkage intensity lambda.var (variance vector): 0.6804 

Estimating optimal shrinkage intensity lambda (correlation matrix): 0.7177 

Estimating optimal shrinkage intensity lambda.var (variance vector): 1 

Estimating optimal shrinkage intensity lambda (correlation matrix): 0.5934 

[1] "Round 10"
Estimating optimal shrinkage intensity lambda.var (variance vector): 1 

Estimating optimal shrinkage intensity lambda (correlation matrix): 0.532 

Estimating optimal shrinkage intensity lambda.var (variance vector): 0.791 

Estimating optimal shrinkage intensity lambda (correlation matrix): 0.4513 

[1] "Round 12"
Estimating optimal shrinkage intensity lambda.var (variance vector): 1 

Estimating optimal shrinkage intensity lambda (correlation matrix): 0.6951 

Estimating optimal shrinkage intensity lambda.var (variance vector): 1 

Estimating optimal shrinkage intensity lambda (correlation matrix): 0.7086 

[1] "Round 14"
Estimating optimal shrinkage intensity lambda.var (variance vector): 0.9269 

Estimating optimal shrinkage intensity lambda (correlation matrix): 0.6709 

Estimating optimal shrinkage intensity lambda.var (variance vector): 0.8865 

Estimating optimal shrinkage intensity lambda (correlation matrix): 0.7748 

[1] "Round 16"
Estimating optimal shrinkage intensity lambda.var (variance vector): 1 

Estimating optimal shrinkage intensity lambda (correlation matrix): 0.6215 

Estimating optimal shrinkage intensity lambda.var (variance vector): 0.8734 

Estimating optimal shrinkage intensity lambda (correlation matrix): 0.7085 

[1] "Round 18"
Estimating optimal shrinkage intensity lambda.var (variance vector): 0.9703 

Estimating optimal shrinkage intensity lambda (correlation matrix): 0.5663 

Estimating optimal shrinkage intensity lambda.var (variance vector): 1 

Estimating optimal shrinkage intensity lambda (correlation matrix): 0.624 

[1] "Round 20"
Estimating optimal shrinkage intensity lambda.var (variance vector): 0.7869 

Estimating optimal shrinkage intensity lambda (correlation matrix): 0.8233 

Estimating optimal shrinkage intensity lambda.var (variance vector): 1 

Estimating optimal shrinkage intensity lambda (correlation matrix): 0.7328 

[1] "Round 22"
Estimating optimal shrinkage intensity lambda.var (variance vector): 1 

Estimating optimal shrinkage intensity lambda (correlation matrix): 0.6605 

Estimating optimal shrinkage intensity lambda.var (variance vector): 1 

Estimating optimal shrinkage intensity lambda (correlation matrix): 0.8186 

[1] "Round 24"
Estimating optimal shrinkage intensity lambda.var (variance vector): 1 

Estimating optimal shrinkage intensity lambda (correlation matrix): 0.7095 

Estimating optimal shrinkage intensity lambda.var (variance vector): 1 

Estimating optimal shrinkage intensity lambda (correlation matrix): 0.6041 

[1] "Round 26"
Estimating optimal shrinkage intensity lambda.var (variance vector): 0.9213 

Estimating optimal shrinkage intensity lambda (correlation matrix): 0.6938 

Estimating optimal shrinkage intensity lambda.var (variance vector): 0.7396 

Estimating optimal shrinkage intensity lambda (correlation matrix): 0.6555 

[1] "Round 28"
Estimating optimal shrinkage intensity lambda.var (variance vector): 1 

Estimating optimal shrinkage intensity lambda (correlation matrix): 0.6529 

Estimating optimal shrinkage intensity lambda.var (variance vector): 0.9115 

Estimating optimal shrinkage intensity lambda (correlation matrix): 0.6997 

[1] "Round 30"
Estimating optimal shrinkage intensity lambda.var (variance vector): 1 

Estimating optimal shrinkage intensity lambda (correlation matrix): 0.7168 

Estimating optimal shrinkage intensity lambda.var (variance vector): 0.8067 

Estimating optimal shrinkage intensity lambda (correlation matrix): 0.6007 

[1] "Round 32"
Estimating optimal shrinkage intensity lambda.var (variance vector): 0.8735 

Estimating optimal shrinkage intensity lambda (correlation matrix): 0.7753 

Estimating optimal shrinkage intensity lambda.var (variance vector): 0.9211 

Estimating optimal shrinkage intensity lambda (correlation matrix): 0.7868 

[1] "Round 34"
Estimating optimal shrinkage intensity lambda.var (variance vector): 0.9332 

Estimating optimal shrinkage intensity lambda (correlation matrix): 0.7146 

Estimating optimal shrinkage intensity lambda.var (variance vector): 0.9606 

Estimating optimal shrinkage intensity lambda (correlation matrix): 0.7999 

[1] "Round 36"
Estimating optimal shrinkage intensity lambda.var (variance vector): 0.8328 

Estimating optimal shrinkage intensity lambda (correlation matrix): 0.6391 

Estimating optimal shrinkage intensity lambda.var (variance vector): 0.9091 

Estimating optimal shrinkage intensity lambda (correlation matrix): 0.6296 

[1] "Round 38"
Estimating optimal shrinkage intensity lambda.var (variance vector): 0.9293 

Estimating optimal shrinkage intensity lambda (correlation matrix): 0.7395 

Estimating optimal shrinkage intensity lambda.var (variance vector): 0.8129 

Estimating optimal shrinkage intensity lambda (correlation matrix): 0.69 

[1] "Round 40"
Estimating optimal shrinkage intensity lambda.var (variance vector): 0.9999 

Estimating optimal shrinkage intensity lambda (correlation matrix): 0.6855 

Estimating optimal shrinkage intensity lambda.var (variance vector): 0.8284 

Estimating optimal shrinkage intensity lambda (correlation matrix): 0.6963 

[1] "Round 42"
Estimating optimal shrinkage intensity lambda.var (variance vector): 0.972 

Estimating optimal shrinkage intensity lambda (correlation matrix): 0.6097 

Estimating optimal shrinkage intensity lambda.var (variance vector): 0.9624 

Estimating optimal shrinkage intensity lambda (correlation matrix): 0.7205 

[1] "Round 44"
Estimating optimal shrinkage intensity lambda.var (variance vector): 1 

Estimating optimal shrinkage intensity lambda (correlation matrix): 0.6686 

Estimating optimal shrinkage intensity lambda.var (variance vector): 1 

Estimating optimal shrinkage intensity lambda (correlation matrix): 0.5327 

[1] "Round 46"
Estimating optimal shrinkage intensity lambda.var (variance vector): 0.7199 

Estimating optimal shrinkage intensity lambda (correlation matrix): 0.6104 

Estimating optimal shrinkage intensity lambda.var (variance vector): 0.9962 

Estimating optimal shrinkage intensity lambda (correlation matrix): 0.4236 

[1] "Round 48"
Estimating optimal shrinkage intensity lambda.var (variance vector): 0.9076 

Estimating optimal shrinkage intensity lambda (correlation matrix): 0.4997 

Estimating optimal shrinkage intensity lambda.var (variance vector): 0.8163 

Estimating optimal shrinkage intensity lambda (correlation matrix): 0.7058 

[1] "Round 50"
Estimating optimal shrinkage intensity lambda.var (variance vector): 0.826 

Estimating optimal shrinkage intensity lambda (correlation matrix): 0.5509 

Estimating optimal shrinkage intensity lambda.var (variance vector): 0.8708 

Estimating optimal shrinkage intensity lambda (correlation matrix): 0.6811 

[1] "Round 52"
Estimating optimal shrinkage intensity lambda.var (variance vector): 0.9073 

Estimating optimal shrinkage intensity lambda (correlation matrix): 0.5917 

Estimating optimal shrinkage intensity lambda.var (variance vector): 0.8698 

Estimating optimal shrinkage intensity lambda (correlation matrix): 0.6807 

[1] "Round 54"
Estimating optimal shrinkage intensity lambda.var (variance vector): 0.9221 

Estimating optimal shrinkage intensity lambda (correlation matrix): 0.679 

Estimating optimal shrinkage intensity lambda.var (variance vector): 0.9664 

Estimating optimal shrinkage intensity lambda (correlation matrix): 0.7539 

[1] "Round 56"
Estimating optimal shrinkage intensity lambda.var (variance vector): 0.9152 

Estimating optimal shrinkage intensity lambda (correlation matrix): 0.6071 

Estimating optimal shrinkage intensity lambda.var (variance vector): 1 

Estimating optimal shrinkage intensity lambda (correlation matrix): 0.5636 

[1] "Round 58"
Estimating optimal shrinkage intensity lambda.var (variance vector): 1 

Estimating optimal shrinkage intensity lambda (correlation matrix): 0.585 

Estimating optimal shrinkage intensity lambda.var (variance vector): 0.9855 

Estimating optimal shrinkage intensity lambda (correlation matrix): 0.6361 

[1] "Round 60"
Estimating optimal shrinkage intensity lambda.var (variance vector): 1 

Estimating optimal shrinkage intensity lambda (correlation matrix): 0.6585 

Estimating optimal shrinkage intensity lambda.var (variance vector): 0.9591 

Estimating optimal shrinkage intensity lambda (correlation matrix): 0.6717 

[1] "Round 62"
Estimating optimal shrinkage intensity lambda.var (variance vector): 0.864 

Estimating optimal shrinkage intensity lambda (correlation matrix): 0.6203 

Estimating optimal shrinkage intensity lambda.var (variance vector): 1 

Estimating optimal shrinkage intensity lambda (correlation matrix): 0.7297 

[1] "Round 64"
Estimating optimal shrinkage intensity lambda.var (variance vector): 1 

Estimating optimal shrinkage intensity lambda (correlation matrix): 0.7904 

Estimating optimal shrinkage intensity lambda.var (variance vector): 1 

Estimating optimal shrinkage intensity lambda (correlation matrix): 0.6637 

[1] "Round 66"
Estimating optimal shrinkage intensity lambda.var (variance vector): 0.752 

Estimating optimal shrinkage intensity lambda (correlation matrix): 0.7629 

Estimating optimal shrinkage intensity lambda.var (variance vector): 1 

Estimating optimal shrinkage intensity lambda (correlation matrix): 0.7301 

[1] "Round 68"
Estimating optimal shrinkage intensity lambda.var (variance vector): 1 

Estimating optimal shrinkage intensity lambda (correlation matrix): 0.5629 

Estimating optimal shrinkage intensity lambda.var (variance vector): 0.8213 

Estimating optimal shrinkage intensity lambda (correlation matrix): 0.6231 

[1] "Round 70"
Estimating optimal shrinkage intensity lambda.var (variance vector): 0.9558 

Estimating optimal shrinkage intensity lambda (correlation matrix): 0.5871 

Estimating optimal shrinkage intensity lambda.var (variance vector): 0.8621 

Estimating optimal shrinkage intensity lambda (correlation matrix): 0.4795 

[1] "Round 72"
Estimating optimal shrinkage intensity lambda.var (variance vector): 1 

Estimating optimal shrinkage intensity lambda (correlation matrix): 0.6343 

Estimating optimal shrinkage intensity lambda.var (variance vector): 0.9739 

Estimating optimal shrinkage intensity lambda (correlation matrix): 0.6526 

[1] "Round 74"
Estimating optimal shrinkage intensity lambda.var (variance vector): 1 

Estimating optimal shrinkage intensity lambda (correlation matrix): 0.6194 

Estimating optimal shrinkage intensity lambda.var (variance vector): 1 

Estimating optimal shrinkage intensity lambda (correlation matrix): 0.5412 

[1] "Round 76"
Estimating optimal shrinkage intensity lambda.var (variance vector): 0.9643 

Estimating optimal shrinkage intensity lambda (correlation matrix): 0.5763 

Estimating optimal shrinkage intensity lambda.var (variance vector): 1 

Estimating optimal shrinkage intensity lambda (correlation matrix): 0.6544 

[1] "Round 78"
Estimating optimal shrinkage intensity lambda.var (variance vector): 0.8166 

Estimating optimal shrinkage intensity lambda (correlation matrix): 0.6815 

Estimating optimal shrinkage intensity lambda.var (variance vector): 0.8393 

Estimating optimal shrinkage intensity lambda (correlation matrix): 0.6386 

[1] "Round 80"
Estimating optimal shrinkage intensity lambda.var (variance vector): 1 

Estimating optimal shrinkage intensity lambda (correlation matrix): 0.6314 

Estimating optimal shrinkage intensity lambda.var (variance vector): 0.9719 

Estimating optimal shrinkage intensity lambda (correlation matrix): 0.5083 

[1] "Round 82"
Estimating optimal shrinkage intensity lambda.var (variance vector): 0.7777 

Estimating optimal shrinkage intensity lambda (correlation matrix): 0.7168 

Estimating optimal shrinkage intensity lambda.var (variance vector): 0.9526 

Estimating optimal shrinkage intensity lambda (correlation matrix): 0.6346 

[1] "Round 84"
Estimating optimal shrinkage intensity lambda.var (variance vector): 1 

Estimating optimal shrinkage intensity lambda (correlation matrix): 0.5941 

Estimating optimal shrinkage intensity lambda.var (variance vector): 0.9298 

Estimating optimal shrinkage intensity lambda (correlation matrix): 0.5682 

[1] "Round 86"
Estimating optimal shrinkage intensity lambda.var (variance vector): 1 

Estimating optimal shrinkage intensity lambda (correlation matrix): 0.4461 

Estimating optimal shrinkage intensity lambda.var (variance vector): 1 

Estimating optimal shrinkage intensity lambda (correlation matrix): 0.6058 

[1] "Round 88"
Estimating optimal shrinkage intensity lambda.var (variance vector): 1 

Estimating optimal shrinkage intensity lambda (correlation matrix): 0.6141 

Estimating optimal shrinkage intensity lambda.var (variance vector): 0.9273 

Estimating optimal shrinkage intensity lambda (correlation matrix): 0.6231 

[1] "Round 90"
Estimating optimal shrinkage intensity lambda.var (variance vector): 1 

Estimating optimal shrinkage intensity lambda (correlation matrix): 0.5715 

Estimating optimal shrinkage intensity lambda.var (variance vector): 1 

Estimating optimal shrinkage intensity lambda (correlation matrix): 0.4365 

[1] "Round 92"
Estimating optimal shrinkage intensity lambda.var (variance vector): 0.9713 

Estimating optimal shrinkage intensity lambda (correlation matrix): 0.8425 

Estimating optimal shrinkage intensity lambda.var (variance vector): 1 

Estimating optimal shrinkage intensity lambda (correlation matrix): 0.5793 

[1] "Round 94"
Estimating optimal shrinkage intensity lambda.var (variance vector): 0.9269 

Estimating optimal shrinkage intensity lambda (correlation matrix): 0.4614 

Estimating optimal shrinkage intensity lambda.var (variance vector): 1 

Estimating optimal shrinkage intensity lambda (correlation matrix): 0.7666 

[1] "Round 96"
Estimating optimal shrinkage intensity lambda.var (variance vector): 0.9589 

Estimating optimal shrinkage intensity lambda (correlation matrix): 0.7296 

Estimating optimal shrinkage intensity lambda.var (variance vector): 0.9152 

Estimating optimal shrinkage intensity lambda (correlation matrix): 0.617 

[1] "Round 98"
Estimating optimal shrinkage intensity lambda.var (variance vector): 0.9135 

Estimating optimal shrinkage intensity lambda (correlation matrix): 0.7211 

Estimating optimal shrinkage intensity lambda.var (variance vector): 1 

Estimating optimal shrinkage intensity lambda (correlation matrix): 0.7715 

[1] "Round 100"
Estimating optimal shrinkage intensity lambda.var (variance vector): 0.9347 

Estimating optimal shrinkage intensity lambda (correlation matrix): 0.4827 

[1] "data/Debi+lognormal_n100_p100_tau1.9_rho0.5_sigma0.5_Nsim100"
                       lambda       SE       PE     linf         FPR       FNR
bootstrap_mean     0.32553249 147199.8 109494.4 20.84101 0.046063830 0.9183333
bootstrap_mean_std 0.01597609 143339.1 105262.3 10.20968 0.009254578 0.0145055
                          TPR      sum_beta
bootstrap_mean     0.08166667 -1.194400e-16
bootstrap_mean_std 0.01450550  8.361971e-17
Time difference of 7.708142 mins
