ModeL,lambda,SE,PE,linf,FPR,FNR,MSE,selected,sum_beta,p_value
Eric,1.669(0.07),9.018(1.491),9.353(0.554),1.717(0.129),0.094(0.005),0.736(0.01),29.559(0.489),10.25(0.37),-3.12812662604429e-07(2.44230493378203e-07),0.203253101126279
CoDA,0.677(0.087),9.497(0.606),14.256(0.716),1.501(0.06),0.206(0.01),0.564(0.015),33.646(0.665),20.16(0.81),-2.64430927644671e-07(1.51448625355545e-07),0.0839111743549598
CoCo,2.166(0.09),16.293(8.896),13.446(3.137),2.081(0.298),0.067(0.003),0.757(0.012),34.491(2.909),8.2(0.352),-2.95996782264292(0.368736936711815),2.09772214193939e-12
Vani,0.532(0.061),9.032(0.481),15.109(0.825),1.543(0.053),0.207(0.008),0.554(0.014),35.094(0.839),20.35(0.638),-2.19503598481526(0.139604469424015),1.14928604607103e-28

ModeL,lambda,SE,PE,linf,FPR,FNR,MSE,selected,sum_beta,p_value
Eric,1.484(0.049),7.111(1.117),7.813(0.415),1.485(0.112),0.095(0.004),0.753(0.009),28.428(0.434),10.36(0.368),-3.42000202560381e-07(1.76338114445965e-07),0.0552921110172466
